scope,outer_fold,objective,delta,objective_label,learning_rate,candidate,candidate_order,global_candidate_order,native_loss,best_epochs,n,mae,rmse,rae,pearson,spearman,bias,calibration_intercept,calibration_slope
outer_training,0.0,mse,,mse,0.0003,mse_lr0.0003,0,0,0.7963155318420624,21;26;26;21,2675.0,0.638934312078886,0.8599708542724862,0.6893786653218598,0.659030154695143,0.6291816923349136,0.07606632605222899,-0.6431301238836055,1.1298903600557308
outer_training,0.0,mse,,mse,0.001,mse_lr0.001,1,1,0.7821632606960903,15;13;18;17,2675.0,0.6342460390322677,0.8498011447197269,0.6843202495278694,0.664704551208086,0.630841156022516,0.038508634905948816,-0.4314958663183398,1.090797896121727
outer_training,0.0,mse,,mse,0.003,mse_lr0.003,2,2,0.8035635970908904,11;20;11;6,2675.0,0.6366805636254427,0.8556926068514755,0.6869469817020667,0.6621230897220826,0.6281974923703293,0.06849335472606052,-0.5873693549788483,1.1190590969606633
outer_training,0.0,mse,,mse,0.01,mse_lr0.01,3,3,0.8347948145420752,9;6;7;3,2675.0,0.6539933912687212,0.8806981855161028,0.7056266703461745,0.6416649006704525,0.6153687698626066,0.11114049740372418,-0.7230986216931076,1.1390565716380234
outer_training,0.0,mse,,mse,0.03,mse_lr0.03,4,4,0.8157805374626801,11;12;10;5,2675.0,0.6381432478539298,0.860650664617544,0.6885251459705358,0.6583049359669281,0.6246570403901133,0.08145706905828458,-0.6094728957346722,1.1207969604160486
outer_training,0.0,mae,,mae,0.0003,mae_lr0.0003,0,5,0.6640067214832127,23;30;29;28,2675.0,0.6340703621801929,0.8675339806959347,0.6841307028537876,0.6521243619892638,0.622978919201711,0.11695743808568082,-0.3051180217333065,1.042699697165172
outer_training,0.0,mae,,mae,0.001,mae_lr0.001,1,6,0.6667769824233011,22;9;12;16,2675.0,0.6393006571653848,0.8715433879479016,0.6897739336334895,0.6471388321386998,0.6161295569528307,0.11457248757264327,-0.18215014169962707,1.0153438508585624
outer_training,0.0,mae,,mae,0.003,mae_lr0.003,2,7,0.6612268923376208,12;8;19;10,2675.0,0.63314919867471,0.8661374063875764,0.6831368127841078,0.6559990737041479,0.6244211779529428,0.1272256826062069,-0.4454527605780154,1.0720480881011971
outer_training,0.0,mae,,mae,0.01,mae_lr0.01,3,8,0.6712788291066607,7;9;7;10,2675.0,0.6467896649155661,0.8828680912778736,0.6978542042807289,0.6390211095834406,0.6113719209477974,0.13739364506373897,-0.3212672481017661,1.041534222671764
outer_training,0.0,mae,,mae,0.03,mae_lr0.03,4,9,0.6882584998540789,8;9;4;5,2675.0,0.6581151680527446,0.9004500371994965,0.7100738645638076,0.6209644329709929,0.591984491018761,0.1477948810719998,-0.16432264951202988,1.0037246181143034
outer_training,0.0,huber,0.25,huber_0.25,0.0003,huber_0.25_lr0.0003,0,10,0.13790097410990812,26;30;29;28,2675.0,0.6353463004459845,0.8721145133117956,0.685507377422794,0.6493673612455217,0.621882558793111,0.13209583280688136,-0.2715812705974405,1.0315453680997992
outer_training,0.0,huber,0.25,huber_0.25,0.001,huber_0.25_lr0.001,1,11,0.1383005764551252,8;13;24;19,2675.0,0.6381631186084212,0.8687964975726847,0.6885465855363118,0.6469671628242163,0.615810699836218,0.08998534272095868,-0.14626134942076494,1.012849488221002
outer_training,0.0,huber,0.25,huber_0.25,0.003,huber_0.25_lr0.003,2,12,0.13961276675496145,9;13;11;10,2675.0,0.6413358607425869,0.8808196839317242,0.6919698180916976,0.6434979133477283,0.6184686956416307,0.14639333090381088,-0.43929696631228726,1.066028204180348
outer_training,0.0,huber,0.25,huber_0.25,0.01,huber_0.25_lr0.01,3,13,0.13851579203226855,8;8;10;10,2675.0,0.6411917643573798,0.8755220030682874,0.6918143451865274,0.6452538622778967,0.6162198350716596,0.12222379183546407,-0.41972949204535787,1.0674330365884148
outer_training,0.0,huber,0.25,huber_0.25,0.03,huber_0.25_lr0.03,4,14,0.14058472494098628,18;10;4;9,2675.0,0.6402387076297653,0.8806298874737859,0.6907860439004044,0.6452442436276223,0.6089527759495311,0.15667093435626164,-0.4036766759850664,1.0555529011125828
outer_training,0.0,huber,0.5,huber_0.5,0.0003,huber_0.5_lr0.0003,0,15,0.22937784505781728,26;30;29;28,2675.0,0.6337295053392927,0.8671146607286261,0.6837629351042658,0.6532468676348074,0.6247996136822287,0.12075179517157726,-0.334232150114101,1.0484038900903045
outer_training,0.0,huber,0.5,huber_0.5,0.001,huber_0.5_lr0.001,1,16,0.23053984311139472,8;13;21;19,2675.0,0.6384735236978977,0.8702441514971198,0.6888814973453146,0.6482888112557154,0.616178424766895,0.10942958464577936,-0.2993951440753638,1.0431830744916955
outer_training,0.0,huber,0.5,huber_0.5,0.003,huber_0.5_lr0.003,2,17,0.22633136924739197,12;13;11;25,2675.0,0.6302900178962779,0.8603126154159544,0.68005189749362,0.6592602741770464,0.6293639920820203,0.11531239267153162,-0.2927782868383808,1.0402877676206164
outer_training,0.0,huber,0.5,huber_0.5,0.01,huber_0.5_lr0.01,3,18,0.22991472570138557,11;16;10;9,2675.0,0.6351017632707258,0.8669012014467431,0.6852435338502787,0.6607144710648851,0.6265507498217294,0.14775949708100788,-0.666728613168042,1.1169533074624456
outer_training,0.0,huber,0.5,huber_0.5,0.03,huber_0.5_lr0.03,4,19,0.23260398703200794,18;8;7;6,2675.0,0.6413012981486098,0.8767725997949399,0.6919325267544575,0.6454911305139338,0.6091861254926572,0.13730603064777697,-0.31584252149621783,1.0403294491549804
outer_training,0.0,huber,1.0,huber_1,0.0003,huber_1_lr0.0003,0,20,0.3321640739708303,18;27;29;28,2675.0,0.6372992109601743,0.8682392273172311,0.6876144717176438,0.6525743379268357,0.6246902183342298,0.11623990172983331,-0.4725409158075652,1.0808693448334667
outer_training,0.0,huber,1.0,huber_1,0.001,huber_1_lr0.001,1,21,0.3258026515991888,9;19;21;25,2675.0,0.6308001747523513,0.8594850758809736,0.6806023316241652,0.6610416635947985,0.6266969179413162,0.11523384876785991,-0.42703699722755806,1.0707858647395416
outer_training,0.0,huber,1.0,huber_1,0.003,huber_1_lr0.003,2,22,0.3290352403671942,15;9;14;11,2675.0,0.6314775716193369,0.8574983115958699,0.6813332094925588,0.6605426432931941,0.6270257519481977,0.09619237300837154,-0.3908066634462449,1.0671740137169536
outer_training,0.0,huber,1.0,huber_1,0.01,huber_1_lr0.01,3,23,0.33526527317884924,8;6;7;14,2675.0,0.6422193378412834,0.8785618446669637,0.6929230463839147,0.6434063190797301,0.617041012444924,0.13715483253692914,-0.28229591537501103,1.0327869099405826
outer_training,0.0,huber,1.0,huber_1,0.03,huber_1_lr0.03,4,24,0.34050207071215194,5;8;10;9,2675.0,0.6397215731861435,0.8664857316190839,0.6902280812964303,0.6480647552200158,0.6116750170374239,0.07464272720123007,-0.20111567481226375,1.028979059030698
outer_training,0.0,huber,2.0,huber_2,0.0003,huber_2_lr0.0003,0,25,0.3936322795899115,19;26;26;27,2675.0,0.6409184622720023,0.8637335127186806,0.6915194656922111,0.655959453169218,0.6242812625928483,0.08691735337159344,-0.6376383186391135,1.125834145258678
outer_training,0.0,huber,2.0,huber_2,0.001,huber_2_lr0.001,1,26,0.38135161024387754,24;13;18;17,2675.0,0.6329064739762066,0.8515240535975205,0.6828749247847757,0.6676636109943159,0.6324012039367535,0.08387535494510259,-0.5997782297218736,1.1179605556722678
outer_training,0.0,huber,2.0,huber_2,0.003,huber_2_lr0.003,2,27,0.3939843465680274,10;10;16;6,2675.0,0.6397726538934441,0.8619530123858891,0.6902831948646905,0.6581417838542076,0.6234496104194489,0.08807320958431637,-0.6549290035974566,1.1294865921073736
outer_training,0.0,huber,2.0,huber_2,0.01,huber_2_lr0.01,3,28,0.3904106082426053,8;8;10;14,2675.0,0.6374889662412839,0.866507247090764,0.6878192083235142,0.6551274771881189,0.6214210793067723,0.11557239593078042,-0.5531000331905602,1.0993203312933766
outer_training,0.0,huber,2.0,huber_2,0.03,huber_2_lr0.03,4,29,0.40889546111365344,8;6;10;9,2675.0,0.6464260936844015,0.881893668096816,0.6974619288224362,0.6421152169103057,0.6066994839694595,0.14394563111635014,-0.4612039383659363,1.071557873443354
outer_training,1.0,mse,,mse,0.0003,mse_lr0.0003,0,0,0.8047867181367964,26;24;16;20,2675.0,0.6478030704450183,0.8657518346712552,0.6888858280550322,0.6623556944037305,0.6289965102923533,0.06294531870458513,-0.6933240530376646,1.1453388520204275
outer_training,1.0,mse,,mse,0.001,mse_lr0.001,1,1,0.7708799318732502,26;12;14;26,2675.0,0.6314791438402215,0.8456456660985495,0.6715266610345211,0.6814437380732886,0.6464303495551705,0.07166034176318228,-0.6072563297096122,1.1232383078419104
outer_training,1.0,mse,,mse,0.003,mse_lr0.003,2,2,0.8118128758278963,11;11;4;12,2675.0,0.6499046648850864,0.8680554968572111,0.6911207026521649,0.6567985955330444,0.618719419603034,0.06954952502152414,-0.39631831660768263,1.0752246138473531
outer_training,1.0,mse,,mse,0.01,mse_lr0.01,3,3,0.8245105856601322,9;12;3;4,2675.0,0.6569250885745987,0.8809772256619594,0.6985863517163544,0.6437987533023989,0.6102290636790006,0.06124696868949745,-0.48319842536371327,1.0973223868004638
outer_training,1.0,mse,,mse,0.03,mse_lr0.03,4,4,0.8356562084795158,5;6;11;10,2675.0,0.6584642742108875,0.8788620896894227,0.7002231503361213,0.6429948987899499,0.5986263000475931,0.02916628564976985,-0.3145909622139202,1.06632346774408
outer_training,1.0,mae,,mae,0.0003,mae_lr0.0003,0,5,0.674102022113087,27;20;16;22,2675.0,0.6486614706258707,0.886045633836676,0.6897986667653871,0.6465507539034084,0.6126637257442701,0.14307147314962723,-0.3572748646034389,1.0484905025342897
outer_training,1.0,mae,,mae,0.001,mae_lr0.001,1,6,0.6664042054604147,25;11;14;11,2675.0,0.6363588239639518,0.8702609394369313,0.676715803593494,0.6585149780920906,0.622662894331011,0.11973776366456433,-0.16725860327213987,1.0108147019336473
outer_training,1.0,mae,,mae,0.003,mae_lr0.003,2,7,0.6572402883467273,17;20;14;22,2675.0,0.6244945857882298,0.8511112682065854,0.664099152156029,0.6740464630722758,0.6391013601606352,0.09244377852947697,-0.12971407797167459,1.0085349183332362
outer_training,1.0,mae,,mae,0.01,mae_lr0.01,3,8,0.6737206876834977,14;14;11;11,2675.0,0.6353478429015351,0.8591331298197731,0.6756407075371378,0.6626017595427938,0.6243166463590397,0.04558135553288468,0.025850541261548954,0.983464607873819
outer_training,1.0,mae,,mae,0.03,mae_lr0.03,4,9,0.6691084892504683,10;15;14;13,2675.0,0.6360084453891169,0.8690711081450493,0.676343204503323,0.6601242096820444,0.6291050356429653,0.12288917776927553,-0.145250189409343,1.0050852292393704
outer_training,1.0,huber,0.25,huber_0.25,0.0003,huber_0.25_lr0.0003,0,10,0.13878341352271142,24;26;29;22,2675.0,0.6410449798464574,0.8743797467808118,0.681699148876648,0.6523429189161202,0.6205106849709731,0.10293943310799786,-0.21990957972447353,1.026721998989389
outer_training,1.0,huber,0.25,huber_0.25,0.001,huber_0.25_lr0.001,1,11,0.1367010195734345,23;15;22;16,2675.0,0.634147458932647,0.8641202660576758,0.6743641969089567,0.663693938142684,0.630121307663741,0.1064358964736418,-0.33375863436096626,1.0518907590083009
outer_training,1.0,huber,0.25,huber_0.25,0.003,huber_0.25_lr0.003,2,12,0.136191109619408,18;21;10;18,2675.0,0.6306975607814989,0.8589948277373288,0.6706955110799028,0.6657560818379773,0.6345836504098311,0.08485982862935787,0.011678495606611067,0.9778542113412818
outer_training,1.0,huber,0.25,huber_0.25,0.01,huber_0.25_lr0.01,3,13,0.13842635462217243,8;13;16;5,2675.0,0.6404152834621344,0.8770960279717221,0.6810295180352264,0.6544698182677751,0.6229996352110223,0.13455552479164407,-0.3549077004941442,1.0499787890076229
outer_training,1.0,huber,0.25,huber_0.25,0.03,huber_0.25_lr0.03,4,14,0.13961568303197344,11;12;16;9,2675.0,0.6393569839785945,0.8682132222932424,0.6799041026901775,0.6553272673804146,0.6235518327279196,0.07144960915164197,0.017017090208764078,0.9796432100921805
outer_training,1.0,huber,0.5,huber_0.5,0.0003,huber_0.5_lr0.0003,0,15,0.23133234657416835,28;26;29;22,2675.0,0.639006990752356,0.8687171135246261,0.6795319133868676,0.6551411178118439,0.6239807055676369,0.07628738362445794,-0.1300064336556566,1.012347374037808
outer_training,1.0,huber,0.5,huber_0.5,0.001,huber_0.5_lr0.001,1,16,0.22874134083774603,18;13;22;16,2675.0,0.6360083752450341,0.8691034134792536,0.6763431299108013,0.6587752791464156,0.6262334483411867,0.11014367784642513,-0.27030581662924597,1.0365291515896329
outer_training,1.0,huber,0.5,huber_0.5,0.003,huber_0.5_lr0.003,2,17,0.22911708260808036,12;13;10;11,2675.0,0.6381608860965999,0.8694729642334187,0.6786321499664791,0.6587149513786434,0.6269698527480606,0.11101770796855819,-0.30801705641155913,1.0449218827249658
outer_training,1.0,huber,0.5,huber_0.5,0.01,huber_0.5_lr0.01,3,18,0.22468573586405996,10;13;14;22,2675.0,0.6291617629956775,0.8598425809456641,0.6690623151633045,0.6688373573628537,0.6339082228420464,0.11791922626441668,-0.24245306365345176,1.0283529070206148
outer_training,1.0,huber,0.5,huber_0.5,0.03,huber_0.5_lr0.03,4,19,0.23035005459718616,10;13;14;13,2675.0,0.6379699374890572,0.8704730230259313,0.6784290916673996,0.6629503929447483,0.6282565442452528,0.14112594839915835,-0.4552828243104983,1.0711489058804362
outer_training,1.0,huber,1.0,huber_1,0.0003,huber_1_lr0.0003,0,20,0.3362227477202906,26;26;16;16,2675.0,0.6489697206431259,0.8782852713856186,0.6901264655642397,0.6509734535054406,0.6160637012376259,0.10550232151191712,-0.5304166138683822,1.097015481858135
outer_training,1.0,huber,1.0,huber_1,0.001,huber_1_lr0.001,1,21,0.32904968875590884,10;12;12;28,2675.0,0.6397617154616975,0.863197143602239,0.6803345016734453,0.6620500447105109,0.6248324587987776,0.07791308896911261,-0.3656366149432949,1.0661088194522126
outer_training,1.0,huber,1.0,huber_1,0.003,huber_1_lr0.003,2,22,0.3329276226168481,12;14;10;7,2675.0,0.637893952038669,0.8584524272159675,0.678348287326854,0.6658524223042911,0.6313814575949864,0.06391735196460972,-0.377999046108627,1.0723978180706095
outer_training,1.0,huber,1.0,huber_1,0.01,huber_1_lr0.01,3,23,0.33294252486986536,10;13;5;9,2675.0,0.6394280530899283,0.8633136161058858,0.6799796789043758,0.658726645992931,0.626834831301681,0.05102171037032011,0.01115686368968761,0.9856247142761303
outer_training,1.0,huber,1.0,huber_1,0.03,huber_1_lr0.03,4,24,0.3335377219570017,5;13;10;13,2675.0,0.6391009560581479,0.8652698473473058,0.6796318378399029,0.6601986402754605,0.6203820917251993,0.08817678071975493,-0.26604624003578137,1.0407720406769356
outer_training,1.0,huber,2.0,huber_2,0.0003,huber_2_lr0.0003,0,25,0.39312322026101226,26;30;29;16,2675.0,0.6436366685837027,0.8625005273718153,0.6844551988604675,0.663332169626818,0.6298532446697385,0.05006372999155419,-0.5766690936512271,1.1217747378440333
outer_training,1.0,huber,2.0,huber_2,0.001,huber_2_lr0.001,1,26,0.3959293112465154,19;12;14;8,2675.0,0.6429800112346421,0.8685545882513652,0.6837568972279277,0.6622530780118181,0.6284639540708139,0.10545608114206688,-0.639290880230714,1.121885255400882
outer_training,1.0,huber,2.0,huber_2,0.003,huber_2_lr0.003,2,27,0.38720251807542605,12;12;5;13,2675.0,0.64738051487094,0.8568567500291412,0.6884364746020634,0.6647573413489359,0.6289702527399009,-0.007730054996706538,-0.26048466807538645,1.062863391249477
outer_training,1.0,huber,2.0,huber_2,0.01,huber_2_lr0.01,3,28,0.40000490800242555,10;12;14;3,2675.0,0.646853750170594,0.8742469590596069,0.6878763032269282,0.6530659537695293,0.6199766835009229,0.09701089657703076,-0.4147917702821741,1.072695957868238
outer_training,1.0,huber,2.0,huber_2,0.03,huber_2_lr0.03,4,29,0.41534592655217534,2;13;5;13,2675.0,0.6588005839825589,0.8741742672923518,0.7005807883994631,0.6501523805221481,0.6135215469254771,0.026515246098418176,-0.5336728035733241,1.1179196615652838
outer_training,2.0,mse,,mse,0.0003,mse_lr0.0003,0,0,0.8163568308643091,24;13;22;28,2675.0,0.6535029299679002,0.8723599224151521,0.7010153423661272,0.6490112213495437,0.6202274489832813,0.05717862584247552,-0.5547135191292166,1.1148141626783048
outer_training,2.0,mse,,mse,0.001,mse_lr0.001,1,1,0.8008348823707795,13;12;16;14,2675.0,0.6400907713298284,0.8583388169076528,0.6866280633680077,0.6649189741419023,0.6352373693416494,0.06947664956547174,-0.6145850321830009,1.1254365243170084
outer_training,2.0,mse,,mse,0.003,mse_lr0.003,2,2,0.8032341837437353,9;11;16;10,2675.0,0.6378007110797155,0.8581880595026483,0.6841715061030681,0.6662035429828292,0.6387801200485502,0.08537490604560852,-0.6095119634766939,1.1201711163330819
outer_training,2.0,mse,,mse,0.01,mse_lr0.01,3,3,0.8108351380357118,13;12;8;10,2675.0,0.6423446737223495,0.8581673970260012,0.6890458339469868,0.6620521437371677,0.6325949004554147,0.0564355399277924,-0.42732719330053304,1.0856038815552058
outer_training,2.0,mse,,mse,0.03,mse_lr0.03,4,4,0.8168450439087699,12;2;19;15,2675.0,0.649920082725634,0.8678963999964576,0.6971720070557467,0.6517350652503527,0.621920125233635,0.05394653757522938,-0.39856242408371995,1.0795850062985106
outer_training,2.0,mae,,mae,0.0003,mae_lr0.0003,0,5,0.6732790002644619,24;26;28;24,2675.0,0.6442380446662211,0.8799268702286581,0.6910768609241872,0.6449894242570672,0.6176298114158036,0.12224309164153979,-0.2775588898338476,1.0353114240698638
outer_training,2.0,mae,,mae,0.001,mae_lr0.001,1,6,0.6686712168978753,9;16;24;18,2675.0,0.6372281527034389,0.8777588532357521,0.6835573203239932,0.6507575772802728,0.6221878150948452,0.14583457234230895,-0.23260200709644935,1.0196215453618538
outer_training,2.0,mae,,mae,0.003,mae_lr0.003,2,7,0.6632384963570355,8;15;19;15,2675.0,0.6349851230181065,0.8647460462578637,0.6811512129437586,0.6554735695309324,0.6313738457971539,0.08155387361954092,-0.011579413193414675,0.983942592669662
outer_training,2.0,mae,,mae,0.01,mae_lr0.01,3,8,0.669215482595925,9;10;7;18,2675.0,0.6395931621503406,0.8710917479435472,0.6860942759076512,0.6523483221331089,0.6256199844995198,0.11062424553255953,-0.20920037759325905,1.0224708815934347
outer_training,2.0,mae,,mae,0.03,mae_lr0.03,4,9,0.6802630290361208,13;13;9;15,2675.0,0.6425119191629662,0.8764266657678518,0.6892252388347643,0.6484527490414591,0.6215449807864688,0.11949316346123741,-0.312415071276559,1.0438887038022184
outer_training,2.0,huber,0.25,huber_0.25,0.0003,huber_0.25_lr0.0003,0,10,0.13973578898149117,30;26;23;26,2675.0,0.6453249876099011,0.8812838861689827,0.6922428291928124,0.6449568657075874,0.6177421642008676,0.1306914826913616,-0.3101337189935858,1.0407184179916704
outer_training,2.0,huber,0.25,huber_0.25,0.001,huber_0.25_lr0.001,1,11,0.13987040991538038,16;11;13;17,2675.0,0.646154456067845,0.8760758099960934,0.6931326034973532,0.6459148435707847,0.6166900312654168,0.09606268696062817,-0.3055996195141658,1.0479239828064464
outer_training,2.0,huber,0.25,huber_0.25,0.003,huber_0.25_lr0.003,2,12,0.13893793247570502,13;18;11;10,2675.0,0.6411064700782655,0.8724071662947519,0.6877176076886605,0.6526535181715637,0.6272151391906983,0.11815177347539525,-0.3469864525329784,1.0520745585046445
outer_training,2.0,huber,0.25,huber_0.25,0.01,huber_0.25_lr0.01,3,13,0.1374430657157274,8;13;28;18,2675.0,0.6324802407296817,0.861939651262241,0.6784642151745318,0.6615484752707246,0.6329930252636078,0.1093899816935509,-0.22610966341704364,1.0266142750746674
outer_training,2.0,huber,0.25,huber_0.25,0.03,huber_0.25_lr0.03,4,14,0.13878259787492664,15;13;8;10,2675.0,0.6417399757301495,0.8750039476324596,0.6883971718666945,0.6497758958274752,0.6210498150162814,0.12025805313377522,-0.26021712976387273,1.0318344030844837
outer_training,2.0,huber,0.5,huber_0.5,0.0003,huber_0.5_lr0.0003,0,15,0.23227337866743034,30;26;29;26,2675.0,0.640620541298592,0.8748643477964381,0.6871963498423261,0.6511429990367347,0.6246144527092599,0.12609595201206883,-0.336896505970067,1.047884073699881
outer_training,2.0,huber,0.5,huber_0.5,0.001,huber_0.5_lr0.001,1,16,0.23010558958365537,13;15;24;17,2675.0,0.6366709104543333,0.8694852171516574,0.6829595642189719,0.6564062877357295,0.6272676915642759,0.12263487718296727,-0.3685306180606111,1.0559000149057336
outer_training,2.0,huber,0.5,huber_0.5,0.003,huber_0.5_lr0.003,2,17,0.23460599536093596,13;13;9;10,2675.0,0.6406225799155926,0.8717425315309031,0.6871985366753594,0.6509253659445059,0.6254761971600891,0.10385182122684869,-0.23195196107092997,1.029246165012113
outer_training,2.0,huber,0.5,huber_0.5,0.01,huber_0.5_lr0.01,3,18,0.2256043955934382,15;13;24;18,2675.0,0.6294141490888171,0.8559174242921376,0.6751752057718468,0.6668746986640172,0.6386823684450196,0.10122637000520439,-0.2860707524112113,1.042226586623958
outer_training,2.0,huber,0.5,huber_0.5,0.03,huber_0.5_lr0.03,4,19,0.23624703954870455,9;13;8;13,2675.0,0.6416441947354133,0.8719588359457104,0.6882944271906752,0.6501206780130911,0.623356661599028,0.10098048478010443,-0.05976174747159882,0.9905832986026334
outer_training,2.0,huber,1.0,huber_1,0.0003,huber_1_lr0.0003,0,20,0.33362635430888593,30;28;30;23,2675.0,0.6379710838341066,0.8680934962982002,0.6843542656734886,0.6583982997473922,0.6313555607448151,0.12128532053635284,-0.4601347125770045,1.0770550113903554
outer_training,2.0,huber,1.0,huber_1,0.001,huber_1_lr0.001,1,21,0.3275381732655463,17;12;22;18,2675.0,0.6344464160657173,0.858256093224819,0.6805733397295058,0.6647488190812441,0.634750971557716,0.08534998430750979,-0.4955112122412819,1.0940399339756612
outer_training,2.0,huber,1.0,huber_1,0.003,huber_1_lr0.003,2,22,0.3300868661827016,9;11;12;18,2675.0,0.637176875168455,0.8627552201530517,0.6835023146964833,0.6601514768255986,0.6332507732412365,0.09251784574686708,-0.4227644311865507,1.0755932306893494
outer_training,2.0,huber,1.0,huber_1,0.01,huber_1_lr0.01,3,23,0.3295982625774134,6;13;18;9,2675.0,0.6377435084963312,0.8654382601956615,0.6841101446512116,0.6589451639592073,0.6311141019316483,0.10832124327311793,-0.3998142743854222,1.0664820756353353
outer_training,2.0,huber,1.0,huber_1,0.03,huber_1_lr0.03,4,24,0.33247152052193046,10;13;10;15,2675.0,0.637431456127882,0.866404860928406,0.6837754047627227,0.6599543704056023,0.6316896511078776,0.11559026264065679,-0.5169647078297784,1.0913916885772335
outer_training,2.0,huber,2.0,huber_2,0.0003,huber_2_lr0.0003,0,25,0.39293383476890137,28;30;30;26,2675.0,0.6405489345252869,0.8584436179068894,0.6871195369553408,0.6629463228550749,0.6352233674597637,0.05807982739368117,-0.5233553800853099,1.1073474773304182
outer_training,2.0,huber,2.0,huber_2,0.001,huber_2_lr0.001,1,26,0.4011476050247656,13;12;16;10,2675.0,0.647355755856418,0.8719004472447066,0.6944212428346125,0.6549434904299839,0.6292012119692153,0.10551659103232908,-0.6669202467785095,1.1281237153207888
outer_training,2.0,huber,2.0,huber_2,0.003,huber_2_lr0.003,2,27,0.3892282546012201,10;12;13;15,2675.0,0.6408486614749609,0.8599353947963236,0.6874410553152543,0.6597527874009566,0.6309545158927191,0.061580240040536326,-0.33750776405665267,1.0636100936304067
outer_training,2.0,huber,2.0,huber_2,0.01,huber_2_lr0.01,3,28,0.3965165326862692,11;9;10;15,2675.0,0.6485248596321556,0.8632869840972015,0.6956753453734494,0.6589283415153427,0.6322257594887675,0.05231334909581477,-0.6139758418590148,1.1297583205330581
outer_training,2.0,huber,2.0,huber_2,0.03,huber_2_lr0.03,4,29,0.40103217782261213,6;11;11;15,2675.0,0.6483885229722159,0.8684625065200332,0.6955290964647426,0.6500145171556506,0.6244068114611667,0.05044557295594045,-0.2838009802118003,1.053934306838201
outer_training,3.0,mse,,mse,0.0003,mse_lr0.0003,0,0,0.8069432256154925,29;16;22;29,2675.0,0.6494359357482717,0.8651166887314394,0.6975778709119093,0.6565514891130304,0.625254666580399,0.05436033866151257,-0.5763432607882913,1.1200929589970168
outer_training,3.0,mse,,mse,0.001,mse_lr0.001,1,1,0.7922723825401234,18;14;15;14,2675.0,0.6390455005276782,0.8569588982608666,0.6864172047398432,0.6699842918979596,0.6373088030149147,0.09783281569204383,-0.7173882015162911,1.1411299752198485
outer_training,3.0,mse,,mse,0.003,mse_lr0.003,2,2,0.8159266541828619,11;4;19;4,2675.0,0.6573421687817818,0.8701846872466265,0.7060701838605218,0.6489533420820248,0.6193452331370787,0.032669745851140235,-0.44984472818022064,1.0964611029051785
outer_training,3.0,mse,,mse,0.01,mse_lr0.01,3,3,0.845234337588337,14;3;8;4,2675.0,0.6659207392172077,0.8841116189746273,0.7152846738054265,0.6358533321681785,0.6048392407701109,0.057553897060320845,-0.5043918793305363,1.1027288331659266
outer_training,3.0,mse,,mse,0.03,mse_lr0.03,4,4,0.8023256842666697,10;11;19;7,2675.0,0.6440035842276979,0.8608931895746456,0.6917428254529591,0.6612438018169681,0.6307704795195341,0.07972568879653147,-0.46794803757268055,1.0888003515472666
outer_training,3.0,mae,,mae,0.0003,mae_lr0.0003,0,5,0.6769500303491254,23;24;23;24,2675.0,0.6501512210512629,0.8868505576800769,0.6983461794875353,0.6401711743268349,0.6117279604345198,0.13592568230441582,-0.37545779735213336,1.0540941930206442
outer_training,3.0,mae,,mae,0.001,mae_lr0.001,1,6,0.6756560945288043,12;8;24;8,2675.0,0.6495582429855582,0.8807130906944883,0.6977092446433075,0.6426124179894517,0.6116446976501143,0.10618807046248319,-0.3783348433904053,1.0618751872797219
outer_training,3.0,mae,,mae,0.003,mae_lr0.003,2,7,0.6731545282969965,15;8;23;13,2675.0,0.6383469340909106,0.8637504077349373,0.6856668543806667,0.6562943660593739,0.6274429177368943,0.08110773275981224,-0.10202416967588569,1.0047828260790554
outer_training,3.0,mae,,mae,0.01,mae_lr0.01,3,8,0.6934911778708485,7;8;5;6,2675.0,0.6555184632012575,0.8912040892881123,0.7041112890935322,0.6326742086995285,0.610511371875285,0.12320464296911149,-0.16410530796290407,1.0092633210200674
outer_training,3.0,mae,,mae,0.03,mae_lr0.03,4,9,0.6881080583322828,4;14;7;13,2675.0,0.6551565284431337,0.8922437425330498,0.7037225245301882,0.6309749813554495,0.605092471116199,0.11736204791327288,0.01744432409503154,0.9694281424362873
outer_training,3.0,huber,0.25,huber_0.25,0.0003,huber_0.25_lr0.0003,0,10,0.14102959349333682,29;26;22;28,2675.0,0.6494425870579893,0.8858562008226274,0.6975850152755272,0.6409932361056314,0.6143677983095087,0.13543856453708183,-0.3499331165826838,1.0484452209727362
outer_training,3.0,huber,0.25,huber_0.25,0.001,huber_0.25_lr0.001,1,11,0.13892555925890665,24;8;24;15,2675.0,0.6407013147323843,0.873296217456461,0.6881957625374092,0.6514136919673488,0.6219620524871042,0.12078531793380237,-0.22491178520181437,1.0235958437160466
outer_training,3.0,huber,0.25,huber_0.25,0.003,huber_0.25_lr0.003,2,12,0.13822232691484077,11;8;28;18,2675.0,0.6373413410316916,0.8684243745067702,0.6845867178704419,0.654836885715194,0.6258317831627982,0.11012596016767769,-0.16259767104281894,1.0119192767904637
outer_training,3.0,huber,0.25,huber_0.25,0.01,huber_0.25_lr0.01,3,13,0.14197736679950607,10;4;28;7,2675.0,0.6488933938735912,0.8836050068680743,0.6969951110352416,0.6373596259370167,0.6075602781349996,0.09703953121345518,-0.05502753334410958,0.9904282587644622
outer_training,3.0,huber,0.25,huber_0.25,0.03,huber_0.25_lr0.03,4,14,0.14605587809999412,4;4;8;6,2675.0,0.6676279317433388,0.9037003769804016,0.7171184185399908,0.6141491137666945,0.5817608049695234,0.08677398728468493,-0.01925572610937265,0.9845810146247143
outer_training,3.0,huber,0.5,huber_0.5,0.0003,huber_0.5_lr0.0003,0,15,0.23576672559586642,23;26;29;28,2675.0,0.6471247376260155,0.878274087334652,0.6950953463446146,0.6443745317717648,0.6164976057680226,0.10285994023955657,-0.3178162536254789,1.0489093949257131
outer_training,3.0,huber,0.5,huber_0.5,0.001,huber_0.5_lr0.001,1,16,0.23056297101707102,24;12;24;18,2675.0,0.6370219717351989,0.8663193332356193,0.6842436740971937,0.6596781580926512,0.6304082084323183,0.11997259819654446,-0.42930473653965845,1.070109910270804
outer_training,3.0,huber,0.5,huber_0.5,0.003,huber_0.5_lr0.003,2,17,0.23605653098253446,11;10;9;5,2675.0,0.6512758910692541,0.8824000215716976,0.6995542199938322,0.6410290316723088,0.6105213927829566,0.10544985621924498,-0.41523510429936783,1.0704444801527488
outer_training,3.0,huber,0.5,huber_0.5,0.01,huber_0.5_lr0.01,3,18,0.23855885334661073,7;14;8;6,2675.0,0.6541011786225599,0.8788695777206273,0.7025889428474085,0.6386079507172576,0.6123387439067085,0.0564529165155621,-0.06486364124506322,1.0019341298785116
outer_training,3.0,huber,0.5,huber_0.5,0.03,huber_0.5_lr0.03,4,19,0.25194398227139053,7;14;8;10,2675.0,0.6516112367421466,0.8860718245912163,0.6999144244537938,0.6370117438250554,0.6007340614653615,0.10994197954676761,-0.32742903677831003,1.0494056079474967
outer_training,3.0,huber,1.0,huber_1,0.0003,huber_1_lr0.0003,0,20,0.33966797380803904,29;18;22;21,2675.0,0.6510575401079788,0.880259146942462,0.6993196829282131,0.6442678475686303,0.6159851477532037,0.1098418287699669,-0.4646528493620965,1.0806027412625936
outer_training,3.0,huber,1.0,huber_1,0.001,huber_1_lr0.001,1,21,0.3310906002120437,14;14;22;23,2675.0,0.6379148897390298,0.8663095101217564,0.6852027830804279,0.6616197732126012,0.6322330155127353,0.12755018949544103,-0.5247416962047773,1.0898688282095705
outer_training,3.0,huber,1.0,huber_1,0.003,huber_1_lr0.003,2,22,0.3351329491851486,14;9;12;7,2675.0,0.644214719507273,0.8706114242356514,0.691969611946735,0.6498778694028243,0.6263842562180787,0.08459859395731062,-0.2131992676316029,1.0293828283111117
outer_training,3.0,huber,1.0,huber_1,0.01,huber_1_lr0.01,3,23,0.3380816107041368,8;5;18;7,2675.0,0.6471162801498362,0.868426192598139,0.695086261925503,0.6479941174072609,0.6221378826084831,0.023671822080342648,0.02382770907140814,0.9889940433316734
outer_training,3.0,huber,1.0,huber_1,0.03,huber_1_lr0.03,4,24,0.3391995847782242,10;5;13;7,2675.0,0.6500636176694018,0.8810245631566315,0.6982520821682471,0.6452015419759582,0.6155125791017807,0.12107531433943061,-0.4961473866608939,1.0849885786078548
outer_training,3.0,huber,2.0,huber_2,0.0003,huber_2_lr0.0003,0,25,0.4049029701558229,29;17;22;21,2675.0,0.6559808446960828,0.8769079926937271,0.7046079463940519,0.6465768156590065,0.6158338758412094,0.0756773436407264,-0.6494410731424215,1.1313619500283505
outer_training,3.0,huber,2.0,huber_2,0.001,huber_2_lr0.001,1,26,0.38670980765440754,21;14;22;15,2675.0,0.638863390887432,0.8558184715937839,0.6862215955224858,0.6696756796740764,0.6388447476215527,0.09465233234637037,-0.6364794643574082,1.1235135581910407
outer_training,3.0,huber,2.0,huber_2,0.003,huber_2_lr0.003,2,27,0.3987342005912389,11;5;13;4,2675.0,0.656932295404062,0.8682600399663246,0.7056299270431287,0.6491413518764928,0.619622343928122,0.009453748565208213,-0.2994196561632112,1.067409099597032
outer_training,3.0,huber,2.0,huber_2,0.01,huber_2_lr0.01,3,28,0.3945294804105135,10;14;16;7,2675.0,0.6420649800047495,0.8657041714258258,0.6896605147400063,0.6639567883545969,0.6310477459234687,0.12299934772722974,-0.7140489645809546,1.1338691417752718
outer_training,3.0,huber,2.0,huber_2,0.03,huber_2_lr0.03,4,29,0.4121225982514497,7;5;11;10,2675.0,0.6570949276777984,0.8812187591319297,0.7058046150593129,0.6463174271964834,0.616142529197609,0.09994908789643403,-0.7978697160035746,1.1589043745266672
outer_training,4.0,mse,,mse,0.0003,mse_lr0.0003,0,0,0.8017105758190155,27;20;17;19,2676.0,0.63752619604947,0.8661813116382764,0.7219544580386479,0.6398290008352786,0.6110769917383913,0.1071870158796688,-1.2083998428600118,1.2470648733009106
outer_training,4.0,mse,,mse,0.001,mse_lr0.001,1,1,0.7713515311479568,21;13;14;14,2676.0,0.6240641338431446,0.8455118262750595,0.7067096008320335,0.6539036003847408,0.6236709195041465,0.07837634701489832,-0.8595070062380696,1.176392357392337
outer_training,4.0,mse,,mse,0.003,mse_lr0.003,2,2,0.7801385819911957,18;5;19;4,2676.0,0.6315157074587961,0.8458814070588931,0.7151479941475692,0.6451697081558753,0.6209253575863453,0.01790823407361823,-0.4631597351027888,1.101937152439873
outer_training,4.0,mse,,mse,0.01,mse_lr0.01,3,3,0.7885893136262894,16;8;16;4,2676.0,0.634414912063625,0.85645939987998,0.7184311434553037,0.6373062567001314,0.6123367169455104,0.07236813805865741,-0.5748133031713433,1.1136146624758851
outer_training,4.0,mse,,mse,0.03,mse_lr0.03,4,4,0.7621981054544449,14;26;15;16,2676.0,0.616568136117742,0.8358286324888315,0.6982209002753554,0.6585860306726796,0.627961498104355,0.06667981324298998,-0.5216283499419886,1.1030070525785192
outer_training,4.0,mae,,mae,0.0003,mae_lr0.0003,0,5,0.6549869030714035,29;18;26;30,2676.0,0.628777193038277,0.8678545821625551,0.712046815393585,0.6308356535125142,0.6061371048705455,0.12758533313259915,-0.5603323726819653,1.0966475457899216
outer_training,4.0,mae,,mae,0.001,mae_lr0.001,1,6,0.6540939211845398,22;11;18;18,2676.0,0.6247125705498416,0.8593056489149615,0.7074439106910742,0.6385389442936531,0.6115134621900629,0.11258027186610915,-0.5826760207544999,1.105341835360823
outer_training,4.0,mae,,mae,0.003,mae_lr0.003,2,7,0.6448283195495605,9;18;19;18,2676.0,0.6171030310759473,0.849074020294558,0.6988266319332099,0.6473987553231976,0.6217130374646219,0.10141455906335334,-0.49021757298551294,1.087343819711388
outer_training,4.0,mae,,mae,0.01,mae_lr0.01,3,8,0.6628106087446213,10;5;12;6,2676.0,0.6352309898398225,0.8795806397981765,0.7193552952662927,0.6244258461885739,0.5976971442934895,0.15897572425573359,-0.7006484613350886,1.1201322669486533
outer_training,4.0,mae,,mae,0.03,mae_lr0.03,4,9,0.6720639318227768,6;5;9;11,2676.0,0.6364040642705934,0.8709879244706739,0.7206837211727953,0.6196983454813095,0.59582938693575,0.08284732189003625,-0.3642742847333024,1.0634868139089386
outer_training,4.0,huber,0.25,huber_0.25,0.0003,huber_0.25_lr0.0003,0,10,0.13560926914215088,29;20;30;26,2676.0,0.629878075396001,0.8733807515411822,0.713293488755182,0.6316604898806228,0.6083383089611978,0.1606187025005664,-0.6774028303754214,1.114570719910536
outer_training,4.0,huber,0.25,huber_0.25,0.001,huber_0.25_lr0.001,1,11,0.13557098805904388,12;18;21;15,2676.0,0.6273465393215039,0.8653301352634757,0.7104266987064055,0.6361504006458608,0.6116762124972532,0.1333053744796124,-0.6943439852774349,1.1251396755298428
outer_training,4.0,huber,0.25,huber_0.25,0.003,huber_0.25_lr0.003,2,12,0.13608605042099953,12;13;15;11,2676.0,0.6266978940110236,0.8515225991712951,0.709692152617964,0.6402004239936706,0.6125714165463054,0.05946704600192113,-0.4246286779420433,1.082813214629415
outer_training,4.0,huber,0.25,huber_0.25,0.01,huber_0.25_lr0.01,3,13,0.13653550297021866,12;5;13;6,2676.0,0.6323495877222117,0.8672400313459757,0.7160923060478078,0.6209571008040398,0.6104589702971309,0.05884808597846023,-0.20036172344049372,1.0320976890026088
outer_training,4.0,huber,0.25,huber_0.25,0.03,huber_0.25_lr0.03,4,14,0.13666823506355286,5;19;13;8,2676.0,0.6307011074786429,0.8649269884088884,0.7142255158387028,0.6315641689461245,0.6069060257542547,0.11146593817449078,-0.5358279700137547,1.0951173050020888
outer_training,4.0,huber,0.5,huber_0.5,0.0003,huber_0.5_lr0.0003,0,15,0.22603729367256165,29;20;27;26,2676.0,0.6296619146452912,0.8664044685778093,0.7130487016098144,0.631548671690316,0.607144044319054,0.11857246980306956,-0.5982192231522644,1.107337951046537
outer_training,4.0,huber,0.5,huber_0.5,0.001,huber_0.5_lr0.001,1,16,0.2240440770983696,18;18;18;18,2676.0,0.6227424921321248,0.8566393858040052,0.7052129327247256,0.6472549978788031,0.6199916536835466,0.12438819584949633,-0.885576283182354,1.170121388561451
outer_training,4.0,huber,0.5,huber_0.5,0.003,huber_0.5_lr0.003,2,17,0.2241201438009739,12;19;18;5,2676.0,0.6270454121086828,0.8538236175067784,0.710085692901342,0.6417837557716464,0.6135258821875154,0.08339260798879589,-0.6225734991562987,1.1216182924157128
outer_training,4.0,huber,0.5,huber_0.5,0.01,huber_0.5_lr0.01,3,18,0.2270716093480587,18;5;9;6,2676.0,0.6325533242241705,0.8633305137707045,0.716323023588147,0.6317183713629454,0.6035332415417891,0.09254827950335547,-0.5941455148399937,1.1129077046935207
outer_training,4.0,huber,0.5,huber_0.5,0.03,huber_0.5_lr0.03,4,19,0.23859737440943718,9;7;13;10,2676.0,0.6352711153766343,0.8582900236349504,0.7194007346699783,0.6328109818486005,0.6063759641450309,0.04922072807359551,-0.49623802002430306,1.1016129774022845
outer_training,4.0,huber,1.0,huber_1,0.0003,huber_1_lr0.0003,0,20,0.32301823049783707,30;20;30;30,2676.0,0.6252632524423736,0.8560680815838734,0.7080675199635058,0.6415664494196129,0.6152589054129591,0.09694671445666014,-0.6905268703006854,1.1334805686428364
outer_training,4.0,huber,1.0,huber_1,0.001,huber_1_lr0.001,1,21,0.3121103197336197,21;28;22;23,2676.0,0.6128877245850649,0.8403514654708927,0.6940530879879574,0.6601893563578303,0.6299693668603902,0.11059662314041989,-0.6882430214185977,1.1294999846308054
outer_training,4.0,huber,1.0,huber_1,0.003,huber_1_lr0.003,2,22,0.32904524356126785,11;7;8;7,2676.0,0.6342587668751408,0.8621212712310016,0.7182543197959372,0.6322869225546385,0.6042396190987547,0.08772982326982766,-0.5689370501980505,1.108435599394345
outer_training,4.0,huber,1.0,huber_1,0.01,huber_1_lr0.01,3,23,0.3224831894040108,14;9;9;7,2676.0,0.6281121831683322,0.8550244394288512,0.7112937375699264,0.6377895364949222,0.6100665786767905,0.07860064989550908,-0.41740001055717685,1.0765026828122453
outer_training,4.0,huber,1.0,huber_1,0.03,huber_1_lr0.03,4,24,0.3301738053560257,9;9;8;7,2676.0,0.630306101407173,0.8673488163485874,0.7137781986993958,0.6413040804029345,0.6111508800599519,0.14743345710496872,-1.0365275205379711,1.1976894793097
outer_training,4.0,huber,2.0,huber_2,0.0003,huber_2_lr0.0003,0,25,0.3839907944202423,29;20;30;30,2676.0,0.6311235726027589,0.8534892313019785,0.7147039284617626,0.6431792471407728,0.6141277912452601,0.06404016034075459,-0.803144090850568,1.167444094914407
outer_training,4.0,huber,2.0,huber_2,0.001,huber_2_lr0.001,1,26,0.37578973919153214,21;15;26;15,2676.0,0.6197174298305348,0.8454775222351645,0.7017872582536046,0.6523830071821418,0.6237142548303162,0.0945239528781074,-0.6520170956552725,1.1254338866348177
outer_training,4.0,huber,2.0,huber_2,0.003,huber_2_lr0.003,2,27,0.3865729868412018,14;14;19;9,2676.0,0.624605087601909,0.8522640225392343,0.707322193663752,0.6551835968927507,0.626519180630232,0.1233451088638384,-1.0769391610958674,1.2131727687250464
outer_training,4.0,huber,2.0,huber_2,0.01,huber_2_lr0.01,3,28,0.391852967441082,21;3;15;10,2676.0,0.6288842982228405,0.8599253154430575,0.7121681046299394,0.632522141743347,0.6063399351012173,0.08983691321484674,-0.2852268745762713,1.0440084254537882
outer_training,4.0,huber,2.0,huber_2,0.03,huber_2_lr0.03,4,29,0.3930068090558052,10;4;15;7,2676.0,0.633133225290054,0.8641482156689118,0.716979721559666,0.6306793649878443,0.6067466079362246,0.08937541939698847,-0.613147988139763,1.1179835549705777
full_development,,mse,,mse,0.0003,mse_lr0.0003,0,0,0.7997088952604948,15;17;22;16;21,3344.0,0.6399176272326411,0.8612875334678097,0.6932854613189391,0.6599584091584207,0.6314490108257069,0.08104723969529518,-0.7948852490846037,1.163069060912573
full_development,,mse,,mse,0.001,mse_lr0.001,1,1,0.7792203298382212,10;17;11;18;15,3344.0,0.6292122893831108,0.8474564385882327,0.6816873199742742,0.6722724987140748,0.6408704882058898,0.08406529264971797,-0.6630554440721517,1.1321733079428675
full_development,,mse,,mse,0.003,mse_lr0.003,2,2,0.7773996435783126,7;11;8;8;14,3344.0,0.6339961195780631,0.8538072363528549,0.6868701119187964,0.6650936631099801,0.6338481753054773,0.08565515307818132,-0.5933770002130936,1.1158619520381932
full_development,,mse,,mse,0.01,mse_lr0.01,3,3,0.7827951762843075,11;11;14;11;6,3344.0,0.6329946617722243,0.8545157001637075,0.6857851345602026,0.6641218359357178,0.6376523207063195,0.10300707866515099,-0.4093498934936876,1.0696316051629167
full_development,,mse,,mse,0.03,mse_lr0.03,4,4,0.7808022849333058,7;12;12;19;6,3344.0,0.6356623192884437,0.8504766959478223,0.6886752693104692,0.6645394071807827,0.6334884240107367,0.03964153872822289,-0.50208970425978,1.1066503733283497
full_development,,mae,,mae,0.0003,mae_lr0.0003,0,5,0.6663140718731584,19;13;20;27;18,3344.0,0.6381694427165422,0.8757066804967784,0.6913914817547949,0.6461991989180756,0.6179312876163606,0.13315374785162443,-0.4065565646886598,1.0617214208390398
full_development,,mae,,mae,0.001,mae_lr0.001,1,6,0.6555135651317795,21;16;15;13;13,3344.0,0.6266471711660989,0.8615377908675598,0.6789082760930965,0.6615519370214363,0.6307800399989897,0.13859969826220725,-0.3784175108070604,1.0540730363970203
full_development,,mae,,mae,0.003,mae_lr0.003,2,7,0.6603216234612408,9;8;14;10;13,3344.0,0.6307541767936305,0.8627546686906703,0.6833577976720475,0.657404976264189,0.6261850211151835,0.12434325377436173,-0.2307713568189555,1.024074313988545
full_development,,mae,,mae,0.01,mae_lr0.01,3,8,0.651969912341622,7;8;14;21;16,3344.0,0.6249727344674089,0.8495418960204731,0.6770941947649717,0.6655087736433242,0.6355882748641257,0.07935343789241359,-0.22661180308271553,1.033652702865498
full_development,,mae,,mae,0.03,mae_lr0.03,4,9,0.6641020514249232,13;2;9;21;13,3344.0,0.6347296667802009,0.8687878650891111,0.6876648354719396,0.6518038253595667,0.6192044293377461,0.12589214000219762,-0.319227401050561,1.0437176223892581
full_development,,huber,0.25,huber_0.25,0.0003,huber_0.25_lr0.0003,0,10,0.13827924317185675,19;13;20;27;27,3344.0,0.6363443262686872,0.8726367366332881,0.6894141542915965,0.6484319044229725,0.6193031801846253,0.1275126553989181,-0.3842183402237014,1.0580258939026796
full_development,,huber,0.25,huber_0.25,0.001,huber_0.25_lr0.001,1,11,0.1353030178793951,18;16;20;21;15,3344.0,0.6238942653957469,0.8586504370337227,0.675925783556956,0.6643777658858208,0.6342881359060444,0.14012272042335333,-0.3236984263855655,1.04137761117536
full_development,,huber,0.25,huber_0.25,0.003,huber_0.25_lr0.003,2,12,0.13604245587523903,7;10;11;14;18,3344.0,0.6317304722847852,0.8641687110351747,0.6844155142298736,0.6570767083091577,0.6290877001887101,0.12199573275389683,-0.4584040776328231,1.0761368732823637
full_development,,huber,0.25,huber_0.25,0.01,huber_0.25_lr0.01,3,13,0.13726356096619197,11;8;6;11;12,3344.0,0.6365614698738875,0.8653694570314222,0.6896494072336896,0.6498832095142559,0.6194605547355352,0.08578537147395747,-0.19320360847387225,1.0245120765849995
full_development,,huber,0.25,huber_0.25,0.03,huber_0.25_lr0.03,4,14,0.13636089125247092,11;17;14;12;13,3344.0,0.6273162693944577,0.8570155870076405,0.6796331757585761,0.6597498840397084,0.6306540768253938,0.09929880313995751,-0.10384854138408164,1.0010350261832845
full_development,,huber,0.5,huber_0.5,0.0003,huber_0.5_lr0.0003,0,15,0.2291394346505047,26;16;22;21;21,3344.0,0.6347427529485905,0.8679582990612201,0.6876790130002696,0.6511752955999626,0.6244608556900462,0.11426423275684454,-0.33700865100584654,1.050500503448999
full_development,,huber,0.5,huber_0.5,0.001,huber_0.5_lr0.001,1,16,0.22445034142137998,18;15;19;21;13,3344.0,0.6246277138566588,0.8560294767393952,0.6767204001340551,0.6648224773889144,0.6340666746193496,0.12299400360775165,-0.3762039655547321,1.0572942390361861
full_development,,huber,0.5,huber_0.5,0.003,huber_0.5_lr0.003,2,17,0.22396902961023687,11;13;11;18;23,3344.0,0.6255409775985217,0.859365909540199,0.6777098282223567,0.6636374031880095,0.635366455330579,0.13910946884038175,-0.3481508329703534,1.047128284956698
full_development,,huber,0.5,huber_0.5,0.01,huber_0.5_lr0.01,3,18,0.22344477121767245,7;8;14;13;13,3344.0,0.6257987978802075,0.8575088055351009,0.6779891501933718,0.6637720987949867,0.6349798632001665,0.12651469361938758,-0.369336450254848,1.0548999474746557
full_development,,huber,0.5,huber_0.5,0.03,huber_0.5_lr0.03,4,19,0.22473360368598733,9;12;14;12;12,3344.0,0.6301179308601846,0.856599375919223,0.6826684901163408,0.6612468233494271,0.628508726607513,0.10091099819883032,-0.340844010493993,1.054562678083401
full_development,,huber,1.0,huber_1,0.0003,huber_1_lr0.0003,0,20,0.3262080368920091,26;26;22;26;21,3344.0,0.6288665211447421,0.8582580776751806,0.68131271536511,0.6601500994474961,0.6330536049786453,0.10264237452736709,-0.3923259933178816,1.0658504350577418
full_development,,huber,1.0,huber_1,0.001,huber_1_lr0.001,1,21,0.31530246741927126,28;16;24;21;13,3344.0,0.617447934548965,0.844098016603947,0.6689418417733036,0.6745257225599736,0.6432812151667419,0.11137004488492525,-0.27860147145920067,1.0379395203850494
full_development,,huber,1.0,huber_1,0.003,huber_1_lr0.003,2,22,0.31901631113052653,13;17;20;8;13,3344.0,0.6246286733602526,0.8467218875656374,0.6767214396583053,0.6726248786995284,0.6424316599516084,0.09984895165841944,-0.5172262632290502,1.0949378542837924
full_development,,huber,1.0,huber_1,0.01,huber_1_lr0.01,3,23,0.31580796500035163,11;9;14;17;14,3344.0,0.6225380211716367,0.8441790897604616,0.6744564313113559,0.6701848468716692,0.6375212215801687,0.07401338112225771,-0.18482021277629038,1.0253534362885701
full_development,,huber,1.0,huber_1,0.03,huber_1_lr0.03,4,24,0.32874534943956507,13;18;16;13;12,3344.0,0.6310217632763995,0.8525353877773834,0.6836477003255366,0.665167627207649,0.6360762852108744,0.09224688214933302,-0.430219309849873,1.077009352719693
full_development,,huber,2.0,huber_2,0.0003,huber_2_lr0.0003,0,25,0.38544212019685925,26;28;22;19;21,3344.0,0.6335466404841009,0.8533327965004559,0.6863831471787275,0.6640881713809379,0.634665739516002,0.06971114089143732,-0.5742359668546203,1.1155528223834719
full_development,,huber,2.0,huber_2,0.001,huber_2_lr0.001,1,26,0.36860303918532494,17;23;24;21;13,3344.0,0.6206069115521538,0.8368500706493109,0.6723642710606835,0.679916194895196,0.6460511397395017,0.08066687529266563,-0.46479599633493845,1.087758031183369
full_development,,huber,2.0,huber_2,0.003,huber_2_lr0.003,2,27,0.383130223450193,11;15;8;19;6,3344.0,0.6312478402746082,0.8542765801653305,0.6838926316875222,0.6660917698755012,0.634320693370125,0.10983221282328544,-0.5074104801428804,1.0902294113410245
full_development,,huber,2.0,huber_2,0.01,huber_2_lr0.01,3,28,0.3850521702925412,7;8;8;7;11,3344.0,0.6389870755628269,0.8565575490253449,0.6922773035245083,0.6590222258602252,0.6281925280855366,0.05909678154114159,-0.481328880491943,1.096940740863153
full_development,,huber,2.0,huber_2,0.03,huber_2_lr0.03,4,29,0.38842688497316324,7;5;7;8;11,3344.0,0.6401987185508172,0.867043752567632,0.6935899950837571,0.6535093493242555,0.6213671021548671,0.10239577057643769,-0.6235931806565829,1.1184844362761714
