budget,method,stratum,n,weight_sum,effective_n,weighted_mae,mae,spearman,bias,weighted_bias,rmse,observed_mean,predicted_mean,observed_sd,predicted_sd,sd_ratio,observed_iqr,predicted_iqr,iqr_ratio,prediction_min,prediction_max,observed_min,observed_max,calibration_slope_descriptive,weighted_mae_floor_005,weighted_mae_floor_020,coverage_80,width_80,coverage_90,width_90
100,descriptor_lightgbm_rdkit_mordred,lt4,1036,3629.9730764192436,818.9342623395676,1.0635642784431738,1.2922175481968514,0.159072853358061,1.2692976334960304,1.0286275444970459,1.51012476164733,2.835916988416989,4.105214621913018,0.7026480380032734,0.5463237535319291,0.7775212111662995,1.2325,0.7911719976712428,0.6419245417210895,2.322685968975854,5.652825424590983,1.61,3.99,0.20575559063513751,1.0600587815453484,1.098228106305184,0.472007722007722,2.3062934609387993,0.6167953667953668,2.8947242613999475
100,descriptor_lightgbm_rdkit_mordred,4to5,1257,8545.513503531074,1139.9038819884247,0.37882255207884225,0.3838765761683601,0.1292390754819626,0.00025636601425419,-0.02664307213481641,0.4869136562787432,4.585182975338107,4.5854393413523615,0.2665338639814909,0.4418664717433727,1.6578248825224606,0.41999999999999993,0.6137931228313791,1.4614121972175695,2.8477803404006243,5.770603896442069,4.0,4.99,0.07478114715728433,0.3718609480712586,0.38252009415323707,0.9419252187748608,2.2810499416906045,0.979315831344471,2.8533321541130547
100,descriptor_lightgbm_rdkit_mordred,5to6,995,9463.602135115412,980.1715817135897,0.6004489391189918,0.5959158714997127,0.12798141735535165,-0.5531516517182111,-0.5600452670700905,0.7165814158910769,5.339572864321608,4.786421212603397,0.25173097921555226,0.41605120601807466,1.6527612426352112,0.3799999999999999,0.5666910035274775,1.4912921145459939,3.216550748414477,6.239379764835656,5.0,5.99,0.0836370574791714,0.6118234448369161,0.5959293154610509,0.8562814070351759,2.313763689889679,0.9276381909547738,2.8828022178210833
100,descriptor_lightgbm_rdkit_mordred,ge6,56,556.5977961432507,55.94354064284147,1.3742884149665504,1.37634859757373,0.4033156763045534,-1.37634859757373,-1.3742884149665504,1.4349467150373947,6.302563468158348,4.926214870584618,0.27150028399727333,0.4209537161627136,1.5504724708388933,0.26624999999999943,0.4941842196453763,1.8560909658042342,3.8826810756139523,5.750155841505634,6.0,7.54855421686747,0.24316262586976142,1.357483162464782,1.37634859757373,0.30357142857142855,2.180852039029845,0.5714285714285714,2.7298867966227482
100,descriptor_lightgbm_rdkit_mordred,ge4,2308,18565.713434789737,2141.272332721013,0.5216373199746842,0.49936944100951974,0.26058924848341164,-0.2717240740224573,-0.3389393164473489,0.6328134639398718,4.952076929903322,4.680352855880865,0.500095031325158,0.4432645068438888,0.8863605496525752,0.6762500000000005,0.570591427353758,0.8437581180831906,2.8477803404006243,6.239379764835656,4.0,7.54855421686747,0.3052663522322322,0.5500533621033266,0.5010937975544801,0.8895147313691508,2.292721994077553,0.9471403812824957,2.863041761292444
100,head_only,lt4,1036,3629.9730764192436,818.9342623395676,1.3842211149392958,1.6029070235403347,0.15571232789705478,1.5887475904258521,1.370605749193814,1.7941644681420228,2.835916988416989,4.42466457884284,0.7026480380032734,0.5860620759862412,0.8340763003504053,1.2325,0.6062465906143188,0.49188364350046154,0.7165312767028809,6.2720232009887695,1.61,3.99,0.20711605742545797,1.3868260354879598,1.417627823285608,0.3696911196911197,2.5365499862464698,0.6611969111969112,3.9492933484670276
100,head_only,4to5,1257,8545.513503531074,1139.9038819884247,0.34628482461405413,0.3621047675163858,0.115588096146296,0.22960716200519765,0.19829816823293686,0.4679370291034554,4.585182975338107,4.814790137343304,0.2665338639814909,0.33691012246354907,1.2640424651140965,0.41999999999999993,0.4067726135253906,0.9685062226795017,3.7012195587158203,6.470167636871338,4.0,4.99,0.08062448227635434,0.34149346329578306,0.35783670182969035,0.9737470167064439,2.4959812873530782,0.9968178202068417,3.9132602223082964
100,head_only,5to6,995,9463.602135115412,980.1715817135897,0.47361896730906755,0.46840377390684196,0.12226829158270065,-0.3972230760296385,-0.4076669840487808,0.5613792168608533,5.339572864321608,4.94234978829197,0.25173097921555226,0.33953948949595625,1.3488188484152175,0.3799999999999999,0.4078822135925293,1.07337424629613,3.714681625366211,6.738335609436035,5.0,5.99,0.09235683918482195,0.4883910712703827,0.4685780885895471,0.9668341708542714,2.510230688967298,1.0,3.99930403367239
100,head_only,ge6,56,556.5977961432507,55.94354064284147,1.107741545924339,1.1097917779259345,0.1555946763463134,-1.1097917779259345,-1.107741545924339,1.211280807179108,6.302563468158348,5.192771690232413,0.27150028399727333,0.4879263270368191,1.7971484959541306,0.26624999999999943,0.5774998664855957,2.1690135830444954,4.096983432769775,6.896758556365967,6.0,7.54855421686747,0.1600798689570793,1.1078249970605867,1.1097917779259345,0.5535714285714286,2.438010847227914,0.8571428571428571,3.767107583454677
100,head_only,ge4,2308,18565.713434789737,2141.272332721013,0.4340199285378877,0.42607269816692245,0.24121626690163336,-0.07312352581144248,-0.1497386555718619,0.5391811475963069,4.952076929903322,4.87895340409188,0.500095031325158,0.35165598117619673,0.7031783144183104,0.6762500000000005,0.4103196859359741,0.6067573914025491,3.7012195587158203,6.896758556365967,4.0,7.54855421686747,0.35737639790336817,0.45737042633613867,0.42522856202198506,0.9605719237435009,2.500717773470556,0.9948006932409013,3.946808335190216
100,head_plus_lora,lt4,1036,3629.9730764192436,818.9342623395676,1.2726864635649568,1.481675704335614,0.1712033871905642,1.4465726807218722,1.2388206402404782,1.694027965298751,2.835916988416989,4.282489669138861,0.7026480380032734,0.6773269863830412,0.9639633924088262,1.2325,0.7196646332740784,0.5839063961655808,0.27306032180786133,6.086215019226074,1.61,3.99,0.19108396312176296,1.275905127616683,1.3039445002328083,0.416988416988417,2.416217825164206,0.6862934362934363,3.832333964012765
100,head_plus_lora,4to5,1257,8545.513503531074,1139.9038819884247,0.3726861295699316,0.38506951462587097,0.14499018298623986,0.1963100225088989,0.16560320110134477,0.49917994598676724,4.585182975338107,4.781492997847005,0.2665338639814909,0.40986364681114107,1.537754492763454,0.41999999999999993,0.5021209716796875,1.1955261230468752,2.803079128265381,6.561429977416992,4.0,4.99,0.08448663230928091,0.36787886199382297,0.3817186758902425,0.9681782020684169,2.3859472129718595,0.994431185361973,3.79338639728968
100,head_plus_lora,5to6,995,9463.602135115412,980.1715817135897,0.48280630560570054,0.4791726300896113,0.1519889687630045,-0.37520374053686706,-0.3847763474348565,0.5839090199975882,5.339572864321608,4.964369123784741,0.25173097921555226,0.4092364680540247,1.625689731670267,0.3799999999999999,0.48646092414855957,1.280160326706736,3.098236560821533,6.66790246963501,5.0,5.99,0.09156939826834741,0.49433908084323414,0.47919718715523585,0.9587939698492463,2.384184946759861,0.9979899497487437,3.8946618109468245
100,head_plus_lora,ge6,56,556.5977961432507,55.94354064284147,1.0217706158858826,1.024116827871221,0.19134863756297502,-1.024116827871221,-1.0217706158858826,1.1467623449504944,6.302563468158348,5.278446640287127,0.27150028399727333,0.5251669721530854,1.9343146328287437,0.26624999999999943,0.6717358827590942,2.5229516723346315,4.118773937225342,7.101966381072998,6.0,7.54855421686747,0.15095005244581097,1.0160000758151955,1.024116827871221,0.625,2.344786424636841,0.8392857142857143,3.6416316747665407
100,head_plus_lora,ge4,2308,18565.713434789737,2141.272332721013,0.4482777588695527,0.4411437128183152,0.28340641450607296,-0.07968655368339914,-0.15054208149176745,0.5608967077080361,4.952076929903322,4.872390376219923,0.500095031325158,0.42723569865410094,0.854309025070708,0.6762500000000005,0.5060769319534302,0.7483577551991568,2.803079128265381,7.101966381072998,4.0,7.54855421686747,0.34068366710637277,0.4671509851284323,0.44055553032548794,0.9558058925476604,2.3841887818506726,0.9922010398613518,3.833365068055521
100,native_continuous,lt4,1036,3629.9730764192436,818.9342623395676,1.7307583790279668,1.9915840195320746,0.09735117377446713,1.9915840195320746,1.7307583790279668,2.133345377129108,2.835916988416989,4.8275010079490634,0.7026480380032734,0.3559873122601863,0.5066367413076416,1.2325,0.42729222774505615,0.34668740587834174,3.730055809020996,6.315380573272705,1.61,3.99,0.14079734379276987,1.7340963250541708,1.7695116147194732,0.3716216216216216,3.3732828319210797,0.6563706563706564,4.593844378408778
100,native_continuous,4to5,1257,8545.513503531074,1139.9038819884247,0.4603860382205112,0.48449445572749145,0.08327739717453632,0.45583846540610373,0.42728257608214426,0.595871408554894,4.585182975338107,5.041021440744211,0.2665338639814909,0.29575835422582675,1.109646443449172,0.41999999999999993,0.34494638442993164,0.8213009153093612,4.261742115020752,6.421951770782471,4.0,4.99,0.06424425381427616,0.4547614236056346,0.4784465276366708,0.9888623707239459,3.333566566958917,0.9992044550517104,4.552359677893639
100,native_continuous,5to6,995,9463.602135115412,980.1715817135897,0.3370070078639447,0.33431723168147864,0.10987921143853772,-0.2024561570517382,-0.21248735461724058,0.41799359951566656,5.339572864321608,5.13711670726987,0.25173097921555226,0.2979744536258116,1.1837019605388417,0.3799999999999999,0.3766167163848877,0.9910966220654942,4.353365421295166,6.7233123779296875,5.0,5.99,0.10376935147316566,0.34819833522635707,0.33424316315120073,1.0,3.3408095470409296,1.0,4.629394257166877
100,native_continuous,ge6,56,556.5977961432507,55.94354064284147,0.9262333013811044,0.9266911793863096,0.21534412587473073,-0.9225695100257402,-0.9220864383178432,1.006596384033046,6.302563468158348,5.379993958132608,0.27150028399727333,0.44068872122505803,1.6231611795643053,0.26624999999999943,0.4425128698348999,1.6620201683939937,4.53795051574707,7.441765785217285,6.0,7.54855421686747,0.2724346172747943,0.9302547029419326,0.9266911793863097,0.9642857142857143,3.285109013829913,1.0,4.444652616637095
100,native_continuous,ge4,2308,18565.713434789737,2141.272332721013,0.4114614171286954,0.4304808849298793,0.2106048567075742,0.13859669938802058,0.060715251553931905,0.541557284262754,4.952076929903322,5.090673629291342,0.500095031325158,0.30811287646548496,0.6161086536873676,0.6762500000000005,0.3744755983352661,0.5537531953201713,4.261742115020752,7.441765785217285,4.0,7.54855421686747,0.3737000351632688,0.41369527070759904,0.4261111608480021,0.9930675909878682,3.3355133356791846,0.9995667244367418,4.582956649707549
100,repr_ridge_stable,lt4,1036,3629.9730764192436,818.9342623395676,1.1803044640105613,1.3865240891977038,0.1888019598404357,1.270872615649973,1.0698797284570642,1.7093683147230176,2.835916988416989,4.106789604066961,0.7026480380032734,1.0050841848332879,1.4304233847851513,1.2325,0.9798327389821995,0.7949961371052329,-2.711616824791488,13.332896587754341,1.61,3.99,0.09754839718573348,1.1754144760841534,1.2106402075207454,0.5096525096525096,2.4536261875082266,0.7027027027027027,3.5680548750401644
100,repr_ridge_stable,4to5,1257,8545.513503531074,1139.9038819884247,0.3726849011674676,0.38016397631880666,0.1169938063083006,0.07809422893510651,0.04698063304950317,0.5008774471338772,4.585182975338107,4.663277204273213,0.2665338639814909,0.4468542792740528,1.6765384803226504,0.41999999999999993,0.47907899441866775,1.1406642724253997,0.30723826860119363,6.438452894665851,4.0,4.99,0.06495317980017166,0.36916057119965384,0.37804342141593167,0.9769291964996022,2.475169728264498,0.994431185361973,3.555540986252919
100,repr_ridge_stable,5to6,995,9463.602135115412,980.1715817135897,0.5690707495992728,0.5626098471306692,0.11319519193906545,-0.521707912093552,-0.5290500283199112,0.7210309242357533,5.339572864321608,4.817864952228056,0.25173097921555226,0.45446585989463817,1.8053632544983191,0.3799999999999999,0.3960177257664075,1.042151909911599,0.5511209513103568,6.264833461929069,5.0,5.99,0.053745859451715366,0.5821105775399518,0.5630903818961942,0.9085427135678392,2.443771680356908,0.9809045226130654,3.575241920326751
100,repr_ridge_stable,ge6,56,556.5977961432507,55.94354064284147,1.5734173374527889,1.5756992967210637,0.014868999167540932,-1.5756992967210637,-1.5734173374527889,2.35109216186857,6.302563468158348,4.726864171437284,0.27150028399727333,1.5635286946889404,5.758847363506415,0.26624999999999943,0.34076477027955665,1.2798676818011545,-6.602363373766557,5.57815637502926,6.0,7.54855421686747,-0.10767957195097967,1.5886946251789957,1.5756992967210635,0.5,2.53055442231862,0.8214285714285714,3.4620474154381435
100,repr_ridge_stable,ge4,2308,18565.713434789737,2141.272332721013,0.5087875384938002,0.4878258564749287,0.23013348569510073,-0.22061268950521448,-0.29522194151889264,0.7034784853577882,4.952076929903322,4.7314642403981075,0.500095031325158,0.5126962008383985,1.025197549913363,0.6762500000000005,0.44006411724086103,0.6507417630179086,-6.602363373766557,6.438452894665851,4.0,7.54855421686747,0.12695175321901028,0.5416693871583594,0.4891938062953393,0.9358752166377816,2.4629775641392726,0.9844020797227037,3.561765765038809
500,descriptor_lightgbm_rdkit_mordred,lt4,1036,3629.9730764192436,818.9342623395676,0.8401517933695231,0.9945182964851413,0.29458009587518125,0.934105358882762,0.754031601996709,1.2482402384823508,2.835916988416989,3.7700223472997503,0.7026480380032734,0.6884306902979775,0.9797660465320625,1.2325,1.0865945527987564,0.8816182984168409,2.264636551145392,5.458925633504355,1.61,3.99,0.29761373251429035,0.8408231425424535,0.8574500496876214,0.5144787644787645,1.7226995609956433,0.6920849420849421,2.3917219786313577
500,descriptor_lightgbm_rdkit_mordred,4to5,1257,8545.513503531074,1139.9038819884247,0.3260343456747169,0.3401050337572194,0.24280024676898326,0.09366424074801356,0.06055795756044209,0.4306894840537233,4.585182975338107,4.67884721608612,0.2665338639814909,0.39909469602105496,1.497350805857711,0.41999999999999993,0.4985478970732453,1.187018802555346,2.6524968723428715,5.532124790972588,4.0,4.99,0.168249583760287,0.32179624609516994,0.3361122646651008,0.9562450278440732,1.7295430358102273,0.9912490055688147,2.4042497116067203
500,descriptor_lightgbm_rdkit_mordred,5to6,995,9463.602135115412,980.1715817135897,0.4793434873624658,0.4753339934349847,0.21338479957301343,-0.44584266561699754,-0.4517874720105858,0.5872523011627435,5.339572864321608,4.893730198704611,0.25173097921555226,0.3460761247013511,1.3747855976240926,0.3799999999999999,0.44471465930686715,1.1703017350180718,3.3516461589070423,5.604191099975965,5.0,5.99,0.1546630804649362,0.4900152635711592,0.4753970083758566,0.8693467336683417,1.7220684270036708,0.9517587939698492,2.3755599998560406
500,descriptor_lightgbm_rdkit_mordred,ge6,56,556.5977961432507,55.94354064284147,1.3272148217514346,1.3284101819094263,0.12555118900471438,-1.3284101819094263,-1.3272148217514346,1.3927554127749575,6.302563468158348,4.974153286248921,0.27150028399727333,0.31442009234383633,1.1580838432824403,0.26624999999999943,0.35492619175956985,1.3330561192847723,4.118120447159318,5.473310516543454,6.0,7.54855421686747,-0.012753539724190749,1.322045547813831,1.3284101819094263,0.07142857142857142,1.7352177569007663,0.5,2.402103165326392
500,descriptor_lightgbm_rdkit_mordred,ge4,2308,18565.713434789737,2141.272332721013,0.434196715744046,0.42238315471731475,0.3567258011376996,-0.17342654759774148,-0.24220792275226602,0.5447612368487402,4.952076929903322,4.77865038230558,0.500095031325158,0.3909475925720386,0.781746604312586,0.6762500000000005,0.48084745304104004,0.7110498381383212,2.6524968723428715,5.604191099975965,4.0,7.54855421686747,0.4457177596868323,0.4596063636819485,0.4220287802085676,0.8973136915077989,1.7264583515028382,0.9623050259965338,2.391829230764595
500,head_only,lt4,1036,3629.9730764192436,818.9342623395676,1.4361322037941215,1.6607750096100178,0.1645049230695724,1.6482486443998268,1.423717862821268,1.828843545545116,2.835916988416989,4.484165632816816,0.7026480380032734,0.5121252398399609,0.7288503093174156,1.2325,0.5139319896697998,0.41698335875845827,1.0930500030517578,5.6890153884887695,1.61,3.99,0.2441001683696399,1.439205167441724,1.4697028225232898,0.2924710424710425,2.326543062902325,0.6496138996138996,3.818617605886865
500,head_only,4to5,1257,8545.513503531074,1139.9038819884247,0.3317855358816084,0.35025542917759916,0.11642132329712657,0.25595162425044987,0.2259308804568843,0.4386771587698095,4.585182975338107,4.841134599588557,0.2665338639814909,0.2684463234480317,1.007175296369371,0.41999999999999993,0.3467979431152344,0.8257093883696058,3.8765652179718018,5.896872520446777,4.0,4.99,0.11224357397473214,0.3266668638265962,0.34558961879498235,0.9904534606205251,2.332806667670809,1.0,3.8290932362631573
500,head_only,5to6,995,9463.602135115412,980.1715817135897,0.4345244086089669,0.42816820171490383,0.12638840634386955,-0.3944100504544512,-0.4036075224379757,0.5136602769613159,5.339572864321608,4.945162813867157,0.25173097921555226,0.2513029663508983,0.9982997211309164,0.3799999999999999,0.3230102062225342,0.8500268584803533,4.043888568878174,5.7798848152160645,5.0,5.99,0.14436386501969425,0.45037822394951005,0.42841208062047825,0.978894472361809,2.307069771388069,1.0,3.7886500432766863
500,head_only,ge6,56,556.5977961432507,55.94354064284147,1.171437104181884,1.1726550852657394,0.1765138200027158,-1.1726550852657394,-1.171437104181884,1.2256837782399617,6.302563468158348,5.129908382892609,0.27150028399727333,0.2888231491789413,1.0638042249040225,0.26624999999999943,0.36640501022338867,1.3761690524822139,4.204373359680176,5.720246315002441,6.0,7.54855421686747,0.17951850387284746,1.1769763778838627,1.1726550852657391,0.44642857142857145,2.3026470770154677,0.9464285714285714,3.835296136311122
500,head_only,ge4,2308,18565.713434789737,2141.272332721013,0.4093278308654608,0.4037985788377178,0.2489434541817787,-0.059088168671683185,-0.13686007492879002,0.5049797994591894,4.952076929903322,4.8929887612316385,0.500095031325158,0.2692536861474959,0.5384050416058407,0.6762500000000005,0.3380633592605591,0.49990884918382084,3.8765652179718018,5.896872520446777,4.0,7.54855421686747,0.490219353084457,0.4327965012429118,0.40255927045423723,0.9722703639514731,2.320979480115338,0.9987001733102253,3.8118083079187675
500,head_plus_lora,lt4,1036,3629.9730764192436,818.9342623395676,1.3177537657952385,1.531402606770799,0.18214484056607927,1.4961520318266968,1.2854581005899874,1.7198349867242853,2.835916988416989,4.332069020243686,0.7026480380032734,0.6255136721095226,0.890223324165332,1.2325,0.6244536638259888,0.5066561166945143,0.9692697525024414,5.632353782653809,1.61,3.99,0.21164574349555615,1.3226788812170163,1.3482298239907717,0.3204633204633205,2.1715978576777983,0.6621621621621622,3.557311619828567
500,head_plus_lora,4to5,1257,8545.513503531074,1139.9038819884247,0.3488038471867807,0.36436402844358456,0.15354491406508405,0.23154899066843107,0.20258872129401356,0.4545639524776622,4.585182975338107,4.816731966006538,0.2665338639814909,0.3287630151938,1.2334755902410603,0.41999999999999993,0.4204559326171875,1.0010855538504466,3.5459001064300537,5.912570476531982,4.0,4.99,0.12079354196575935,0.3439155099885727,0.36060630150250395,0.9753381066030231,2.174515574841435,1.0,3.5670381773627744
500,head_plus_lora,5to6,995,9463.602135115412,980.1715817135897,0.4300235975125454,0.4251629248575949,0.1489577573128918,-0.3738783232530757,-0.3817996056219605,0.5215290015042768,5.339572864321608,4.965694541068532,0.25173097921555226,0.306668991016086,1.218240964905203,0.3799999999999999,0.4011096954345703,1.0555518300909748,3.811676025390625,5.861712455749512,5.0,5.99,0.13401363144658107,0.44270340442839495,0.425319071095179,0.9597989949748744,2.1462941111655685,0.9989949748743718,3.528906022651711
500,head_plus_lora,ge6,56,556.5977961432507,55.94354064284147,1.1111112816204942,1.1121090958204616,0.18307668860080284,-1.1121090958204616,-1.1111112816204942,1.1749303060885514,6.302563468158348,5.190454372337887,0.27150028399727333,0.32085094505581707,1.1817702005020347,0.26624999999999943,0.4428844451904297,1.663415756583777,3.9956398010253906,5.806966781616211,6.0,7.54855421686747,0.16019740931263074,1.1135232821956214,1.1121090958204614,0.48214285714285715,2.1493624128614153,0.9107142857142857,3.5628038385936187
500,head_plus_lora,ge4,2308,18565.713434789737,2141.272332721013,0.41305831522949377,0.40871785240590924,0.2933318318241458,-0.06205804147856943,-0.13467928441702307,0.5131166230851693,4.952076929903322,4.890018888424753,0.500095031325158,0.3308958623170702,0.6616659666468956,0.6762500000000005,0.4312434196472168,0.6376982175929264,3.5459001064300537,5.912570476531982,4.0,7.54855421686747,0.4573374223670652,0.43244062926275234,0.40773159154380123,0.9566724436741768,2.161738740600374,0.9974003466204506,3.5504963156172886
500,native_continuous,lt4,1036,3629.9730764192436,818.9342623395676,1.7307583790279668,1.9915840195320746,0.09735117377446713,1.9915840195320746,1.7307583790279668,2.133345377129108,2.835916988416989,4.8275010079490634,0.7026480380032734,0.3559873122601863,0.5066367413076416,1.2325,0.42729222774505615,0.34668740587834174,3.730055809020996,6.315380573272705,1.61,3.99,0.14079734379276987,1.7340963250541708,1.7695116147194732,0.2471042471042471,2.7732732994860214,0.6264478764478765,4.442023858987227
500,native_continuous,4to5,1257,8545.513503531074,1139.9038819884247,0.4603860382205112,0.48449445572749145,0.08327739717453632,0.45583846540610373,0.42728257608214426,0.595871408554894,4.585182975338107,5.041021440744211,0.2665338639814909,0.29575835422582675,1.109646443449172,0.41999999999999993,0.34494638442993164,0.8213009153093612,4.261742115020752,6.421951770782471,4.0,4.99,0.06424425381427616,0.4547614236056346,0.4784465276366708,0.979315831344471,2.7877617890472535,1.0,4.454963258274415
500,native_continuous,5to6,995,9463.602135115412,980.1715817135897,0.3370070078639447,0.33431723168147864,0.10987921143853772,-0.2024561570517382,-0.21248735461724058,0.41799359951566656,5.339572864321608,5.13711670726987,0.25173097921555226,0.2979744536258116,1.1837019605388417,0.3799999999999999,0.3766167163848877,0.9910966220654942,4.353365421295166,6.7233123779296875,5.0,5.99,0.10376935147316566,0.34819833522635707,0.33424316315120073,0.9979899497487437,2.7507843354958394,1.0,4.407316000090173
500,native_continuous,ge6,56,556.5977961432507,55.94354064284147,0.9262333013811044,0.9266911793863096,0.21534412587473073,-0.9225695100257402,-0.9220864383178432,1.006596384033046,6.302563468158348,5.379993958132608,0.27150028399727333,0.44068872122505803,1.6231611795643053,0.26624999999999943,0.4425128698348999,1.6620201683939937,4.53795051574707,7.441765785217285,6.0,7.54855421686747,0.2724346172747943,0.9302547029419326,0.9266911793863097,0.8928571428571429,2.7732906600407192,1.0,4.470417111941747
500,native_continuous,ge4,2308,18565.713434789737,2141.272332721013,0.4114614171286954,0.4304808849298793,0.2106048567075742,0.13859669938802058,0.060715251553931905,0.541557284262754,4.952076929903322,5.090673629291342,0.500095031325158,0.30811287646548496,0.6161086536873676,0.6762500000000005,0.3744755983352661,0.5537531953201713,4.261742115020752,7.441765785217285,4.0,7.54855421686747,0.3737000351632688,0.41369527070759904,0.4261111608480021,0.9852686308492201,2.7714693499189935,1.0,4.434797051130589
500,repr_ridge_stable,lt4,1036,3629.9730764192436,818.9342623395676,1.0228736331589576,1.194411990459804,0.2704132120162543,1.0606461762359707,0.8914243217617955,1.439792512785227,2.835916988416989,3.8965631646529593,0.7026480380032734,0.8819569579418913,1.2551902378439184,1.2325,1.0787417627976215,0.8752468663672386,-1.4198932882013615,6.765703559937759,1.61,3.99,0.2079648856803815,1.0192911753372815,1.050853764862023,0.4613899613899614,1.9698525963244518,0.6505791505791506,2.730049935661035
500,repr_ridge_stable,4to5,1257,8545.513503531074,1139.9038819884247,0.3646885701457007,0.37325170314431005,0.18371678902631783,0.13332026776314293,0.10705692073396819,0.46939465108210215,4.585182975338107,4.7185032431012495,0.2665338639814909,0.4200988343250337,1.5761555700637233,0.41999999999999993,0.5227198636228358,1.2445711038638951,2.142087852198317,6.008922640339149,4.0,4.99,0.1273954964080969,0.36325597930255377,0.37097057262553185,0.9634049323786794,1.976695124824673,0.9960222752585521,2.7472272792361294
500,repr_ridge_stable,5to6,995,9463.602135115412,980.1715817135897,0.45980146968669716,0.4561164207372082,0.2082445379023375,-0.4087370691393161,-0.4128784582929736,0.5676058969910766,5.339572864321608,4.930835795182292,0.25173097921555226,0.3603587301730291,1.4315231732541789,0.3799999999999999,0.42618539583413906,1.1215405153529978,3.201550723292684,6.012147038215524,5.0,5.99,0.1467615243529189,0.4696663979310397,0.45627783149926776,0.9165829145728643,1.9619927583984156,0.9778894472361809,2.7101093298417887
500,repr_ridge_stable,ge6,56,556.5977961432507,55.94354064284147,1.2253899496723346,1.2267157306161078,0.05810873237889559,-1.2267157306161078,-1.2253899496723346,1.358618551938091,6.302563468158348,5.075847737542239,0.27150028399727333,0.4364352880593355,1.6074947754519424,0.26624999999999943,0.41099925915723023,1.5436591893229337,3.075234655781894,5.849013229704841,6.0,7.54855421686747,-0.20166534783146398,1.2312937640405206,1.2267157306161078,0.32142857142857145,1.9739507856227607,0.7321428571428571,2.762339794131894
500,repr_ridge_stable,ge4,2308,18565.713434789737,2141.272332721013,0.4389747070614401,0.42968341005217586,0.33726528725645455,-0.13336476955366158,-0.19791916189895065,0.5510700749879328,4.952076929903322,4.81871216034966,0.500095031325158,0.41135792451975306,0.8225595111987651,0.6762500000000005,0.5039155517682712,0.7451616292321935,2.142087852198317,6.012147038215524,4.0,7.54855421686747,0.3942264188456346,0.4602393852031924,0.4297453418729566,0.9276429809358753,1.9702902125242252,0.9818024263431543,2.7315920717780675
