model,metric,estimate,ci_lower,ci_upper,bootstrap_replicates,bootstrap_clusters,dataset
direct_affinity,mae,0.9149869610508075,0.8489545025501876,1.0073431634663461,2000,2931,development
direct_affinity,rmse,1.2704668671600987,1.1982502610856425,1.3610260652472197,2000,2931,development
direct_affinity,rae,0.9912950204797333,0.9725174080116568,1.0156190154576747,2000,2931,development
direct_affinity,pearson,0.37890161856622906,0.29897072872354163,0.4539587585345425,2000,2931,development
direct_affinity,spearman,0.3853881756150498,0.31954249248442523,0.45828460047569597,2000,2931,development
direct_affinity,bias,0.7130316430767135,0.633852827389317,0.8207247123238136,2000,2931,development
affinity_only_linear,mae,0.8393458962515085,0.8080041962422283,0.8750830361968435,2000,2931,development
affinity_only_linear,rmse,1.0510133688820744,1.0156970255292408,1.0908763978116098,2000,2931,development
affinity_only_linear,rae,0.9093456440719898,0.858296094902484,0.9630944118632876,2000,2931,development
affinity_only_linear,pearson,0.37298991118720515,0.29971044976702166,0.44177661980113087,2000,2931,development
affinity_only_linear,spearman,0.3832577417566899,0.32037123768448145,0.4508136650827103,2000,2931,development
affinity_only_linear,bias,0.0026431219032925224,-0.07540877091196219,0.10709536851200016,2000,2931,development
binder_logit_only_linear,mae,0.8557936720764827,0.8166844814955299,0.9053562581015691,2000,2931,development
binder_logit_only_linear,rmse,1.0703419338746931,1.0225765395266142,1.1271606564819179,2000,2931,development
binder_logit_only_linear,rae,0.9271651310890933,0.890059578321572,0.9702781487283718,2000,2931,development
binder_logit_only_linear,pearson,0.3273644185395178,0.26481883489666874,0.3795367094810368,2000,2931,development
binder_logit_only_linear,spearman,0.33466567941157516,0.28790556388418304,0.3767848785075865,2000,2931,development
binder_logit_only_linear,bias,0.0016834798035435948,-0.08730132205938539,0.12368928884112282,2000,2931,development
continuous_plus_binary_linear,mae,0.8321331401977538,0.8011063826925349,0.8689390096066166,2000,2931,development
continuous_plus_binary_linear,rmse,1.0448197169682492,1.0077890247201702,1.0853281231326761,2000,2931,development
continuous_plus_binary_linear,rae,0.9015313587713437,0.85201926872913,0.9537893279867464,2000,2931,development
continuous_plus_binary_linear,pearson,0.38632921544666843,0.31432037878554253,0.4537952053059776,2000,2931,development
continuous_plus_binary_linear,spearman,0.3961897042582904,0.33589388159274286,0.4586029808441907,2000,2931,development
continuous_plus_binary_linear,bias,0.0028127982766377392,-0.07498008443925842,0.10780061914798261,2000,2931,development
continuous_plus_binary_polynomial2,mae,0.7736164716108205,0.7499479799700964,0.7976633603336423,2000,2931,development
continuous_plus_binary_polynomial2,rmse,0.9997258382929437,0.9701142617407401,1.0292848351545,2000,2931,development
continuous_plus_binary_polynomial2,rae,0.8381345185380448,0.7777062457637373,0.8951802524311095,2000,2931,development
continuous_plus_binary_polynomial2,pearson,0.4703293709246537,0.39500727472885466,0.5338394662458653,2000,2931,development
continuous_plus_binary_polynomial2,spearman,0.44713846479493125,0.3830296239082673,0.5180580704025328,2000,2931,development
continuous_plus_binary_polynomial2,bias,-0.0009108093201564074,-0.056483634498186636,0.06287596614994491,2000,2931,development
mean_repr_384d_ridge,mae,0.6327901131780221,0.6115815405389196,0.6547272614338793,2000,2931,development
mean_repr_384d_ridge,rmse,0.8989032266181498,0.8310201690678075,0.9775947321104845,2000,2931,development
mean_repr_384d_ridge,rae,0.6855635270275162,0.6270415115875018,0.7405797742616034,2000,2931,development
mean_repr_384d_ridge,pearson,0.6268224996832585,0.5525476530370655,0.6930010931379583,2000,2931,development
mean_repr_384d_ridge,spearman,0.6537080648901005,0.6028140922785966,0.7083311351581206,2000,2931,development
mean_repr_384d_ridge,bias,-0.011661756342822297,-0.04236589615997217,0.020738810720690393,2000,2931,development
mean_repr_plus_readouts_386d_ridge,mae,0.6327705975106406,0.6115858670406081,0.6547346065327068,2000,2931,development
mean_repr_plus_readouts_386d_ridge,rmse,0.898816657556815,0.830985672623229,0.977443730027814,2000,2931,development
mean_repr_plus_readouts_386d_ridge,rae,0.685542383793,0.6269868900309762,0.7405523035960792,2000,2931,development
mean_repr_plus_readouts_386d_ridge,pearson,0.6268709914184276,0.5524914561648602,0.693048708068914,2000,2931,development
mean_repr_plus_readouts_386d_ridge,spearman,0.653668480901868,0.6027310051026153,0.7082979659564688,2000,2931,development
mean_repr_plus_readouts_386d_ridge,bias,-0.011641747540828383,-0.04236175594317415,0.020746325093703236,2000,2931,development
concat_repr_768d_ridge,mae,0.6262034641223359,0.6009831937359743,0.6538809049288268,2000,2931,development
concat_repr_768d_ridge,rmse,0.9373871946942732,0.8045415514739657,1.1350722191655458,2000,2931,development
concat_repr_768d_ridge,rae,0.6784275647805232,0.6282105903729228,0.7332311865372358,2000,2931,development
concat_repr_768d_ridge,pearson,0.612333767280422,0.49232520931685936,0.7018151561145011,2000,2931,development
concat_repr_768d_ridge,spearman,0.6637833257086054,0.6159250858455563,0.7141953492483055,2000,2931,development
concat_repr_768d_ridge,bias,-0.009319897050636817,-0.0412159072236366,0.021789378811700164,2000,2931,development
concat_repr_plus_member_readouts_772d_ridge,mae,0.6262152052813594,0.600991362786323,0.6539089336578846,2000,2931,development
concat_repr_plus_member_readouts_772d_ridge,rmse,0.9375584027162666,0.8045628440162704,1.1354935087638955,2000,2931,development
concat_repr_plus_member_readouts_772d_ridge,rae,0.6784402851284301,0.6282083370158154,0.733242415229121,2000,2931,development
concat_repr_plus_member_readouts_772d_ridge,pearson,0.6122335790803267,0.4921491766524963,0.7018142058437131,2000,2931,development
concat_repr_plus_member_readouts_772d_ridge,spearman,0.6637746846509466,0.6159133474542039,0.7141902886400354,2000,2931,development
concat_repr_plus_member_readouts_772d_ridge,bias,-0.009322966940301694,-0.041219766856195536,0.021785409455628856,2000,2931,development
mean_repr_384d_mlp32_fixed,mae,0.6647458055482472,0.6360634455393384,0.6972818899891234,2000,2931,development
mean_repr_384d_mlp32_fixed,rmse,0.9607371899038796,0.8464406398653992,1.1150699434403701,2000,2931,development
mean_repr_384d_mlp32_fixed,rae,0.7201842594215676,0.6756206512773087,0.7686056804413757,2000,2931,development
mean_repr_384d_mlp32_fixed,pearson,0.5878001763116499,0.4987203429076935,0.6535411575421725,2000,2931,development
mean_repr_384d_mlp32_fixed,spearman,0.6228758981804767,0.5760592703475065,0.6703627511959239,2000,2931,development
mean_repr_384d_mlp32_fixed,bias,-0.03774186553521049,-0.07821899458495662,0.005583271790034521,2000,2931,development
mean_repr_plus_readouts_386d_mlp32_fixed,mae,0.6680736049793922,0.6470946423542959,0.6890632364350177,2000,2931,development
mean_repr_plus_readouts_386d_mlp32_fixed,rmse,0.9051294763021562,0.8636667502730451,0.9558218647847658,2000,2931,development
mean_repr_plus_readouts_386d_mlp32_fixed,rae,0.7237895905854793,0.665975360064992,0.7813603323074004,2000,2931,development
mean_repr_plus_readouts_386d_mlp32_fixed,pearson,0.6299697263710788,0.574834075952338,0.681731982718172,2000,2931,development
mean_repr_plus_readouts_386d_mlp32_fixed,spearman,0.6042131352187025,0.5476438487486676,0.6641983020724349,2000,2931,development
mean_repr_plus_readouts_386d_mlp32_fixed,bias,0.013563427797492688,-0.020429859146238055,0.04939682648815499,2000,2931,development
fine_tuned_continuous_head,mae,0.6329507983947217,0.6110683189306284,0.6556288974448615,2000,2931,development
fine_tuned_continuous_head,rmse,0.860099040900178,0.8316284053583616,0.8885903706240513,2000,2931,development
fine_tuned_continuous_head,rae,0.6857376130658528,0.634572132031648,0.7365266556197531,2000,2931,development
fine_tuned_continuous_head,pearson,0.6576018969174745,0.6117570669155017,0.6970752334624978,2000,2931,development
fine_tuned_continuous_head,spearman,0.625215523785095,0.5729817244261738,0.6820209821665176,2000,2931,development
fine_tuned_continuous_head,bias,0.09665846527102673,0.06226370943866542,0.13066617317699486,2000,2931,development
fine_tuned_dual_branch_activity_adapter,mae,0.6289296897651208,0.6070779778599639,0.6513051193119513,2000,2931,development
fine_tuned_dual_branch_activity_adapter,rmse,0.860810161367077,0.8319504153388967,0.8900997575358264,2000,2931,development
fine_tuned_dual_branch_activity_adapter,rae,0.6813811521204928,0.6276895812271699,0.7323620681130366,2000,2931,development
fine_tuned_dual_branch_activity_adapter,pearson,0.6616579583513785,0.6168107170569044,0.7018504897314944,2000,2931,development
fine_tuned_dual_branch_activity_adapter,spearman,0.6317480986908106,0.57995630689978,0.68867202486442,2000,2931,development
fine_tuned_dual_branch_activity_adapter,bias,0.1285525330041282,0.09744702743579697,0.15974369628292487,2000,2931,development
lightgbm,mae,0.5159594459141478,0.4986861261519466,0.5335541735398104,2000,2931,development
lightgbm,rmse,0.7185388558091421,0.6898490931409954,0.7466630650000756,2000,2931,development
lightgbm,rae,0.5589894187309365,0.5145021952854885,0.6052529728691668,2000,2931,development
lightgbm,pearson,0.7735253996238479,0.7387862462637362,0.8024523264003101,2000,2931,development
lightgbm,spearman,0.7304467583777929,0.6884136290513381,0.7711065366761674,2000,2931,development
lightgbm,bias,0.028910611168909934,0.002907354399140955,0.05511779963832358,2000,2931,development
direct_affinity,mae,0.8150892652680602,0.7468566702062472,0.8896215364762613,2000,735,validation
direct_affinity,rmse,1.17160733597568,1.084180896933983,1.2614574073204972,2000,735,validation
direct_affinity,rae,0.9685779009824947,0.9364171376212794,1.0056848278062405,2000,735,validation
direct_affinity,pearson,0.32445132924785547,0.24334430512885244,0.40239607885008116,2000,735,validation
direct_affinity,spearman,0.3121615223525384,0.24378198415038985,0.380059967953636,2000,735,validation
direct_affinity,bias,0.6043922921222977,0.5233187897089756,0.6911913011185651,2000,735,validation
affinity_only_linear,mae,0.8110075330026221,0.7672881499592584,0.8591068420803669,2000,735,validation
affinity_only_linear,rmse,1.0112609308981693,0.9556954408751052,1.0717273087171666,2000,735,validation
affinity_only_linear,rae,0.9637275418396463,0.9117448245902653,1.024392304578002,2000,735,validation
affinity_only_linear,pearson,0.3244513292478555,0.24334430512885252,0.4023960788500813,2000,735,validation
affinity_only_linear,spearman,0.3121615223525384,0.24378198415038985,0.380059967953636,2000,735,validation
affinity_only_linear,bias,-0.10489150320738956,-0.18584324025311577,-0.019607261896108823,2000,735,validation
binder_logit_only_linear,mae,0.8211128777148072,0.7795270332365535,0.8656261745090956,2000,735,validation
binder_logit_only_linear,rmse,1.000490410208071,0.9502922145641249,1.053647215951893,2000,735,validation
binder_logit_only_linear,rae,0.9757358138008945,0.9209288625388969,1.0450955700274929,2000,735,validation
binder_logit_only_linear,pearson,0.3584791862263568,0.2650661504079537,0.4382164594407249,2000,735,validation
binder_logit_only_linear,spearman,0.3012317029377436,0.22260527807227307,0.3762451139897619,2000,735,validation
binder_logit_only_linear,bias,-0.1399976175415054,-0.21725286504642208,-0.05916988537352533,2000,735,validation
continuous_plus_binary_linear,mae,0.8032270598767274,0.760159973124952,0.8487330960981002,2000,735,validation
continuous_plus_binary_linear,rmse,0.9960267813174182,0.9413309180505525,1.0522751091311937,2000,735,validation
continuous_plus_binary_linear,rae,0.9544819356833053,0.900204175724173,1.0195018288207518,2000,735,validation
continuous_plus_binary_linear,pearson,0.3636326528512142,0.27604048834951445,0.44074004424293795,2000,735,validation
continuous_plus_binary_linear,spearman,0.3306748871588515,0.2595141721993191,0.3994419833013313,2000,735,validation
continuous_plus_binary_linear,bias,-0.11652160351989085,-0.1938567803937277,-0.03517950733307127,2000,735,validation
continuous_plus_binary_polynomial2,mae,0.7533563363723849,0.7117471740921917,0.7968048019662342,2000,735,validation
continuous_plus_binary_polynomial2,rmse,0.9583941360757953,0.9031114867140876,1.013486158638337,2000,735,validation
continuous_plus_binary_polynomial2,rae,0.8952201066412694,0.8382139031876167,0.9606191694457148,2000,735,validation
continuous_plus_binary_polynomial2,pearson,0.4399540154603113,0.358150781908164,0.5131851511030049,2000,735,validation
continuous_plus_binary_polynomial2,spearman,0.36605983844911005,0.29651778404310697,0.4341625852932481,2000,735,validation
continuous_plus_binary_polynomial2,bias,-0.09652134690318681,-0.1680461932955485,-0.019317566245081182,2000,735,validation
mean_repr_384d_ridge,mae,0.5963012186002129,0.5605256277331121,0.6321338971036513,2000,735,validation
mean_repr_384d_ridge,rmse,0.7886883696595698,0.7374765789837766,0.8404061560308134,2000,735,validation
mean_repr_384d_ridge,rae,0.7085900983803941,0.6511906722694529,0.7706325248003963,2000,735,validation
mean_repr_384d_ridge,pearson,0.6714380901313631,0.6176567503596578,0.7181909074844246,2000,735,validation
mean_repr_384d_ridge,spearman,0.6191128884008139,0.5648428260835782,0.6699850413610372,2000,735,validation
mean_repr_384d_ridge,bias,-0.05969531825826139,-0.11457696185287855,-0.005502955570696624,2000,735,validation
mean_repr_plus_readouts_386d_ridge,mae,0.5962993062814029,0.5605056666233857,0.6321059739441391,2000,735,validation
mean_repr_plus_readouts_386d_ridge,rmse,0.7886909951768879,0.7374609819067174,0.8403996392652324,2000,735,validation
mean_repr_plus_readouts_386d_ridge,rae,0.7085878259547619,0.6512095449623507,0.7706218390573201,2000,735,validation
mean_repr_plus_readouts_386d_ridge,pearson,0.6714336265735282,0.6176639234338115,0.7181727220464438,2000,735,validation
mean_repr_plus_readouts_386d_ridge,spearman,0.6191588288009943,0.5648782110957374,0.6700340809194006,2000,735,validation
mean_repr_plus_readouts_386d_ridge,bias,-0.05968200149069732,-0.11455264599840276,-0.005502090025719236,2000,735,validation
concat_repr_768d_ridge,mae,0.591550053282629,0.5553849068343292,0.6275864054185191,2000,735,validation
concat_repr_768d_ridge,rmse,0.7815987014709301,0.7312465060674287,0.8335627704122691,2000,735,validation
concat_repr_768d_ridge,rae,0.7029442459239607,0.6449099137532406,0.7679186313119505,2000,735,validation
concat_repr_768d_ridge,pearson,0.6802449225553814,0.6263600084257139,0.7269700511920719,2000,735,validation
concat_repr_768d_ridge,spearman,0.6233415714137569,0.5681478597408061,0.6747261036792781,2000,735,validation
concat_repr_768d_ridge,bias,-0.07003661065161983,-0.12236620244309956,-0.01558599467471125,2000,735,validation
concat_repr_plus_member_readouts_772d_ridge,mae,0.5915416220575109,0.5553760846191226,0.6275732964962575,2000,735,validation
concat_repr_plus_member_readouts_772d_ridge,rmse,0.7815996180233374,0.7312443622395276,0.8335638958567232,2000,735,validation
concat_repr_plus_member_readouts_772d_ridge,rae,0.7029342270233622,0.6448960435517366,0.7679050497938883,2000,735,validation
concat_repr_plus_member_readouts_772d_ridge,pearson,0.6802448888371453,0.6263616184792803,0.726977706645865,2000,735,validation
concat_repr_plus_member_readouts_772d_ridge,spearman,0.6233450397618499,0.5681456935045519,0.6747444408583971,2000,735,validation
concat_repr_plus_member_readouts_772d_ridge,bias,-0.07003929773670423,-0.12237552501878785,-0.0156004171363853,2000,735,validation
mean_repr_384d_mlp32_fixed,mae,0.6083822149453284,0.5667258082619394,0.6512883834901461,2000,735,validation
mean_repr_384d_mlp32_fixed,rmse,0.855152883581482,0.7676508977847043,0.9516496367489725,2000,735,validation
mean_repr_384d_mlp32_fixed,rae,0.7229460549367364,0.6629561036609529,0.7896441826605406,2000,735,validation
mean_repr_384d_mlp32_fixed,pearson,0.6259137206145644,0.5363316130350065,0.6983512447942553,2000,735,validation
mean_repr_384d_mlp32_fixed,spearman,0.5937427410787043,0.5379342397839536,0.646966913470129,2000,735,validation
mean_repr_384d_mlp32_fixed,bias,0.022790621756752838,-0.036674441174616566,0.08370611509772649,2000,735,validation
mean_repr_plus_readouts_386d_mlp32_fixed,mae,0.6357552116740244,0.5971574808368055,0.6756072590908221,2000,735,validation
mean_repr_plus_readouts_386d_mlp32_fixed,rmse,0.8528020117391014,0.7919515550391109,0.9119136452201034,2000,735,validation
mean_repr_plus_readouts_386d_mlp32_fixed,rae,0.7554736330129385,0.6911660095138756,0.8257519462153701,2000,735,validation
mean_repr_plus_readouts_386d_mlp32_fixed,pearson,0.6220504424654688,0.5585243802592467,0.6824506617422945,2000,735,validation
mean_repr_plus_readouts_386d_mlp32_fixed,spearman,0.5636768569808832,0.5066070952749607,0.6187479716994757,2000,735,validation
mean_repr_plus_readouts_386d_mlp32_fixed,bias,-0.10318406908994855,-0.15971736219910374,-0.04429530602318023,2000,735,validation
fine_tuned_continuous_head,mae,0.5968595563291139,0.5590786309846736,0.6363166146102752,2000,735,validation
fine_tuned_continuous_head,rmse,0.808844329818246,0.7542444525492795,0.8634305104824349,2000,735,validation
fine_tuned_continuous_head,rae,0.7092535761227006,0.6535629770655068,0.7709219469896418,2000,735,validation
fine_tuned_continuous_head,pearson,0.6483527412135469,0.5849762288663461,0.7005717183466998,2000,735,validation
fine_tuned_continuous_head,spearman,0.5812074216182777,0.519943974222073,0.6348937925853345,2000,735,validation
fine_tuned_continuous_head,bias,-0.007891130759493672,-0.06736714110781301,0.0489272581092185,2000,735,validation
fine_tuned_dual_branch_activity_adapter,mae,0.594827914050633,0.5574166249748258,0.6336641097294202,2000,735,validation
fine_tuned_dual_branch_activity_adapter,rmse,0.8014578868719424,0.747833535536114,0.8549991404672431,2000,735,validation
fine_tuned_dual_branch_activity_adapter,rae,0.7068393573401833,0.6506149352278421,0.7685841886976194,2000,735,validation
fine_tuned_dual_branch_activity_adapter,pearson,0.6571227553405538,0.5962262909440511,0.7077091931700774,2000,735,validation
fine_tuned_dual_branch_activity_adapter,spearman,0.5912638908293543,0.5311544528542421,0.6444725401058146,2000,735,validation
fine_tuned_dual_branch_activity_adapter,bias,-0.025205850253164564,-0.0839611768014158,0.030825556039344778,2000,735,validation
lightgbm,mae,0.4886110812562471,0.45558349512278584,0.5235408595513927,2000,735,validation
lightgbm,rmse,0.6895351522661249,0.6372494915621301,0.746270227820761,2000,735,validation
lightgbm,rae,0.5806209401179165,0.5282686081352026,0.6384835436461523,2000,735,validation
lightgbm,pearson,0.7601449961705956,0.7114406406862225,0.8000284878724084,2000,735,validation
lightgbm,spearman,0.6972646690999612,0.6470942784110391,0.7397090757815936,2000,735,validation
lightgbm,bias,0.014117066473124126,-0.03639714640563094,0.06644189296470904,2000,735,validation
