scope,outer_fold,representation,model_class,candidate,candidate_order,alpha,mae,rmse,spearman,pearson,bias,learning_rate,weight_decay,best_epochs,n,rae,calibration_intercept,calibration_slope
full_development,,member1_384d,ridge,alpha0,0,0.0,97.63273271831382,3139.1030459718,0.5166170777003654,0.029551983203149435,-53.34909431579554,,,,,,,
full_development,,member1_384d,ridge,alpha1,1,1.0,0.6845309980219705,0.9455558658055014,0.5826930083153222,0.5783566154712555,0.006973368731130606,,,,,,,
full_development,,member1_384d,ridge,alpha10,2,10.0,0.6730299821906778,0.9039841065039647,0.586348945367336,0.6079213484273971,0.0021673139533335112,,,,,,,
full_development,,member1_384d,ridge,alpha100,3,100.0,0.6863514252253996,0.9010380643577918,0.5695519327594026,0.606082998030189,-0.0014818934777131867,,,,,,,
full_development,,member1_384d,ridge,alpha1000,4,1000.0,0.7159610755483987,0.9323942704232705,0.5325522435011392,0.5683335024961722,-0.0008407478295636477,,,,,,,
full_development,,member2_384d,ridge,alpha0,0,0.0,0.6733537508321787,0.9932257719464107,0.62150778638503,0.5800204904139232,0.021246334421618197,,,,,,,
full_development,,member2_384d,ridge,alpha1,1,1.0,0.6579214328511518,0.9673231964571827,0.6327002147760715,0.5953165556959412,0.0146091819219516,,,,,,,
full_development,,member2_384d,ridge,alpha10,2,10.0,0.6359649508476952,0.9081253620722498,0.6476824078175545,0.6295059192198157,0.0066228393375644444,,,,,,,
full_development,,member2_384d,ridge,alpha100,3,100.0,0.6248929336789175,0.8726289858224755,0.6621509077254902,0.6483313633570837,-0.0014945898462311443,,,,,,,
full_development,,member2_384d,ridge,alpha1000,4,1000.0,0.6487285218178979,0.9237723647824605,0.6408334322867403,0.5926987607054944,-0.007185518176446721,,,,,,,
full_development,,mean_384d,ridge,alpha0,0,0.0,0.7475642532304619,1.6516346916345035,0.6091939018904341,0.34558994384491865,0.027067043282604855,,,,,,,
full_development,,mean_384d,ridge,alpha1,1,1.0,0.6719365639164806,1.1850440540069043,0.6419211202864771,0.4917539257778441,0.008250449429077078,,,,,,,
full_development,,mean_384d,ridge,alpha10,2,10.0,0.6305062056394585,0.9066224090673836,0.6579022164270911,0.630387686429248,-0.004448926247151321,,,,,,,
full_development,,mean_384d,ridge,alpha100,3,100.0,0.629237804491073,0.8694485617930879,0.6529727714133131,0.6476648597823983,-0.01130802383268075,,,,,,,
full_development,,mean_384d,ridge,alpha1000,4,1000.0,0.6615843083674102,0.8935331456485535,0.6140949134775762,0.6154714766839783,-0.008867285335983199,,,,,,,
full_development,,concat_768d,ridge,alpha0,0,0.0,112.01048945178795,3505.4233201792713,0.5483203320326684,0.02987933229092957,-61.419880338647694,,,,,,,
full_development,,concat_768d,ridge,alpha1,1,1.0,0.7050966231372149,1.1518584570843011,0.6111508446251473,0.5137959884151627,0.025671208200753373,,,,,,,
full_development,,concat_768d,ridge,alpha10,2,10.0,0.6492605311504631,1.0085577385637337,0.6476836502275591,0.5844463438041998,-0.00332322562408198,,,,,,,
full_development,,concat_768d,ridge,alpha100,3,100.0,0.6262024466987568,0.9374089759972086,0.6637836684161205,0.6123212865832875,-0.009321811149124504,,,,,,,
full_development,,concat_768d,ridge,alpha1000,4,1000.0,0.6427158367315644,0.9528898940649112,0.6450460062465448,0.5774083032096259,-0.012036243680624885,,,,,,,
outer_training,0.0,member1_384d,one_hidden_mlp,lr0.0001_wd0,0,,0.6904496373550915,0.9317852867722267,0.543879871118168,0.5827427868931111,0.12728658788003655,0.0001,0.0,40;38;21;23,2675.0,0.7449611649797391,0.25802068293899816,0.912765847651931
outer_training,0.0,member1_384d,one_hidden_mlp,lr0.0003_wd0,1,,0.6714966106218712,0.9137892530247977,0.5704163976795206,0.6054988010796127,0.11883758235646187,0.0003,0.0,25;19;21;25,2675.0,0.7245117822714525,0.37730631194548875,0.8874569875665005
outer_training,0.0,member1_384d,one_hidden_mlp,lr0.001_wd0,2,,0.6747638984350401,0.9205930606428786,0.5675404081630478,0.6036189003495772,0.16685843209685564,0.001,0.0,18;25;6;12,2675.0,0.7280370249596033,0.18386032214425313,0.9213018074332441
outer_training,0.0,member1_384d,one_hidden_mlp,lr0.0003_wd0.0001,3,,0.6725481587458995,0.9157228652532304,0.5687367938346136,0.6021961660154518,0.11893415394676067,0.0003,0.0001,24;19;21;19,2675.0,0.7256463509251623,0.32926604869127746,0.898334542436659
outer_training,0.0,member1_384d,one_hidden_mlp,lr0.001_wd0.0001,4,,0.6807862325494534,0.9323604736856929,0.5618467075818431,0.5920379140584671,0.17353554147871852,0.001,0.0001,18;9;6;12,2675.0,0.7345348269643327,0.25830116012415877,0.9032446231665011
outer_training,1.0,member1_384d,one_hidden_mlp,lr0.0001_wd0,0,,0.7115638090199601,1.2688928883670771,0.5406196296998447,0.39022434755249275,0.08123378596920618,0.0001,0.0,27;38;15;34,2675.0,0.7566901827957793,2.5785888960096024,0.38933155211519727
outer_training,1.0,member1_384d,one_hidden_mlp,lr0.0003_wd0,1,,0.7189256724361148,1.9995051530417933,0.5602062988897928,0.25097961352936266,0.06993048377473564,0.0003,0.0,15;21;10;22,2675.0,0.7645189252127949,3.6339403724261334,0.14741606552152542
outer_training,1.0,member1_384d,one_hidden_mlp,lr0.001_wd0,2,,0.718997295727594,2.183921184005794,0.5600067409645834,0.22952231813080398,0.07288512659197441,0.001,0.0,20;18;4;15,2675.0,0.7645950907524621,3.740197447630013,0.122873470221444
outer_training,1.0,member1_384d,one_hidden_mlp,lr0.0003_wd0.0001,3,,0.7156493518226815,1.8380985456432546,0.5584795776403683,0.2660536997671283,0.07068497218051589,0.0003,0.0001,15;21;10;20,2675.0,0.7610348249642296,3.527414500315215,0.1719071098682442
outer_training,1.0,member1_384d,one_hidden_mlp,lr0.001_wd0.0001,4,,0.7422066563482396,2.193907572099483,0.5299824222191568,0.206060425890528,0.11547030803546512,0.001,0.0001,7;10;4;3,2675.0,0.7892763563086715,3.7853149802024313,0.1114037465360843
outer_training,2.0,member1_384d,one_hidden_mlp,lr0.0001_wd0,0,,0.6993202020336735,0.9668819616735949,0.5385699560878984,0.5578402417673973,0.1248495236115122,0.0001,0.0,38;37;17;30,2675.0,0.7501637228715486,0.7429546221056444,0.8028194640529482
outer_training,2.0,member1_384d,one_hidden_mlp,lr0.0003_wd0,1,,0.6869405086378272,0.9569260329146595,0.5575262235212801,0.5718459272887267,0.11045865328993537,0.0003,0.0,19;27;24;12,2675.0,0.7368839736825079,0.8004177819575187,0.7923536991414858
outer_training,2.0,member1_384d,one_hidden_mlp,lr0.001_wd0,2,,0.6807261268500613,0.9638660943982752,0.5795534340976064,0.5799272491367071,0.05234750816818495,0.001,0.0,15;18;30;11,2675.0,0.7302177801938904,1.1461586130148174,0.7231167895786217
outer_training,2.0,member1_384d,one_hidden_mlp,lr0.0003_wd0.0001,3,,0.6893514303643214,0.9528398588078956,0.554460522369078,0.5697896597570068,0.0930682099136438,0.0003,0.0001,12;21;17;23,2675.0,0.7394701795616451,0.7172056060428323,0.8145522077821462
outer_training,2.0,member1_384d,one_hidden_mlp,lr0.001_wd0.0001,4,,0.6874366903901301,0.992891849130038,0.5694144131728737,0.5457236381564706,0.05804887069086947,0.001,0.0001,20;18;11;11,2675.0,0.737416229935718,1.2367107630033356,0.7012734231839339
outer_training,3.0,member1_384d,one_hidden_mlp,lr0.0001_wd0,0,,0.714133897769431,1.2485270837629057,0.5358646431467636,0.4043403558498606,0.08812850009650612,0.0001,0.0,40;15;37;25,2675.0,0.7670718180663111,2.5250806001995105,0.4034121682820331
outer_training,3.0,member1_384d,one_hidden_mlp,lr0.0003_wd0,1,,0.7212869245051424,1.9294788475559055,0.5557930506268489,0.27259896313118603,0.03083906534711676,0.0003,0.0,23;10;16;16,2675.0,0.7747550904049819,3.5844874159158517,0.1636937079159905
outer_training,3.0,member1_384d,one_hidden_mlp,lr0.001_wd0,2,,0.7243048074298016,2.027626372472489,0.5509051991899502,0.25598317205019566,0.07412828855460835,0.001,0.0,22;4;10;13,2675.0,0.7779966855021482,3.6527459404195577,0.14643758429798584
outer_training,3.0,member1_384d,one_hidden_mlp,lr0.0003_wd0.0001,3,,0.717960562293866,1.8362092787621833,0.5578560106008655,0.28543980466288305,0.042975276697816214,0.0003,0.0001,23;10;16;20,2675.0,0.771182148808286,3.508923165179789,0.1806662194240415
outer_training,3.0,member1_384d,one_hidden_mlp,lr0.001_wd0.0001,4,,0.7205702070373442,2.025357935494282,0.5571631893918791,0.26192501283901043,0.09183493554070517,0.001,0.0001,22;4;14;14,2675.0,0.7739852434998271,3.636691981930527,0.14950810131925982
outer_training,4.0,member1_384d,one_hidden_mlp,lr0.0001_wd0,0,,0.6881909784103524,0.9479045930439043,0.5152712713629061,0.533352951862549,0.11913278442451736,0.0001,0.0,40;27;37;32,2676.0,0.7793288306019339,0.6062033675868403,0.8377006939745856
outer_training,4.0,member1_384d,one_hidden_mlp,lr0.0003_wd0,1,,0.6786810456729545,0.9264265436472235,0.5259311323243111,0.5563093940650047,0.10714179039326448,0.0003,0.0,34;15;14;16,2676.0,0.7685594875099062,0.38928185693898365,0.888622719409781
outer_training,4.0,member1_384d,one_hidden_mlp,lr0.001_wd0,2,,0.6704008743860954,0.9015251783951913,0.5370110649828693,0.5831517102130854,0.07601683928417481,0.001,0.0,25;20;9;13,2676.0,0.7591827644655599,0.2891092911079869,0.9175044626715328
outer_training,4.0,member1_384d,one_hidden_mlp,lr0.0003_wd0.0001,3,,0.6725813635380568,0.91785294341475,0.5349781221708108,0.5697482587610909,0.1073874638777745,0.0003,0.0001,34;23;14;27,2676.0,0.7616520180801067,0.4621615105699765,0.8722234124058891
outer_training,4.0,member1_384d,one_hidden_mlp,lr0.001_wd0.0001,4,,0.6792025544507957,0.9160417742143674,0.5263724432697654,0.56730964411809,0.0782123295772571,0.001,0.0001,13;15;9;13,2676.0,0.7691500602415082,0.4503529555414443,0.8806367040816087
outer_training,0.0,member1_384d,two_hidden_mlp,lr0.0001_wd0,0,,0.6787708261240308,0.9462143672769703,0.5650765948926452,0.5785101911851497,0.11814973967543274,0.0001,0.0,24;19;34;25,2675.0,0.7323603026581982,0.7653997563972887,0.7995483963396915
outer_training,0.0,member1_384d,two_hidden_mlp,lr0.0003_wd0,1,,0.6656761487871686,0.919602661357722,0.5726581471299773,0.6049150255707146,0.11700515807677654,0.0003,0.0,17;21;27;15,2675.0,0.7182317905175136,0.6001653599712207,0.8372526714995582
outer_training,0.0,member1_384d,two_hidden_mlp,lr0.001_wd0,2,,0.6782439913099058,0.9257743807313823,0.560266771688495,0.6021732000886597,0.15045431375949184,0.001,0.0,10;12;12;8,2675.0,0.7317918738320408,0.5429272535365439,0.843836468468309
outer_training,0.0,member1_384d,two_hidden_mlp,lr0.0003_wd0.0001,3,,0.6670040201655058,0.9186451466419757,0.5760796508062377,0.6045004935111352,0.09276482993642861,0.0003,0.0001,18;21;17;15,2675.0,0.7196644983580719,0.6638812899180748,0.8273447319121476
outer_training,0.0,member1_384d,two_hidden_mlp,lr0.001_wd0.0001,4,,0.6603641089537434,0.9015183479391756,0.5761842044900392,0.6209183562680122,0.13107960030742893,0.001,0.0001,20;13;26;8,2675.0,0.7125003610712091,0.3240098732812871,0.8970554537623654
outer_training,1.0,member1_384d,two_hidden_mlp,lr0.0001_wd0,0,,0.7771738122925781,4.204448205113538,0.5598666156224146,0.10975711178669377,0.22035597824952097,0.0001,0.0,18;24;16;33,2675.0,0.8264610799946788,4.138765788664521,0.030167111816098907
outer_training,1.0,member1_384d,two_hidden_mlp,lr0.0003_wd0,1,,0.7287155432428356,2.2472102381248336,0.5625180822062847,0.220336095944936,0.15110870487569433,0.0003,0.0,8;10;9;18,2675.0,0.7749296558266628,3.765867668804932,0.11490101819553201
outer_training,1.0,member1_384d,two_hidden_mlp,lr0.001_wd0,2,,0.720392437979794,2.176548611552205,0.5622886727152479,0.2218147786244099,0.15658444276827305,0.001,0.0,33;7;12;8,2675.0,0.7660787109597594,3.7422802922265292,0.12008235540861775
outer_training,1.0,member1_384d,two_hidden_mlp,lr0.0003_wd0.0001,3,,0.7299640253640982,2.323993483795806,0.5625576465102349,0.2126688311787173,0.15012732079443314,0.0003,0.0001,8;10;9;18,2675.0,0.7762573149242448,3.8006021308454785,0.10707599565503534
outer_training,1.0,member1_384d,two_hidden_mlp,lr0.001_wd0.0001,4,,0.7222496052888153,2.083914367720981,0.5553337683501142,0.2256831317088744,0.15775198543530544,0.001,0.0001,26;10;4;8,2675.0,0.7680536572017291,3.7047984377099836,0.12850760896004385
outer_training,2.0,member1_384d,two_hidden_mlp,lr0.0001_wd0,0,,0.7097499740969557,1.3478027923851608,0.5498474164880579,0.37211489068729986,0.15164103178701452,0.0001,0.0,22;27;26;17,2675.0,0.761351783243522,2.7681192281362637,0.34059268725713576
outer_training,2.0,member1_384d,two_hidden_mlp,lr0.0003_wd0,1,,0.6920291455022843,1.1900066850202755,0.567651812962986,0.44920156816139345,0.11615927104004974,0.0003,0.0,8;18;24;10,2675.0,0.7423425758557064,2.2622418463421976,0.45851576195866706
outer_training,2.0,member1_384d,two_hidden_mlp,lr0.001_wd0,2,,0.675936301668468,0.9722883303812487,0.5766344931524812,0.5764996081370239,0.11664473990894708,0.001,0.0,12;18;32;8,2675.0,0.7250797145700477,1.1068868283529938,0.7214726159590534
outer_training,2.0,member1_384d,two_hidden_mlp,lr0.0003_wd0.0001,3,,0.6922555287097304,1.1867218878966568,0.5675882202045031,0.4500580454381558,0.11408484512881482,0.0003,0.0001,8;18;24;10,2675.0,0.7425854180747635,2.2515945981550245,0.4611575876026856
outer_training,2.0,member1_384d,two_hidden_mlp,lr0.001_wd0.0001,4,,0.6909402251532346,0.970749777086352,0.559909670124181,0.5701738419357647,0.12598359028236672,0.001,0.0001,9;10;11;8,2675.0,0.7411744864160217,0.9981851936318447,0.7446346613375198
outer_training,3.0,member1_384d,two_hidden_mlp,lr0.0001_wd0,0,,0.7715106377765598,3.828015632639719,0.5445799212783895,0.08276034223027794,0.19592060064636443,0.0001,0.0,19;16;25;23,2675.0,0.8287018294821762,4.179082464938817,0.02518862601815667
outer_training,3.0,member1_384d,two_hidden_mlp,lr0.0003_wd0,1,,0.7255417480695114,2.084365818047825,0.5538029431163201,0.201463920080259,0.14328508780416827,0.0003,0.0,22;9;12;13,2675.0,0.7793253191215659,3.778804020934807,0.11573352995171511
outer_training,3.0,member1_384d,two_hidden_mlp,lr0.001_wd0,2,,0.7265295980572902,2.1582206501344987,0.550983944856403,0.20773207150408635,0.15956041574513585,0.001,0.0,12;4;8;20,2675.0,0.7803863972869759,3.78488481114761,0.11394445881583919
outer_training,3.0,member1_384d,two_hidden_mlp,lr0.0003_wd0.0001,3,,0.7302035051073071,2.1448295136390763,0.5490006092834192,0.18795054477925277,0.15588966028748055,0.0003,0.0001,12;9;12;13,2675.0,0.7843326468195432,3.8243973985087916,0.1051553064602936
outer_training,3.0,member1_384d,two_hidden_mlp,lr0.001_wd0.0001,4,,0.7226011280232703,2.104163431783637,0.5471795840348144,0.20671013662059903,0.13481553467670118,0.001,0.0001,14;4;8;20,2675.0,0.7761667143106782,3.7745042793471786,0.11692621517186416
outer_training,4.0,member1_384d,two_hidden_mlp,lr0.0001_wd0,0,,0.6909041584842387,1.2189728628151453,0.5292211585025993,0.3964993275625858,0.15360515449649156,0.0001,0.0,25;38;27;20,2676.0,0.7824013199552214,2.5551208159398513,0.3985419294389035
outer_training,4.0,member1_384d,two_hidden_mlp,lr0.0003_wd0,1,,0.687953844250761,1.053179257456765,0.5297256894339322,0.46501617914219584,0.13842407710562693,0.0003,0.0,12;21;10;14,2676.0,0.7790602925171759,1.7368828967372691,0.5821897598474238
outer_training,4.0,member1_384d,two_hidden_mlp,lr0.001_wd0,2,,0.6900418353128839,1.0343470425617014,0.5215335956204661,0.48922096008884924,0.15597994634156948,0.001,0.0,10;8;12;11,2676.0,0.7814247984229497,1.6019334482083813,0.6098704803202347
outer_training,4.0,member1_384d,two_hidden_mlp,lr0.0003_wd0.0001,3,,0.6870128450598575,1.0455819529580763,0.5297862761762943,0.4701843936837465,0.1355655833222563,0.0003,0.0001,12;21;10;14,2676.0,0.7779946758176688,1.6880376117715634,0.5934502216642633
outer_training,4.0,member1_384d,two_hidden_mlp,lr0.001_wd0.0001,4,,0.6792003464604329,0.9881749245757071,0.5342309843424999,0.5112221674645857,0.06891276414208847,0.001,0.0001,14;23;12;16,2676.0,0.7691475598446686,1.3571867047534096,0.6772732279676451
outer_training,0.0,member2_384d,one_hidden_mlp,lr0.0001_wd0,0,,0.6361583713486929,1.022311344064014,0.6349158015598508,0.5505777444573897,0.07135166480608075,0.0001,0.0,18;24;30;9,2675.0,0.6863835619451659,1.5821445143562882,0.620844417135424
outer_training,0.0,member2_384d,one_hidden_mlp,lr0.0003_wd0,1,,0.6266809291110975,0.9721026826057775,0.6407010784023356,0.5802552815179756,0.1050490215103203,0.0003,0.0,11;13;16;8,2675.0,0.6761578683849617,1.229305137044745,0.6963715347214943
outer_training,0.0,member2_384d,one_hidden_mlp,lr0.001_wd0,2,,0.6291143081825471,0.9131550077532146,0.6370891042267434,0.6284961672850542,0.06136722620848184,0.001,0.0,7;13;10;13,2675.0,0.6787833645976161,1.0031026895687263,0.7553511930713736
outer_training,0.0,member2_384d,one_hidden_mlp,lr0.0003_wd0.0001,3,,0.6269203520917447,0.9713197199953233,0.6404519875231212,0.5804181230181259,0.10136412429363928,0.0003,0.0001,11;13;16;8,2675.0,0.6764161939932842,1.2286762807335392,0.6970991382979929
outer_training,0.0,member2_384d,one_hidden_mlp,lr0.001_wd0.0001,4,,0.6311347403532992,0.9082572923116898,0.6335887340059252,0.6314250564556438,0.09060936062024018,0.001,0.0001,7;13;10;8,2675.0,0.6809633114355227,0.9074657280592477,0.7721422003262746
outer_training,1.0,member2_384d,one_hidden_mlp,lr0.0001_wd0,0,,0.6189089795191511,0.8417854181085725,0.6509412989968957,0.6844621363090717,0.05401025403116136,0.0001,0.0,22;34;36;19,2675.0,0.6581593146106153,0.40015206490522254,0.8950730952604383
outer_training,1.0,member2_384d,one_hidden_mlp,lr0.0003_wd0,1,,0.6174715707463437,0.842299632583954,0.6527973949114911,0.6834516516606692,0.059617966840331875,0.0003,0.0,16;19;17;12,2675.0,0.6566307473995511,0.3551027124631142,0.9043094262333912
outer_training,1.0,member2_384d,one_hidden_mlp,lr0.001_wd0,2,,0.6200995505877542,0.8442413623490528,0.6486106388283577,0.6831145142428828,0.07800124128635583,0.001,0.0,12;5;13;21,2675.0,0.6594253900182073,0.3424999966998681,0.9033854555618396
outer_training,1.0,member2_384d,one_hidden_mlp,lr0.0003_wd0.0001,3,,0.6154414190948365,0.8399514077294971,0.6539641341586747,0.6860674712781701,0.05990043035524813,0.0003,0.0001,16;24;17;18,2675.0,0.6544718463919268,0.37233442560144997,0.9002747922874416
outer_training,1.0,member2_384d,one_hidden_mlp,lr0.001_wd0.0001,4,,0.6239085907946896,0.8528810522072494,0.6518551368368752,0.6825066510713288,0.13682700031653808,0.001,0.0001,12;5;18;11,2675.0,0.663475994185994,0.3144970170259086,0.8976864532488378
outer_training,2.0,member2_384d,one_hidden_mlp,lr0.0001_wd0,0,,0.6373809304893373,1.0337508956489425,0.6400453130248128,0.5487023433875396,0.0777656131418153,0.0001,0.0,22;27;28;10,2675.0,0.6837212056976865,1.6028150033854036,0.6140127868025693
outer_training,2.0,member2_384d,one_hidden_mlp,lr0.0003_wd0,1,,0.6317868293141852,1.0395613343068402,0.6464628925039594,0.5389984289678169,0.05248675701141142,0.0003,0.0,25;15;15;10,2675.0,0.6777203898318378,1.6420741683471558,0.6085290116167156
outer_training,2.0,member2_384d,one_hidden_mlp,lr0.001_wd0,2,,0.6369776077924689,1.024103080266352,0.6400213121697649,0.5639311572673024,0.12084789962893121,0.001,0.0,25;5;11;12,2675.0,0.6832885597439139,1.5260969488686233,0.6254442781387322
outer_training,2.0,member2_384d,one_hidden_mlp,lr0.0003_wd0.0001,3,,0.6321241019878231,1.0401309065051376,0.646231521798049,0.5383692251481808,0.04900629246827382,0.0003,0.0001,25;15;15;10,2675.0,0.6780821836478084,1.647559529455465,0.6077504623381051
outer_training,2.0,member2_384d,one_hidden_mlp,lr0.001_wd0.0001,4,,0.6487282684135458,0.9673740599270945,0.6320922852641182,0.6005306985861069,0.09254560471062133,0.001,0.0001,8;5;11;6,2675.0,0.6958935428290195,1.2717454337757272,0.6877166443062162
outer_training,3.0,member2_384d,one_hidden_mlp,lr0.0001_wd0,0,,0.6392205061908993,1.0660623669104634,0.6367201139439964,0.5192095588731815,0.08139599245320757,0.0001,0.0,16;20;30;9,2675.0,0.686605183370571,1.7480301274442405,0.58170455662156
outer_training,3.0,member2_384d,one_hidden_mlp,lr0.0003_wd0,1,,0.6307539296182315,0.9943475531168207,0.6493003190198708,0.5758242784357296,0.07880795204786281,0.0003,0.0,20;14;19;4,2675.0,0.6775109892640048,1.4071014666545916,0.6600479501653697
outer_training,3.0,member2_384d,one_hidden_mlp,lr0.001_wd0,2,,0.6429159369692423,1.046354843721658,0.6427895693046057,0.5330253977084791,0.06665445215269569,0.001,0.0,19;8;5;14,2675.0,0.6905745521605635,1.6655233917284529,0.60260073802208
outer_training,3.0,member2_384d,one_hidden_mlp,lr0.0003_wd0.0001,3,,0.6318066427860103,0.9941127128818228,0.6481700569036762,0.5762408782297607,0.07629780401728763,0.0003,0.0001,20;14;19;4,2675.0,0.6786417388419658,1.4103855774371628,0.6596754379753117
outer_training,3.0,member2_384d,one_hidden_mlp,lr0.001_wd0.0001,4,,0.6384696918448353,1.0329971275336045,0.645612693181028,0.5573205623395049,0.06366733105418623,0.001,0.0001,9;18;5;13,2675.0,0.6857987120249809,1.6432271491702397,0.6081327406480503
outer_training,4.0,member2_384d,one_hidden_mlp,lr0.0001_wd0,0,,0.6044761329952577,0.8296183146033432,0.6382064644461778,0.6675383420742809,0.08719815310154046,0.0001,0.0,30;33;30;25,2676.0,0.684527540512273,0.3207607676702946,0.908059214005716
outer_training,4.0,member2_384d,one_hidden_mlp,lr0.0003_wd0,1,,0.6087861329625384,0.8361589492546185,0.6381239158834666,0.661573034207767,0.09768067239859499,0.0003,0.0,15;17;14;10,2676.0,0.6894083182902002,0.2902015954856204,0.9127898713019038
outer_training,4.0,member2_384d,one_hidden_mlp,lr0.001_wd0,2,,0.6102853708914912,0.8398607106088173,0.6357518138214832,0.6579421451251899,0.07338856560134174,0.001,0.0,10;15;13;14,2676.0,0.6911061018686245,0.4474865671721218,0.8822450597024717
outer_training,4.0,member2_384d,one_hidden_mlp,lr0.0003_wd0.0001,3,,0.6075217567759758,0.8351827452763931,0.6368963926645173,0.6654745816368535,0.09539946039152215,0.0003,0.0001,24;14;14;10,2676.0,0.6879764994407425,0.43689871890543125,0.8802584739728554
outer_training,4.0,member2_384d,one_hidden_mlp,lr0.001_wd0.0001,4,,0.6071357352502834,0.8274253967057317,0.6368238986815026,0.6675438985224036,0.025167117056377614,0.001,0.0001,15;13;18;13,2676.0,0.6875393566800223,0.4717402546838567,0.8864253509782268
outer_training,0.0,member2_384d,two_hidden_mlp,lr0.0001_wd0,0,,0.6346940247972436,1.4534941065233253,0.6397842660945481,0.37374263913675215,0.11158147810107082,0.0001,0.0,11;20;30;18,2675.0,0.6848036041120635,2.9781145854163564,0.2979920080679809
outer_training,0.0,member2_384d,two_hidden_mlp,lr0.0003_wd0,1,,0.6310377756457463,1.3867590736200355,0.6395166157161456,0.4066073822466198,0.07875629521307546,0.0003,0.0,8;19;19;9,2675.0,0.6808586912900516,2.8311535600899815,0.33387302309564715
outer_training,0.0,member2_384d,two_hidden_mlp,lr0.001_wd0,2,,0.640760049771817,1.1155110721810384,0.6192060330668296,0.5078455794505787,0.10737351625210771,0.001,0.0,3;8;3;4,2675.0,0.6913485464038218,1.998741891406407,0.5210128256176997
outer_training,0.0,member2_384d,two_hidden_mlp,lr0.0003_wd0.0001,3,,0.6335577914799485,1.3937945229560835,0.638315496338155,0.40137905143312086,0.08217165178673291,0.0003,0.0001,8;10;19;9,2675.0,0.6835776643042256,2.8502800424709185,0.3292372434943397
outer_training,0.0,member2_384d,two_hidden_mlp,lr0.001_wd0.0001,4,,0.6273506753155005,1.105948793909831,0.6317958117793565,0.5252761200205627,0.10818278703065677,0.001,0.0001,10;8;21;4,2675.0,0.6768804915651028,1.9646443307045383,0.5286702244407335
outer_training,1.0,member2_384d,two_hidden_mlp,lr0.0001_wd0,0,,0.6119447668990041,0.834215904925208,0.6551243922368187,0.6931134213351187,0.09053553045700427,0.0001,0.0,18;23;17;33,2675.0,0.6507534414425774,0.30082230728599146,0.9103396670033806
outer_training,1.0,member2_384d,two_hidden_mlp,lr0.0003_wd0,1,,0.609677807354613,0.8257090924080971,0.6555509907770067,0.6972957550244071,0.04314373840028779,0.0003,0.0,16;12;19;12,2675.0,0.6483427145192976,0.33731230268570345,0.9118805192559405
outer_training,1.0,member2_384d,two_hidden_mlp,lr0.001_wd0,2,,0.6170140636021644,0.8276442903735094,0.6510674148150116,0.6914802281835958,0.004651063305326795,0.001,0.0,12;7;10;14,2675.0,0.6561442257971719,0.10084779333370585,0.9753450280791075
outer_training,1.0,member2_384d,two_hidden_mlp,lr0.0003_wd0.0001,3,,0.60591033121394,0.8260763171808536,0.6618564487178086,0.6996600440308948,0.04549182681627147,0.0003,0.0001,16;26;18;12,2675.0,0.6443363103522687,0.4481191293932558,0.8857342413801826
outer_training,1.0,member2_384d,two_hidden_mlp,lr0.001_wd0.0001,4,,0.6215081282993545,0.8397938489004263,0.6428196958210185,0.6827340462582744,0.026575534135513296,0.001,0.0001,10;7;4;14,2675.0,0.6609232977428018,0.3028862970880755,0.923397605958054
outer_training,2.0,member2_384d,two_hidden_mlp,lr0.0001_wd0,0,,0.6413285864708781,1.566893437640905,0.6497777068869987,0.35496236493683625,0.13710911898336464,0.0001,0.0,22;19;31;19,2675.0,0.6879558728774947,3.12060895600387,0.261844718264464
outer_training,2.0,member2_384d,two_hidden_mlp,lr0.0003_wd0,1,,0.6359796992351875,1.3729351100648892,0.6472301609568207,0.407086042242591,0.0681013383646079,0.0003,0.0,16;18;22;7,2675.0,0.6822180990361598,2.790139882032026,0.3420733242890785
outer_training,2.0,member2_384d,two_hidden_mlp,lr0.001_wd0,2,,0.6427680334346115,0.9940522596741325,0.629686212484146,0.5703284649435678,0.10937862726496546,0.001,0.0,6;7;7;14,2675.0,0.6894999736914712,1.3238831332382381,0.6731886092912984
outer_training,2.0,member2_384d,two_hidden_mlp,lr0.0003_wd0.0001,3,,0.6362809717165888,1.377105493227062,0.6467822339060721,0.40667289424886816,0.07233961858963082,0.0003,0.0001,16;18;22;7,2675.0,0.6825412752944597,2.7960458180281442,0.3403817876199056
outer_training,2.0,member2_384d,two_hidden_mlp,lr0.001_wd0.0001,4,,0.6400740141775919,1.2070584627736094,0.6403050298915495,0.47355683177727187,0.04446652582239667,0.001,0.0001,6;7;13;7,2675.0,0.6866100879003036,2.3464054269968617,0.44664464078980326
outer_training,3.0,member2_384d,two_hidden_mlp,lr0.0001_wd0,0,,0.6396606205526713,1.4846686990253666,0.651023053644691,0.36743397151601004,0.07950338896225331,0.0001,0.0,33;18;36;20,2675.0,0.6870779229012051,3.0341343833440293,0.2877633412628681
outer_training,3.0,member2_384d,two_hidden_mlp,lr0.0003_wd0,1,,0.6386544461799358,1.4075128081403663,0.6474104064324018,0.39422405457635357,0.09701420844193716,0.0003,0.0,19;11;14;8,2675.0,0.6859971619853649,2.8677395392128147,0.32452582923189
outer_training,3.0,member2_384d,two_hidden_mlp,lr0.001_wd0,2,,0.6404316779525279,1.2154048647158633,0.6405739728814824,0.4606454251787319,0.10982144112934361,0.001,0.0,7;10;16;8,2675.0,0.6879061378947643,2.3495709056561074,0.44129502296726764
outer_training,3.0,member2_384d,two_hidden_mlp,lr0.0003_wd0.0001,3,,0.634237292309879,1.4067784084252757,0.6530379286045666,0.39915308928025833,0.11058103389864556,0.0003,0.0001,19;11;24;8,2675.0,0.6812525696051875,2.851427458911857,0.32723082034183226
outer_training,3.0,member2_384d,two_hidden_mlp,lr0.001_wd0.0001,4,,0.6533177941069224,1.2318000821270771,0.6224327905491498,0.4377365938488825,0.1110750739600258,0.001,0.0001,3;4;13;8,2675.0,0.7017474869432259,2.419972576541156,0.4251806501916687
outer_training,4.0,member2_384d,two_hidden_mlp,lr0.0001_wd0,0,,0.6038489505255682,0.8261399046614157,0.6372442036077088,0.6672190990089725,0.06964025371045951,0.0001,0.0,15;19;31;21,2676.0,0.6838172996111118,0.18570273392369455,0.9422253106498175
outer_training,4.0,member2_384d,two_hidden_mlp,lr0.0003_wd0,1,,0.6030722945789564,0.8246212241132601,0.6350269642238516,0.6681876857432456,0.058695490826581785,0.0003,0.0,15;12;13;9,2676.0,0.6829377903038973,0.221847366785315,0.9363659274565593
outer_training,4.0,member2_384d,two_hidden_mlp,lr0.001_wd0,2,,0.6150633516659137,0.8425932319522309,0.6276930940820032,0.6596284314644715,0.13392114369448488,0.001,0.0,8;5;13;9,2676.0,0.696516835642221,0.23043539007193678,0.9187414270952857
outer_training,4.0,member2_384d,two_hidden_mlp,lr0.0003_wd0.0001,3,,0.6034221518533269,0.8252364847990331,0.6347276706729886,0.6677259511585335,0.05668317275677881,0.0003,0.0001,15;12;13;9,2676.0,0.6833339795436089,0.24855194944726078,0.9307334936672093
outer_training,4.0,member2_384d,two_hidden_mlp,lr0.001_wd0.0001,4,,0.6191433560033928,0.8494514948106244,0.6221599470278528,0.6530674430449397,0.1206963474096539,0.001,0.0001,4;5;7;9,2676.0,0.7011371592281579,0.3897623900004818,0.885821044542466
outer_training,0.0,mean_384d,one_hidden_mlp,lr0.0001_wd0,0,,0.6316569009139159,0.8677143108373424,0.6314536891713352,0.6534080940522233,0.07112778479139381,0.0001,0.0,35;38;32;30,2675.0,0.6815266969722775,0.4909001371442637,0.8711173528775806
outer_training,0.0,mean_384d,one_hidden_mlp,lr0.0003_wd0,1,,0.6256832511587399,0.8605254135996101,0.6343841522655277,0.6621019637173604,0.08471905943904524,0.0003,0.0,18;26;14;35,2675.0,0.6750814229942305,0.47550540373395744,0.871930074060052
outer_training,0.0,mean_384d,one_hidden_mlp,lr0.001_wd0,2,,0.6326210150139354,0.8562720339019195,0.6283283988678596,0.6601510023348034,0.0395788197918473,0.001,0.0,12;12;8;16,2675.0,0.682566928618825,0.39981638315934137,0.8985048508763386
outer_training,0.0,mean_384d,one_hidden_mlp,lr0.0003_wd0.0001,3,,0.6242323693899351,0.8624518136941478,0.6389615064314828,0.6642780342115042,0.08385437444437331,0.0003,0.0001,24;20;21;21,2675.0,0.673515992998674,0.5977799450586679,0.844144406345421
outer_training,0.0,mean_384d,one_hidden_mlp,lr0.001_wd0.0001,4,,0.6439439432863877,0.8741788605785616,0.6218077527262903,0.6492369893809904,0.09150657730570463,0.001,0.0001,11;13;10;7,2675.0,0.6947838107496356,0.49577321446142814,0.8659530947066855
outer_training,1.0,mean_384d,one_hidden_mlp,lr0.0001_wd0,0,,0.651938519403959,1.4297851468563296,0.6394370678738791,0.3710038057253169,0.10309917817953375,0.0001,0.0,35;40;29;39,2675.0,0.6932835413577834,2.921443565973319,0.309064055343413
outer_training,1.0,mean_384d,one_hidden_mlp,lr0.0003_wd0,1,,0.6537467656479615,0.9392691077066179,0.6267189808426059,0.6091877847607854,0.012290652949250825,0.0003,0.0,29;22;18;5,2675.0,0.6952064640297482,1.081223151871083,0.7449024151212794
outer_training,1.0,mean_384d,one_hidden_mlp,lr0.001_wd0,2,,0.6444241777425413,0.9619957799806815,0.627974141575621,0.5993370535710496,0.08562140299128379,0.001,0.0,13;12;4;27,2675.0,0.6852926507401177,1.1724199182255806,0.7114570718340936
outer_training,1.0,mean_384d,one_hidden_mlp,lr0.0003_wd0.0001,3,,0.6589140782778307,0.9446103463632437,0.6211788425618512,0.6079909391992246,0.0022194910474113987,0.0003,0.0001,17;19;18;5,2675.0,0.7007014803429639,1.1464215101354587,0.7314111780278261
outer_training,1.0,mean_384d,one_hidden_mlp,lr0.001_wd0.0001,4,,0.6604667877022553,1.1247548640896587,0.6261681177868201,0.48598224802442247,0.14418037973065026,0.001,0.0001,24;12;4;8,2675.0,0.7023526604104477,1.9294910806277394,0.5306884033797277
outer_training,2.0,mean_384d,one_hidden_mlp,lr0.0001_wd0,0,,0.631827662331347,0.8536053115447885,0.6352048533093437,0.6698459757349235,0.0776889910896449,0.0001,0.0,38;32;40;32,2675.0,0.6777641915811383,0.33428414499498066,0.905378439099636
outer_training,2.0,mean_384d,one_hidden_mlp,lr0.0003_wd0,1,,0.6276898618434279,0.8466582896504139,0.6370379571490248,0.675221730694034,0.07625151449755872,0.0003,0.0,20;23;22;15,2675.0,0.6733255555893702,0.2606913665120286,0.9225857510113895
outer_training,2.0,mean_384d,one_hidden_mlp,lr0.001_wd0,2,,0.6344195121394341,0.8567370625943895,0.6303496142860049,0.6653785266740329,0.04672397246351651,0.001,0.0,16;4;11;15,2675.0,0.6805444797745929,0.4048591625127899,0.895537920106237
outer_training,2.0,mean_384d,one_hidden_mlp,lr0.0003_wd0.0001,3,,0.6320469893553748,0.8542785408096121,0.630851268521748,0.6683026981460135,0.08062140671094786,0.0003,0.0001,19;9;18;18,2675.0,0.6779994646025561,0.2672714282354392,0.9201501159650927
outer_training,2.0,mean_384d,one_hidden_mlp,lr0.001_wd0.0001,4,,0.6435740834328415,0.8758340046988434,0.6244261679803668,0.6570525882747561,0.10264958425026972,0.001,0.0001,16;13;10;8,2675.0,0.6903646269157515,0.5665948072876207,0.8471648372751391
outer_training,3.0,mean_384d,one_hidden_mlp,lr0.0001_wd0,0,,0.6402212690824459,0.8660793778852167,0.6292369691763356,0.6580796647949392,0.07781058290886887,0.0001,0.0,39;30;37;25,2675.0,0.6876801316583776,0.37759075146515597,0.8957877585739781
outer_training,3.0,mean_384d,one_hidden_mlp,lr0.0003_wd0,1,,0.6274168023613924,0.850867533967195,0.6444076882538656,0.6713072145970209,0.06859144068245361,0.0003,0.0,23;25;28;13,2675.0,0.6739264846213632,0.3226577543700967,0.9102787982675231
outer_training,3.0,mean_384d,one_hidden_mlp,lr0.001_wd0,2,,0.6411814544197354,0.8643218463316997,0.634206037282907,0.662888443241254,0.04387944732906447,0.001,0.0,9;7;10;16,2675.0,0.688711494424738,0.5935279491863787,0.8529967796281522
outer_training,3.0,mean_384d,one_hidden_mlp,lr0.0003_wd0.0001,3,,0.6290276478157779,0.8528204262651351,0.6432647659152121,0.6687189474487069,0.05382779435612116,0.0003,0.0001,23;16;36;13,2675.0,0.6756567401871314,0.35655831673964844,0.9055706239855114
outer_training,3.0,mean_384d,one_hidden_mlp,lr0.001_wd0.0001,4,,0.6369748212507751,0.8719484229870066,0.6400800678869314,0.6584346680284723,0.11907350468893817,0.001,0.0001,17;14;10;8,2675.0,0.6841930284018659,0.40636556721133127,0.8808853330999348
outer_training,4.0,mean_384d,one_hidden_mlp,lr0.0001_wd0,0,,0.6243567281111495,0.866817645259734,0.6216308243989751,0.6292936674660424,0.07587855808973454,0.0001,0.0,39;37;38;25,2676.0,0.70704094366546,0.4841300666677065,0.8734693247856502
outer_training,4.0,mean_384d,one_hidden_mlp,lr0.0003_wd0,1,,0.6192520638695412,0.8485042317191996,0.618996672052395,0.644927204312751,0.06689791851014976,0.0003,0.0,25;14;26;12,2676.0,0.7012602633908983,0.30359265974730254,0.9161196159401733
outer_training,4.0,mean_384d,one_hidden_mlp,lr0.001_wd0,2,,0.6206086020876407,0.8402395300006698,0.6230862337339079,0.652082900264914,0.013739249912209567,0.001,0.0,16;12;19;16,2676.0,0.7027964493862745,0.40641315823357743,0.9037172076962583
outer_training,4.0,mean_384d,one_hidden_mlp,lr0.0003_wd0.0001,3,,0.6203880742487194,0.8546870297699036,0.6200861453848983,0.6396699863600802,0.08444764938090556,0.0003,0.0001,20;15;31;12,2676.0,0.702546716814629,0.2758428286541905,0.9187517801886241
outer_training,4.0,mean_384d,one_hidden_mlp,lr0.001_wd0.0001,4,,0.6296244576558693,0.8772954269757078,0.6108933833742838,0.6212234977653841,0.09012874093571371,0.001,0.0001,22;15;5;11,2676.0,0.7130062841520449,0.5582045863506966,0.8539830120960917
outer_training,0.0,mean_384d,two_hidden_mlp,lr0.0001_wd0,0,,0.6245828732686622,0.884379584870962,0.6318346611695971,0.6391402898298671,0.08582504767569425,0.0001,0.0,18;21;22;19,2675.0,0.6738941694270473,0.5508577716049609,0.8544881275058139
outer_training,0.0,mean_384d,two_hidden_mlp,lr0.0003_wd0,1,,0.6151382914962056,0.8558658119512819,0.640673597250554,0.6674226470159788,0.093045791715105,0.0003,0.0,16;21;16;15,2675.0,0.6637039306908695,0.45636333778383875,0.8746411341381415
outer_training,0.0,mean_384d,two_hidden_mlp,lr0.001_wd0,2,,0.6299403566841767,0.8533891099359585,0.6341897630031552,0.6744838500137837,0.10422971153259279,0.001,0.0,11;9;8;5,2675.0,0.6796746302610482,0.5437142080182952,0.8525347255526127
outer_training,0.0,mean_384d,two_hidden_mlp,lr0.0003_wd0.0001,3,,0.6157082549193196,0.8588788007846526,0.6400216939374954,0.6646704008999319,0.09789636316032055,0.0003,0.0001,16;21;16;15,2675.0,0.6643188931627239,0.4443896418084241,0.8764032114093182
outer_training,0.0,mean_384d,two_hidden_mlp,lr0.001_wd0.0001,4,,0.6304108499758712,0.8536921271221815,0.6243387121195946,0.6712213747431537,0.07846474182271512,0.001,0.0001,13;8;8;5,2675.0,0.680182269358432,0.5617820013567282,0.8534270424579824
outer_training,1.0,mean_384d,two_hidden_mlp,lr0.0001_wd0,0,,1.0038727641886438,19.67823601109255,0.6340850654998833,-0.011547122644291093,0.43768076129396166,0.0001,0.0,26;29;30;9,2675.0,1.0675369598741087,4.2775335186519055,-0.0006738442869395053
outer_training,1.0,mean_384d,two_hidden_mlp,lr0.0003_wd0,1,,0.9451913589937464,17.084371405497368,0.6375053785286958,-0.007315728345002776,0.382471248694801,0.0003,0.0,16;28;11;9,2675.0,1.0051340626767409,4.276649125225755,-0.0004919199120560259
outer_training,1.0,mean_384d,two_hidden_mlp,lr0.001_wd0,2,,0.745991335788083,6.620657792775074,0.6456866237432368,0.05109352408442828,0.15422258599129576,0.001,0.0,13;16;5;14,2675.0,0.7933010547838552,4.234959359385994,0.008896524488315826
outer_training,1.0,mean_384d,two_hidden_mlp,lr0.0003_wd0.0001,3,,0.9444841059788165,17.033380009388164,0.6389921231554986,-0.006720204750170627,0.3979264380476386,0.0003,0.0001,16;28;10;9,2675.0,1.0043819566725198,4.27647594633794,-0.0004532275780344867
outer_training,1.0,mean_384d,two_hidden_mlp,lr0.001_wd0.0001,4,,0.7566069749463182,6.955635719809401,0.6394310784658234,0.050331391228623436,0.18304595251297065,0.001,0.0001,13;21;5;16,2675.0,0.8045899228141202,4.237205479731611,0.008335088287201036
outer_training,2.0,mean_384d,two_hidden_mlp,lr0.0001_wd0,0,,0.6252837128197123,0.885946988584174,0.6365001737324236,0.6417607136112671,0.08059482619508189,0.0001,0.0,28;27;29;23,2675.0,0.6707444694085833,0.5317573465364652,0.8594493953850488
outer_training,2.0,mean_384d,two_hidden_mlp,lr0.0003_wd0,1,,0.6240339164828385,0.8749289648140802,0.6394237443517933,0.6495863018570757,0.028606292782897225,0.0003,0.0,14;9;21;15,2675.0,0.669403807619929,0.5592946298423033,0.8634319608563625
outer_training,2.0,mean_384d,two_hidden_mlp,lr0.001_wd0,2,,0.6293221600083346,0.841685796637428,0.6372890073511196,0.6788810346595967,0.032520493530021725,0.001,0.0,6;16;11;11,2675.0,0.6750765286982007,0.38706949598769974,0.9026187503663455
outer_training,2.0,mean_384d,two_hidden_mlp,lr0.0003_wd0.0001,3,,0.6276887020865133,0.8774411112349826,0.6370640462366449,0.6459616531445602,0.03066189155881435,0.0003,0.0001,14;9;21;7,2675.0,0.6733243115132487,0.5249870502204753,0.8709856279786683
outer_training,2.0,mean_384d,two_hidden_mlp,lr0.001_wd0.0001,4,,0.6236893118034812,0.837885131757096,0.6445476592091429,0.6828878828283176,0.01887336869587193,0.001,0.0001,16;16;7;11,2675.0,0.6690341487305765,0.4330146384813918,0.8947895758673422
outer_training,3.0,mean_384d,two_hidden_mlp,lr0.0001_wd0,0,,0.6275795433620225,0.8947163560602451,0.6443175039456587,0.6338874362301969,0.06882219187602603,0.0001,0.0,23;20;36;20,2675.0,0.67410128942424,0.6261148723582739,0.8406455779037683
outer_training,3.0,mean_384d,two_hidden_mlp,lr0.0003_wd0,1,,0.62638226245506,0.8575516458503087,0.6426043004662644,0.6672903989457719,0.05778715242884769,0.0003,0.0,19;12;12;14,2675.0,0.6728152554677113,0.47951344795577167,0.8764802766532201
outer_training,3.0,mean_384d,two_hidden_mlp,lr0.001_wd0,2,,0.6254269232585964,0.8454266568530653,0.639515665748929,0.6779959564972488,0.08820562561017116,0.001,0.0,9;15;13;14,2675.0,0.6717890980809939,0.2825559245394144,0.915357735938114
outer_training,3.0,mean_384d,two_hidden_mlp,lr0.0003_wd0.0001,3,,0.626636184546749,0.8578113140885376,0.6438100738987041,0.6677833656054647,0.05455093827238492,0.0003,0.0001,19;12;12;14,2675.0,0.673088000510521,0.5146313530709249,0.8690535928313224
outer_training,3.0,mean_384d,two_hidden_mlp,lr0.001_wd0.0001,4,,0.6290877170033343,0.8517076528963248,0.6368302426129389,0.6738424315518929,0.09372039890770385,0.001,0.0001,9;5;13;14,2675.0,0.6757212622341209,0.3498885323847335,0.8988545297864327
outer_training,4.0,mean_384d,two_hidden_mlp,lr0.0001_wd0,0,,0.7167169984632563,3.7997920043538627,0.6174742353542575,0.14324924316826268,0.16966083518539093,0.0001,0.0,25;12;30;20,2676.0,0.811632581373135,4.161662058382264,0.041669509928555594
outer_training,4.0,mean_384d,two_hidden_mlp,lr0.0003_wd0,1,,0.6975517296172777,3.236411275423192,0.6225970699150088,0.16971745522799553,0.12971945284852493,0.0003,0.0,15;12;20;14,2676.0,0.7899292358971323,4.090468567916692,0.05793345882378642
outer_training,4.0,mean_384d,two_hidden_mlp,lr0.001_wd0,2,,0.6477886909545826,1.39345386297496,0.6214047858464262,0.39237040827699704,0.08649820603543652,0.001,0.0,5;14;11;14,2676.0,0.733576025894614,2.9617993266539235,0.3129036429672727
outer_training,4.0,mean_384d,two_hidden_mlp,lr0.0003_wd0.0001,3,,0.7002991215856642,3.2776722325057284,0.6179643793263137,0.1689839143040478,0.13863346312202643,0.0003,0.0001,10;12;15;14,2676.0,0.7930404678619476,4.094441025341336,0.05693340322676328
outer_training,4.0,mean_384d,two_hidden_mlp,lr0.001_wd0.0001,4,,0.6510213763266601,1.4656414712031318,0.6204222146325906,0.3802485288520522,0.06971180614637294,0.001,0.0001,10;14;11;14,2676.0,0.7372368191769446,3.087690489041598,0.2856080160687216
outer_training,0.0,concat_768d,one_hidden_mlp,lr0.0001_wd0,0,,0.6313158342383732,0.9228460607787399,0.6359529654844611,0.6181424969183937,0.06609689656150675,0.0001,0.0,18;38;14;18,2675.0,0.6811587028215075,1.017632447029625,0.7511952259325053
outer_training,0.0,concat_768d,one_hidden_mlp,lr0.0003_wd0,1,,0.6265995865345001,0.9002768627819995,0.6443539088115481,0.6360157055305569,0.054205142531439515,0.0003,0.0,15;14;11;22,2675.0,0.6760701037496487,0.9154226407179418,0.7767814766333916
outer_training,0.0,concat_768d,one_hidden_mlp,lr0.001_wd0,2,,0.6368945454618642,0.9169787978427928,0.6229440750567465,0.626585989065009,0.10423027178561578,0.001,0.0,4;11;13;10,2675.0,0.6871778575683438,0.9483514685361818,0.7604434107032031
outer_training,0.0,concat_768d,one_hidden_mlp,lr0.0003_wd0.0001,3,,0.6297748412640295,0.9090594703033831,0.6370778144661084,0.6278867585309008,0.0669378727440522,0.0003,0.0001,20;14;11;13,2675.0,0.6794960472717265,0.9254278344163805,0.7722146535300717
outer_training,0.0,concat_768d,one_hidden_mlp,lr0.001_wd0.0001,4,,0.6372673225053003,0.9422699365939753,0.6287184186974647,0.6108429342908794,0.07938827898903429,0.001,0.0001,4;11;11;15,2675.0,0.6875800656448369,1.1685461805539519,0.7143682778553747
outer_training,1.0,concat_768d,one_hidden_mlp,lr0.0001_wd0,0,,0.6571073712554847,1.9228671414179794,0.6485548010650217,0.31315352776973476,0.01638311934595695,0.0001,0.0,24;34;15;28,2675.0,0.6987801945079235,3.482808286477046,0.18447861737000332
outer_training,1.0,concat_768d,one_hidden_mlp,lr0.0003_wd0,1,,0.6647779514915274,2.5029855141904753,0.6549879381135538,0.24670196566478336,0.03997087604879003,0.0003,0.0,24;17;13;13,2675.0,0.7069372321303894,3.7916875657680844,0.11187620330001419
outer_training,1.0,concat_768d,one_hidden_mlp,lr0.001_wd0,2,,0.6490982308302171,1.7765305658385488,0.6561520145114528,0.353492609341408,0.03743020801133984,0.001,0.0,11;26;11;12,2675.0,0.6902631256862534,3.3159530691301,0.22227557280746504
outer_training,1.0,concat_768d,one_hidden_mlp,lr0.0003_wd0.0001,3,,0.6643705220089693,2.638597164491663,0.6586469829817854,0.2347585904632126,0.014665285720020875,0.0003,0.0001,23;17;22;13,2675.0,0.7065039640443439,3.8409850019361635,0.1010424222635603
outer_training,1.0,concat_768d,one_hidden_mlp,lr0.001_wd0.0001,4,,0.6422473075105967,1.5871088942438578,0.6595379374515371,0.4005919876156755,-0.0181244064401042,0.001,0.0001,25;19;10;9,2675.0,0.6829777264664934,3.0903383507776967,0.2781848945051765
outer_training,2.0,concat_768d,one_hidden_mlp,lr0.0001_wd0,0,,0.6349012248260751,0.9934930076078236,0.6478268859788592,0.5843886323260791,0.06874622975478446,0.0001,0.0,33;27;31;22,2675.0,0.6810612150001937,1.4449272480626596,0.6516255031183807
outer_training,2.0,concat_768d,one_hidden_mlp,lr0.0003_wd0,1,,0.630554554294517,0.9280768742896545,0.6463044520075784,0.6267178042209887,0.06575587353340717,0.0003,0.0,20;19;24;14,2675.0,0.6763985232338651,1.0961203386171054,0.7324080692560475
outer_training,2.0,concat_768d,one_hidden_mlp,lr0.001_wd0,2,,0.6343947250228975,0.8544493321410779,0.6429001714637508,0.6780454911062933,-0.021218399016302243,0.001,0.0,12;15;11;17,2675.0,0.6805178905304007,0.7757608836084827,0.8226690501825524
outer_training,2.0,concat_768d,one_hidden_mlp,lr0.0003_wd0.0001,3,,0.6319775499589889,0.9179335070825816,0.6425560215177542,0.6260080969873716,0.052075694191475966,0.0003,0.0001,20;9;13;20,2675.0,0.6779249766699105,0.979485759298466,0.7616699832976241
outer_training,2.0,concat_768d,one_hidden_mlp,lr0.001_wd0.0001,4,,0.6441102845186308,0.8963644636761346,0.642799170300788,0.6496295194448287,0.05412871495579232,0.001,0.0001,25;12;7;4,2675.0,0.69093981207636,0.947511863198572,0.7686925611653622
outer_training,3.0,concat_768d,one_hidden_mlp,lr0.0001_wd0,0,,0.6783471600265502,2.0696568401339057,0.6431412648498822,0.29420130695069163,0.024591601565138278,0.0001,0.0,30;15;32;18,2675.0,0.728632250824319,3.601215664553511,0.160055396604324
outer_training,3.0,concat_768d,one_hidden_mlp,lr0.0003_wd0,1,,0.6859332328887542,2.521572737675117,0.6412230536897605,0.25757484910807804,0.03724385948695655,0.0003,0.0,22;14;13;10,2675.0,0.7367806704982345,3.7959833665168454,0.11460015137851104
outer_training,3.0,concat_768d,one_hidden_mlp,lr0.001_wd0,2,,0.6667385913290913,1.7480758881923206,0.6426865669105212,0.36430049893713784,0.08038599444362389,0.001,0.0,20;15;16;16,2675.0,0.7161631523489201,3.284555657580435,0.23043359362522214
outer_training,3.0,concat_768d,one_hidden_mlp,lr0.0003_wd0.0001,3,,0.6853771524385669,2.482362979405265,0.6457699714776513,0.2603777729697789,-0.0024148513554211313,0.0003,0.0001,22;23;16;16,2675.0,0.7361833684471084,3.787346713527447,0.1176729769333166
outer_training,3.0,concat_768d,one_hidden_mlp,lr0.001_wd0.0001,4,,0.660752381800177,1.6512908520423941,0.6486741377789135,0.3842477188603022,0.09723375193461979,0.001,0.0001,21;15;16;16,2675.0,0.7097331920277359,3.1659227692084757,0.25657646937995204
outer_training,4.0,concat_768d,one_hidden_mlp,lr0.0001_wd0,0,,0.6101198857215064,0.8454741020659149,0.6343280934974208,0.6509331799479089,0.07211075861504579,0.0001,0.0,34;28;27;18,2676.0,0.6909187013242232,0.4138835531014732,0.890098865980552
outer_training,4.0,concat_768d,one_hidden_mlp,lr0.0003_wd0,1,,0.6162656830851294,0.8500200404794752,0.6317528728255041,0.6502127746800884,0.1000620385847619,0.0003,0.0,24;13;19;10,2676.0,0.6978783930707966,0.43508264909008987,0.8797442772515387
outer_training,4.0,concat_768d,one_hidden_mlp,lr0.001_wd0,2,,0.6210515644942363,0.853055865399388,0.6256467820851656,0.6511617074362513,0.11650337597037073,0.001,0.0,10;12;13;9,2676.0,0.7032980737684049,0.4897055171383223,0.8642764426238292
outer_training,4.0,concat_768d,one_hidden_mlp,lr0.0003_wd0.0001,3,,0.612702233345339,0.8372263785316606,0.6368784532987138,0.6553999546179173,0.04909853779449733,0.0003,0.0001,29;13;15;16,2676.0,0.6938430319490416,0.29983211253318953,0.9206812180277291
outer_training,4.0,concat_768d,one_hidden_mlp,lr0.001_wd0.0001,4,,0.615029146350016,0.8353280581095494,0.6324589994575464,0.6650809554050501,0.09358141015231483,0.001,0.0001,15;12;16;9,2676.0,0.6964781004805067,0.43756629978908623,0.8804683890052326
outer_training,0.0,concat_768d,two_hidden_mlp,lr0.0001_wd0,0,,0.6342424325247791,1.3556317294506999,0.6415852547641384,0.401536063655823,0.07191558194383282,0.0001,0.0,13;20;22;18,2675.0,0.6843163582838527,2.790956563414191,0.34361286892889903
outer_training,0.0,concat_768d,two_hidden_mlp,lr0.0003_wd0,1,,0.6306276767712887,1.2716695006121235,0.6402702638007699,0.44576134077227436,0.057790985045031974,0.0003,0.0,8;8;17;21,2675.0,0.6804162147953965,2.5603397084716977,0.3977758874548323
outer_training,0.0,concat_768d,two_hidden_mlp,lr0.001_wd0,2,,0.6287338849673761,0.9565458805025768,0.6311214497263519,0.6080630791863832,0.042731330020405425,0.001,0.0,13;8;14;22,2675.0,0.6783729066782742,1.3377251507710146,0.6813627394521166
outer_training,0.0,concat_768d,two_hidden_mlp,lr0.0003_wd0.0001,3,,0.6323722129447438,1.2378189183184096,0.6371154737594774,0.45011031705061244,0.0439271135686714,0.0003,0.0001,8;8;17;9,2675.0,0.6822984834357347,2.4802625173528026,0.41752677781149383
outer_training,0.0,concat_768d,two_hidden_mlp,lr0.001_wd0.0001,4,,0.6321777214371156,1.0638533805116024,0.6365410289592927,0.5543845202927118,0.13307380050587878,0.001,0.0001,13;8;8;8,2675.0,0.6820886366746352,1.7687608648801834,0.5699851581224237
outer_training,1.0,concat_768d,two_hidden_mlp,lr0.0001_wd0,0,,0.664711505292195,2.665855972723076,0.6563556680962788,0.21992855471829661,0.12381435852531858,0.0001,0.0,29;19;13;27,2675.0,0.7068665720067553,3.859292801614691,0.09437226890518806
outer_training,1.0,concat_768d,two_hidden_mlp,lr0.0003_wd0,1,,0.6497301971091489,1.943269233777322,0.6535646954813996,0.3038030594824739,0.10656187640519685,0.0003,0.0,8;26;10;12,2675.0,0.6909351703758004,3.4935845328091943,0.17822141627780128
outer_training,1.0,concat_768d,two_hidden_mlp,lr0.001_wd0,2,,0.6468311256724185,1.3169280392095937,0.6499174815083338,0.45105616177645685,0.09201738641988237,0.001,0.0,7;18;4;15,2675.0,0.687852243914969,2.5932245435856203,0.38501812499269195
outer_training,1.0,concat_768d,two_hidden_mlp,lr0.0003_wd0.0001,3,,0.6500769192948721,1.935993162927603,0.6516756347232564,0.30566392444908597,0.11515208974410224,0.0003,0.0001,8;20;11;12,2675.0,0.6913038811938161,3.484502802854718,0.17994160127139933
outer_training,1.0,concat_768d,two_hidden_mlp,lr0.001_wd0.0001,4,,0.6509796182930113,1.2884508799170609,0.6416483032486284,0.4648388427764087,0.10015795760412982,0.001,0.0001,13;4;4;9,2675.0,0.6922638280900086,2.5111611420831403,0.4030610647635675
outer_training,2.0,concat_768d,two_hidden_mlp,lr0.0001_wd0,0,,0.6463920540759698,1.525688988028183,0.648988122281213,0.3632072881884287,0.08888129368487704,0.0001,0.0,24;23;16;18,2675.0,0.6933874758802807,3.076121315378651,0.2749293894363403
outer_training,2.0,concat_768d,two_hidden_mlp,lr0.0003_wd0,1,,0.6443546365518638,1.3172277068828686,0.6414441653253881,0.43328264173245545,0.09033094932466808,0.0003,0.0,11;9;14;8,2675.0,0.6912019295304365,2.634331615936761,0.3760141394841568
outer_training,2.0,concat_768d,two_hidden_mlp,lr0.001_wd0,2,,0.6493088197845367,1.061105865485579,0.6213732397577644,0.5287095967199648,0.09095445651241338,0.001,0.0,10;5;3;16,2675.0,0.6965163027271523,1.7182366563201958,0.5857290691117606
outer_training,2.0,concat_768d,two_hidden_mlp,lr0.0003_wd0.0001,3,,0.6449900480639356,1.302451414791863,0.6409223991862194,0.4366941975392306,0.0647296061964994,0.0003,0.0001,11;9;11;8,2675.0,0.691883538132712,2.6118765471463172,0.38340459088276707
outer_training,2.0,concat_768d,two_hidden_mlp,lr0.001_wd0.0001,4,,0.6481318442169953,1.0719129444052156,0.6313388586696318,0.5325877088054751,0.06830415485542296,0.001,0.0001,6;4;3;16,2675.0,0.6952537560841294,1.809792897964321,0.5677088212245746
outer_training,3.0,concat_768d,two_hidden_mlp,lr0.0001_wd0,0,,0.6952849801138384,2.9453668095614,0.6427248557833012,0.15328490502633388,0.1289914540936101,0.0001,0.0,31;14;19;12,2675.0,0.7468256519344161,4.025164114453438,0.060384264672746046
outer_training,3.0,concat_768d,two_hidden_mlp,lr0.0003_wd0,1,,0.6724063387598035,2.080978523811994,0.6482477582048989,0.24448728788809157,0.13584185083371242,0.0003,0.0,17;8;12;8,2675.0,0.7222510433447075,3.6863201383104824,0.13681435691266963
outer_training,3.0,concat_768d,two_hidden_mlp,lr0.001_wd0,2,,0.666114750873354,1.4582198010088867,0.629285163740779,0.3859194532186882,0.0757321885593785,0.001,0.0,14;4;7;7,2675.0,0.7154930673213639,2.9648023335826985,0.303885017062857
outer_training,3.0,concat_768d,two_hidden_mlp,lr0.0003_wd0.0001,3,,0.6707922769879827,2.1478471053313624,0.6444584008897799,0.24155086115108906,0.15851825212799286,0.0003,0.0001,19;11;16;14,2675.0,0.7205173330396106,3.7113460676880954,0.13049429225146966
outer_training,3.0,concat_768d,two_hidden_mlp,lr0.001_wd0.0001,4,,0.6567790986779493,1.4059881701400836,0.6390206896588362,0.38575725483905565,0.13566286345544049,0.001,0.0001,8;4;16;8,2675.0,0.7054653740208059,2.8639716024010946,0.3225441309727249
outer_training,4.0,concat_768d,two_hidden_mlp,lr0.0001_wd0,0,,0.6148018382940927,0.8819902641573035,0.6318003473634138,0.6222146841202343,0.08827306922365695,0.0001,0.0,18;13;18;20,2676.0,0.6962206897806189,0.7264098732595388,0.8164412018218931
outer_training,4.0,concat_768d,two_hidden_mlp,lr0.0003_wd0,1,,0.611031801211814,0.8528482024044106,0.6324534223470087,0.651273982585499,0.09496821110861325,0.0003,0.0,10;12;13;14,2676.0,0.6919513827381976,0.5894864854287843,0.846015627026922
outer_training,4.0,concat_768d,two_hidden_mlp,lr0.001_wd0,2,,0.6383718464347792,0.8785449620888313,0.6065514259137678,0.6280006899943031,0.11918289477996012,0.001,0.0,11;4;6;9,2676.0,0.7229120987903523,0.6407974058881684,0.8299507172506466
outer_training,4.0,concat_768d,two_hidden_mlp,lr0.0003_wd0.0001,3,,0.6112777842056926,0.8511291125019312,0.6327983766897155,0.6522824227156859,0.08975818356448188,0.0003,0.0001,10;12;13;14,2676.0,0.6922299415176372,0.586775633748529,0.8476190085534245
outer_training,4.0,concat_768d,two_hidden_mlp,lr0.001_wd0.0001,4,,0.6301589009147033,0.873755929825936,0.6097856470147892,0.6249937000556968,0.08774587317913422,0.001,0.0001,9;9;6;8,2676.0,0.7136115042915071,0.555844428826024,0.8549734005322605
full_development,,member1_384d,one_hidden_mlp,lr0.0001_wd0,0,,0.6841178486673722,0.9376182921726357,0.5485034392548683,0.5771801064609937,0.11721296525985257,0.0001,0.0,40;28;37;21;23,3344.0,0.7411718917026368,0.4612849361150662,0.8689308685522105
full_development,,member1_384d,one_hidden_mlp,lr0.0003_wd0,1,,0.6735532095741517,0.9543848806501042,0.57303465171203,0.5714145626167381,0.1263818305281807,0.0003,0.0,17;23;20;27;15,3344.0,0.7297261831056007,0.816033328956401,0.7869214945801823
full_development,,member1_384d,one_hidden_mlp,lr0.001_wd0,2,,0.6679619412002222,0.9105740303335913,0.568775070259894,0.6069902682018099,0.09147356449195755,0.001,0.0,17;16;19;21;6,3344.0,0.7236686142732791,0.47549061190461267,0.8707905277699708
full_development,,member1_384d,one_hidden_mlp,lr0.0003_wd0.0001,3,,0.6678011062138085,0.9388730625474153,0.5765428315427141,0.5866088083297993,0.11255493945011509,0.0003,0.0001,36;23;20;21;26,3344.0,0.7234943659747376,0.7645548592149481,0.8010650104564198
full_development,,member1_384d,one_hidden_mlp,lr0.001_wd0.0001,4,,0.6700222922978487,0.919976911928272,0.5710364421959939,0.5984174140395114,0.11644717979188568,0.001,0.0001,21;14;19;21;15,3344.0,0.7259007944796195,0.4297698195918304,0.8762232134280452
full_development,,member1_384d,two_hidden_mlp,lr0.0001_wd0,0,,0.6861857652802483,1.3467427977622117,0.5676203401416723,0.39396877305985323,0.1500911172521439,0.0001,0.0,21;35;20;31;23,3344.0,0.7434122683728761,2.754907603914094,0.3466867751982572
full_development,,member1_384d,two_hidden_mlp,lr0.0003_wd0,1,,0.6774632346547373,1.2642758410113342,0.5757370228680307,0.42332093011507393,0.15986575330159136,0.0003,0.0,20;24;20;17;15,3344.0,0.7339622963589352,2.5163086636746965,0.39946782490468913
full_development,,member1_384d,two_hidden_mlp,lr0.001_wd0,2,,0.6654988737649592,0.9420498783725583,0.5727357554538033,0.5876818600546895,0.09161579669049309,0.001,0.0,17;17;9;19;13,3344.0,0.7210001320023647,0.9132883681609563,0.7709927125036982
full_development,,member1_384d,two_hidden_mlp,lr0.0003_wd0.0001,3,,0.6748713797697308,1.2119772415996442,0.5773537355284211,0.44165246476592224,0.1605341770599031,0.0003,0.0001,20;24;20;17;15,3344.0,0.7311542860258016,2.3419407899524414,0.43853011002714154
full_development,,member1_384d,two_hidden_mlp,lr0.001_wd0.0001,4,,0.663468243868583,0.9849920458150581,0.5748670417150342,0.5612153684221409,0.12316316722212052,0.001,0.0001,17;17;6;20;17,3344.0,0.7188001516852647,1.2140467793452758,0.6974388634706272
full_development,,member2_384d,one_hidden_mlp,lr0.0001_wd0,0,,0.6209936413743581,1.0226487514223577,0.6469995220680406,0.5451012463388144,0.09746865628253157,0.0001,0.0,20;24;22;33;9,3344.0,0.6727832533668161,1.5396570931937192,0.627412897584844
full_development,,member2_384d,one_hidden_mlp,lr0.0003_wd0,1,,0.6101963324941818,0.8937174831160645,0.6578956478440672,0.6385751351453849,0.06008317944920632,0.0003,0.0,21;10;16;15;22,3344.0,0.6610854707938183,0.8374831597456472,0.7939733966081592
full_development,,member2_384d,one_hidden_mlp,lr0.001_wd0,2,,0.6140900495059449,0.8655070244382701,0.6504295574922457,0.6604708118932082,0.08720889341274914,0.001,0.0,11;13;14;15;19,3344.0,0.665303915918419,0.5809935955379957,0.8475704662071726
full_development,,member2_384d,one_hidden_mlp,lr0.0003_wd0.0001,3,,0.6080626837671106,0.8671587811566894,0.658034887752895,0.6595751514739723,0.03605629854396027,0.0003,0.0001,21;16;23;25;18,3344.0,0.6587738800841871,0.7299999681460733,0.8231849508690117
full_development,,member2_384d,one_hidden_mlp,lr0.001_wd0.0001,4,,0.6176352462854129,0.8595129620449374,0.6447106998183952,0.6643942704191319,0.07988618543729654,0.001,0.0001,25;13;8;15;7,3344.0,0.669144774929209,0.5440060717885651,0.8574403236161671
full_development,,member2_384d,two_hidden_mlp,lr0.0001_wd0,0,,0.6204096510696941,1.353660950180627,0.6546432331422339,0.4128946929483217,0.08747387523670913,0.0001,0.0,33;12;22;26;15,3344.0,0.6721505594534983,2.7659857200885822,0.3491116346682449
full_development,,member2_384d,two_hidden_mlp,lr0.0003_wd0,1,,0.6187414555790622,1.2310792067114456,0.6500378860936492,0.45989871370808416,0.07287840152570904,0.0003,0.0,19;8;12;15;20,3344.0,0.6703432398375435,2.4413791809297485,0.424569524692936
full_development,,member2_384d,two_hidden_mlp,lr0.001_wd0,2,,0.6167351100899654,1.0727678050622276,0.6482885001727804,0.5286216318315132,0.06966596206794343,0.001,0.0,21;19;16;6;5,3344.0,0.6681695691981067,1.8515868894626517,0.5599651884277352
full_development,,member2_384d,two_hidden_mlp,lr0.0003_wd0.0001,3,,0.6182720592394132,1.1632794424384998,0.650998825564644,0.4951341827157541,0.06490051788676127,0.0003,0.0001,19;8;12;15;14,3344.0,0.6698346967938359,2.2193864434670427,0.4762458913577583
full_development,,member2_384d,two_hidden_mlp,lr0.001_wd0.0001,4,,0.6220019233136924,1.0691551599975098,0.6462263030231953,0.538882643476416,0.06023131271255471,0.001,0.0001,9;10;14;13;5,3344.0,0.6738756239778179,1.8542119246779223,0.5605752918893573
full_development,,mean_384d,one_hidden_mlp,lr0.0001_wd0,0,,0.6238963208483754,0.8625228005743819,0.6424386620864645,0.6583517112632671,0.08311561157714635,0.0001,0.0,34;26;37;19;31,3344.0,0.6759280104301709,0.4360389218036721,0.8814604165106931
full_development,,mean_384d,one_hidden_mlp,lr0.0003_wd0,1,,0.6209973207013477,0.8905431698169922,0.641348196302939,0.63563592519239,0.08308486467086355,0.0003,0.0,21;15;22;11;7,3344.0,0.6727872395422249,0.6574492540029118,0.8309111899729683
full_development,,mean_384d,one_hidden_mlp,lr0.001_wd0,2,,0.6138037452619344,0.8422226038626258,0.6439458033001598,0.6767517430619119,0.07921551481202857,0.001,0.0,26;4;22;18;23,3344.0,0.6649937344803097,0.3677233367275697,0.897858607637298
full_development,,mean_384d,one_hidden_mlp,lr0.0003_wd0.0001,3,,0.6162831880028184,0.8490464424227065,0.6406547950752476,0.6700757402280461,0.09196551141869906,0.0003,0.0001,27;15;32;20;7,3344.0,0.6676799577241692,0.296263950015819,0.9115335631320589
full_development,,mean_384d,one_hidden_mlp,lr0.001_wd0.0001,4,,0.6205543126457134,0.8751114293292206,0.6433415155125193,0.6579865640097936,0.1164322169361414,0.001,0.0001,26;6;22;13;13,3344.0,0.6723072855119746,0.6516190436335514,0.8259533492971683
full_development,,mean_384d,two_hidden_mlp,lr0.0001_wd0,0,,0.6124091463843333,0.8809261873612411,0.6449845170833056,0.6445316018991653,0.08041710238522147,0.0001,0.0,21;15;32;31;25,3344.0,0.6634828288807973,0.6220333278243314,0.8395092137710634
full_development,,mean_384d,two_hidden_mlp,lr0.0003_wd0,1,,0.609501455112937,0.8478084919715086,0.6494647007274563,0.6715344952837236,0.07683884729851205,0.0003,0.0,19;13;22;15;13,3344.0,0.6603326420463125,0.39318956007262557,0.8925234483306083
full_development,,mean_384d,two_hidden_mlp,lr0.001_wd0,2,,0.6061833820284536,0.8278936922096393,0.6502053615863647,0.6884533802615197,0.07169261160749395,0.001,0.0,19;10;9;17;14,3344.0,0.6567378483866751,0.30151498052723236,0.9145619281756088
full_development,,mean_384d,two_hidden_mlp,lr0.0003_wd0.0001,3,,0.6092502203973019,0.8468530713025111,0.6515270976128642,0.6736544439010363,0.07763705038525098,0.0003,0.0001,19;13;22;15;17,3344.0,0.6600604548642189,0.4359845565297632,0.8825768723767229
full_development,,mean_384d,two_hidden_mlp,lr0.001_wd0.0001,4,,0.6169796419404643,0.8398303512367785,0.6410585599833775,0.6767726766577337,0.04780171657820465,0.001,0.0001,10;7;9;11;14,3344.0,0.6684344945096868,0.3959830532896361,0.8978460468691818
full_development,,concat_768d,one_hidden_mlp,lr0.0001_wd0,0,,0.6246085061258408,0.9339838489998217,0.647007118772221,0.6085935112192784,0.06893494539383323,0.0001,0.0,23;21;22;21;13,3344.0,0.6766995905173884,1.073444229534436,0.7383109761840811
full_development,,concat_768d,one_hidden_mlp,lr0.0003_wd0,1,,0.6188631082967121,0.8705436872749815,0.6539431226693573,0.6571770380126077,0.057928825514451734,0.0003,0.0,19;10;10;6;14,3344.0,0.670475038145462,0.7115170588677943,0.8232946730142432
full_development,,concat_768d,one_hidden_mlp,lr0.001_wd0,2,,0.6211234783794018,0.8786920513362548,0.6470908900395927,0.6505665997558541,0.09571334056121138,0.001,0.0,9;8;10;15;7,3344.0,0.6729239185151217,0.6523444390669896,0.8296843914340427
full_development,,concat_768d,one_hidden_mlp,lr0.0003_wd0.0001,3,,0.6233350396453248,0.8888427495923878,0.6514886240110365,0.6448969795924354,0.043077142926742286,0.0003,0.0001,19;10;21;6;6,3344.0,0.6753199195115483,0.8776776207163298,0.7878224999760282
full_development,,concat_768d,one_hidden_mlp,lr0.001_wd0.0001,4,,0.6213822806640088,0.8571439809479657,0.6433574237518952,0.6682245838154928,0.06867463299845793,0.001,0.0001,23;6;10;17;7,3344.0,0.6732043043861126,0.6156717413444897,0.8432248956869418
full_development,,concat_768d,two_hidden_mlp,lr0.0001_wd0,0,,0.6318372226926396,1.3660055269163274,0.6503615479918934,0.4199966862170339,0.09418421872737132,0.0001,0.0,20;14;20;21;13,3344.0,0.6845311674055415,2.7721574066403503,0.34717243824180377
full_development,,concat_768d,two_hidden_mlp,lr0.0003_wd0,1,,0.6210020831665052,1.1127088381848718,0.6545830618048106,0.5261721508285645,0.10567904819383975,0.0003,0.0,23;8;10;15;22,3344.0,0.672792399187331,2.000755584273199,0.5214988219014876
full_development,,concat_768d,two_hidden_mlp,lr0.001_wd0,2,,0.6256583302153624,0.9648611947774326,0.6422801292541372,0.5978245092536382,0.05577328775730257,0.001,0.0,17;4;3;8;10,3344.0,0.6778369678097678,1.3450671414687767,0.6781338774744512
full_development,,concat_768d,two_hidden_mlp,lr0.0003_wd0.0001,3,,0.6269381431339728,1.204327384290351,0.6481750301472674,0.4832562014695684,0.06483931995849689,0.0003,0.0001,23;8;10;11;11,3344.0,0.6792235145337857,2.3517790475630673,0.4458964302994439
full_development,,concat_768d,two_hidden_mlp,lr0.001_wd0.0001,4,,0.6298836639975515,0.9679099916035496,0.6372346432067284,0.5889008788780825,0.051469435741312186,0.001,0.0001,4;4;8;17;14,3344.0,0.6824146858718246,1.327888185220254,0.6827561896103335
