PC,eigenvalue,explained_variance_fraction
1,75.30659112580537,0.6675789220601255
2,18.623151617098692,0.1650907748716938
3,5.240425847885744,0.04645540033571889
4,4.3419059133911775,0.038490188255977414
5,3.2544288490248707,0.028849906369071
6,1.8428700723601237,0.01633670038719177
7,0.8438593327207029,0.0074806560127911904
8,0.4637330537407209,0.004110907259401856
9,0.33579939204095915,0.002976799146208221
10,0.2691396207539446,0.002385872673567626
11,0.2399424799058283,0.0021270454510996578
12,0.1846986803304387,0.0016373194441232693
13,0.1470760754158457,0.0013038020499815041
14,0.12598562197802698,0.00111683910342803
15,0.09603770672315164,0.0008513564055005866
16,0.08227281370593499,0.0007293331894004812
17,0.08022980660458683,0.0007112223114801044
18,0.07570565013140616,0.0006711165059132084
19,0.057936643238067666,0.0005135975651326182
20,0.05437446272653014,0.0004820194975222663
21,0.05041382121096244,0.0004469091472315169
22,0.04765367379765801,0.0004224409538455942
23,0.04426441646652412,0.00039239581806295204
24,0.04162926379477074,0.00036903567980979237
25,0.038170373229469055,0.0003383732583591847
26,0.035694117567455545,0.00031642171253989986
27,0.033494166442339025,0.00029691955504299803
28,0.03080334112656517,0.00027306588915662844
29,0.028975680077555153,0.00025686401393230576
30,0.027277263512554804,0.0002418078670171194
31,0.02585242638024737,0.00022917695088246127
32,0.02478987753253146,0.0002197576529991005
33,0.023408672769410326,0.00020751352970093735
34,0.022942686532842645,0.00020338264839490374
35,0.020259618338810112,0.00017959774794981814
36,0.019457444493460426,0.00017248662602838166
37,0.018954412172007988,0.0001680273380710285
38,0.0177710160320519,0.0001575367514215515
39,0.016633732109766233,0.0001474549410040884
40,0.01621515610508019,0.00014374434258459907
41,0.0152607693028003,0.00013528388111410113
42,0.014698433981784213,0.00013029888309695395
43,0.014120525105496376,0.00012517582840926127
44,0.013850250537901941,0.00012277989464307156
45,0.012731315915592909,0.00011286074735662839
46,0.01224558025215212,0.00010855479105508436
47,0.011548069891239054,0.00010237149145404119
48,0.010801327791427244,9.575176164557748e-05
49,0.010558156520172085,9.359609355977454e-05
50,0.010506541414269039,9.313853524720649e-05
51,0.010168422649032597,9.014117528906205e-05
52,0.009673986832115077,8.575809374531909e-05
53,0.009212701540979272,8.166888544608553e-05
54,0.008812279067216093,7.811921470137071e-05
55,0.008462636279440256,7.501969642707312e-05
56,0.008151790266175142,7.226410434197203e-05
57,0.007867774479771234,6.974635722713008e-05
58,0.0075663074138757344,6.707390776582147e-05
59,0.00728268915990545,6.455968470205597e-05
60,0.007141700535102402,6.330984676939053e-05
61,0.006944452549037552,6.156128006430991e-05
62,0.006632778403383117,5.8798346739623804e-05
63,0.006588857675796849,5.840899765955252e-05
64,0.0064292514796517345,5.699411842011552e-05
65,0.006096802290490964,5.404701819924709e-05
66,0.005917559989292697,5.245806854115386e-05
67,0.00586492548768458,5.199147347528481e-05
68,0.005634019213440878,4.994453230649635e-05
69,0.005553383044241914,4.922970766620725e-05
70,0.0054034813397199144,4.7900856939813386e-05
71,0.005261033672427773,4.6638084866888144e-05
72,0.0051635464865385505,4.577387909820741e-05
73,0.0049506313249412974,4.388642579638553e-05
74,0.00490429800784432,4.347568955908331e-05
75,0.004613423173796527,4.0897138262774485e-05
76,0.004537895538563919,4.0227599825825416e-05
77,0.004428653646672788,3.925919077500728e-05
78,0.004327482587634874,3.836232815612467e-05
79,0.004286046227188366,3.799500252861402e-05
80,0.004188918443680681,3.713398279519084e-05
81,0.00406030588226138,3.599385636227005e-05
82,0.004000655658060448,3.5465068220656006e-05
83,0.0038103965814000195,3.377845689739297e-05
84,0.003690186849138147,3.271281998188773e-05
85,0.0036576107391012515,3.242403882610533e-05
86,0.003610367111765213,3.200523285786658e-05
87,0.0035383222005192193,3.1366568121214634e-05
88,0.0034064056171315272,3.0197152148146735e-05
89,0.0033716247275888877,2.988882603217133e-05
90,0.0031938035249027383,2.8312474148040216e-05
91,0.0031220955420494865,2.7676796218915684e-05
92,0.0030704723349451986,2.7219166090705593e-05
93,0.003031933627460217,2.6877527617687547e-05
94,0.003001309637761948,2.6606051645580437e-05
95,0.0029298294656814328,2.5972393216579646e-05
96,0.002848870667985887,2.5254708534682578e-05
97,0.0027404808789383574,2.429385321706777e-05
98,0.0027056776948287346,2.3985329463903213e-05
99,0.0026660104650788065,2.3633686850930202e-05
100,0.002613450129313676,2.3167749251463156e-05
101,0.0024969985200352755,2.2135427397133436e-05
102,0.002474388824058697,2.193499664807807e-05
103,0.0024304265698453444,2.1545279442182313e-05
104,0.0024173943148795593,2.1429750926125366e-05
105,0.002384592794483849,2.1138971549442124e-05
106,0.00234151745718469,2.075711669700949e-05
107,0.0023008904461269716,2.03969658012781e-05
108,0.0022114331987162757,1.960394394350828e-05
109,0.0021873126199984405,1.9390119500000826e-05
110,0.0021730318983882017,1.926352355937622e-05
111,0.002132133643474712,1.8900968137319253e-05
112,0.002079455144599092,1.8433983043858008e-05
113,0.002027737001839821,1.79755113287261e-05
114,0.0020155074374346485,1.7867098515175273e-05
115,0.00198803317661232,1.7623544303651762e-05
116,0.0019567959085948854,1.734663173332515e-05
117,0.0019144113402867436,1.6970900419503442e-05
118,0.001887672100343177,1.673386203134413e-05
119,0.001873576355432518,1.6608905874752575e-05
120,0.0018026293870372326,1.597997419723665e-05
121,0.0017798987571015802,1.5778471391129812e-05
122,0.0017452381148820222,1.547121124530553e-05
123,0.0017343487015317352,1.537467862156603e-05
124,0.001670385507584508,1.4807656805434716e-05
125,0.0016538331743584315,1.4660923450393e-05
126,0.0016257201130332655,1.4411706391239283e-05
127,0.00161497445636667,1.4316448143759591e-05
128,0.0015842003003927478,1.4043640975552221e-05
129,0.0015509112479451452,1.374853971791797e-05
130,0.0015110218519697668,1.3394927642682932e-05
131,0.00148055230346737,1.3124820763048612e-05
132,0.0014466190739656738,1.2824008995657395e-05
133,0.0014338321373545068,1.2710655181180871e-05
134,0.0014207462432017123,1.2594651163708862e-05
135,0.001390819591097407,1.2329356959655926e-05
136,0.001360761043110003,1.206289352313413e-05
137,0.0013509227796345967,1.1975679147504205e-05
138,0.0013383915373050542,1.186459201527092e-05
139,0.0013152811606350749,1.1659722825003436e-05
140,0.001287026055991976,1.140924657825865e-05
141,0.0012708941398274706,1.126624014226324e-05
142,0.00125058979471657,1.108624589979876e-05
143,0.0012394296041357807,1.0987312886279895e-05
144,0.0012285858673499485,1.0891185176787691e-05
145,0.001193059394906101,1.0576249607083815e-05
146,0.001163865991759759,1.03174555186468e-05
147,0.001141661450501036,1.0120616390799751e-05
148,0.001136360739291112,1.0073626571943637e-05
149,0.0011267376800622037,9.98831994192737e-06
150,0.001107883462716453,9.82118081235322e-06
151,0.0010981481128440435,9.73487874667023e-06
152,0.0010652852001826676,9.443555138971838e-06
153,0.0010618901318449805,9.413458489697044e-06
154,0.0010590465072261347,9.388250286412137e-06
155,0.0010272162447778337,9.106080930762652e-06
156,0.0010053024045846412,8.911818813786329e-06
157,0.0009949804292622092,8.820316422610917e-06
158,0.000990620533992247,8.781666762055252e-06
159,0.0009700449499256787,8.599268036703704e-06
160,0.0009664115036738611,8.567058211562375e-06
161,0.0009608320910363818,8.517597756394054e-06
162,0.0009334358574809841,8.274735242077525e-06
163,0.0009205352988137863,8.160374189209867e-06
164,0.0009039718064485892,8.013541910475631e-06
165,0.0008783714360033492,7.786599388570442e-06
166,0.000869484934200531,7.707822203124614e-06
167,0.0008585860137970674,7.611205301127172e-06
168,0.0008532979486220858,7.56432758701845e-06
169,0.000840167632646213,7.447929778348045e-06
170,0.0008271668204825922,7.332679996883403e-06
171,0.0008131746353947321,7.208641878857124e-06
172,0.0008105506291940578,7.185380551996652e-06
173,0.0008036220349537811,7.1239598528896e-06
174,0.0007836104696080877,6.9465610485818065e-06
175,0.0007779831542323145,6.89667594454921e-06
176,0.0007737443758452014,6.859099962630263e-06
177,0.0007509362460291829,6.656910134500234e-06
178,0.0007484381755464715,6.634765204353379e-06
179,0.0007269696336896865,6.444450574296461e-06
180,0.0007165037939358168,6.351672851697513e-06
181,0.0007046844208421583,6.2468963078209025e-06
182,0.0006937572909755671,6.150029334180261e-06
183,0.000686924669344274,6.089459414399357e-06
184,0.0006818545075647186,6.044513373357457e-06
185,0.0006673017404360181,5.915505799816648e-06
186,0.0006586282608671521,5.838617016849152e-06
187,0.0006492399736463396,5.755391597013181e-06
188,0.0006446103536588058,5.7143508770095015e-06
189,0.0006382814257102019,5.65824610803029e-06
190,0.0006313746218553577,5.597018576636725e-06
191,0.0006208523783287835,5.5037408450847865e-06
192,0.0006149923592740018,5.451792866224508e-06
193,0.0006068198594710454,5.379345175691286e-06
194,0.0005964902789966725,5.2877753662586e-06
195,0.0005923732748823985,5.251278890616346e-06
196,0.000580679771112043,5.147618154877042e-06
197,0.0005762413141387865,5.108272059435451e-06
198,0.0005756351749969626,5.102898748695077e-06
199,0.00056560052337106,5.013943428642442e-06
200,0.0005613425510889832,4.976197296415024e-06
201,0.0005520245085457373,4.893594582579012e-06
202,0.0005432875389385363,4.816142972231871e-06
203,0.000535081497053898,4.743397937383921e-06
204,0.0005336286482711407,4.730518703178654e-06
205,0.0005247967755038901,4.652225793971229e-06
206,0.000513612260779272,4.553077151442015e-06
207,0.0005101011474559166,4.521951784955558e-06
208,0.0004980328309971481,4.414968404454825e-06
209,0.0004964102745756673,4.400584743600699e-06
210,0.0004909389852402389,4.3520827813923375e-06
211,0.0004866096561434227,4.3137040842758014e-06
212,0.00046970430372268984,4.163841279740859e-06
213,0.0004664491453063509,4.134984905893261e-06
214,0.00045589612741653654,4.041434365335738e-06
215,0.0004523989241957458,4.010432309321006e-06
216,0.0004496494227606604,3.986058490551667e-06
217,0.0004469093471207374,3.96176822970309e-06
218,0.00043990336944512185,3.899661540836356e-06
219,0.0004346300365048129,3.8529144252475675e-06
220,0.0004239561112054747,3.7582920629953915e-06
221,0.00041586635950270146,3.6865779189777794e-06
222,0.00041434507607817424,3.673092024403197e-06
223,0.0004104397336489412,3.6384718902262606e-06
224,0.0004048980759234083,3.5893461253293057e-06
225,0.0004033191308991248,3.5753490713988933e-06
226,0.00040019782355462194,3.547679262404611e-06
227,0.0003961327991051889,3.511643576822096e-06
228,0.0003910522157989204,3.46660515088446e-06
229,0.00038326099344884306,3.3975374140471053e-06
230,0.0003815281884366027,3.3821764199439556e-06
231,0.00037434617533300003,3.318509209753614e-06
232,0.0003712744811911655,3.291279212572111e-06
233,0.00036898392446577056,3.2709738532828794e-06
234,0.0003668003481213212,3.251616855170612e-06
235,0.0003553799606571147,3.1503772446811737e-06
236,0.0003537925843588563,3.1363054490753306e-06
237,0.0003507965059212554,3.109745771046088e-06
238,0.0003487494463188569,3.091598968457732e-06
239,0.00034357854577785117,3.045759897034649e-06
240,0.0003419412924305098,3.0312459506666402e-06
241,0.00033805411791635855,2.9967868716773716e-06
242,0.0003355631784441109,2.974705156611793e-06
243,0.00032687235774991533,2.897662647793985e-06
244,0.00032284262763107336,2.8619398398868306e-06
245,0.00032054261078131495,2.8415506183548567e-06
246,0.00031616117135661057,2.8027099728749736e-06
247,0.000313395918952552,2.7781965246956284e-06
248,0.00030967954072479376,2.7452515230143024e-06
249,0.00030760336305211337,2.72684659414934e-06
250,0.00030324515398576256,2.688211881475031e-06
251,0.0003013545696069103,2.6714522026364358e-06
252,0.0003004878654047462,2.663769031105552e-06
253,0.0002952596685232666,2.617422038282234e-06
254,0.00029187521779562147,2.587419512145412e-06
255,0.00028794778757451096,2.5526035738021763e-06
256,0.00028638434810134743,2.538743973698154e-06
257,0.0002859331812684812,2.53474446364928e-06
258,0.0002795310270180232,2.4779905571254343e-06
259,0.00027508334507467746,2.438562684039999e-06
260,0.0002739801825692821,2.4287833536361213e-06
261,0.00027074642645071625,2.4001167071771e-06
262,0.00026759821507868703,2.3722083989833897e-06
263,0.0002634865658338577,2.3357593932626684e-06
264,0.00026251171384237003,2.327117511696707e-06
265,0.0002542682939542913,2.254041127801183e-06
266,0.00025284815114336954,2.241451825952388e-06
267,0.0002476663892054861,2.1955164702663828e-06
268,0.00024561157587267633,2.177300932300253e-06
269,0.00024520558067375276,2.1737018603836102e-06
270,0.00024244784915735415,2.149255083474361e-06
271,0.00024062394719451423,2.133086531849684e-06
272,0.00023943443674840706,2.1225417430135397e-06
273,0.0002350901564609769,2.0840305063733795e-06
274,0.00023150681754173117,2.0522648734145076e-06
275,0.0002303533027438561,2.0420391793041556e-06
276,0.00022639997216187036,2.0069936390796557e-06
277,0.00022552453385051743,1.9992330412955016e-06
278,0.00022425738370144958,1.9879999909348783e-06
279,0.00022022078079254542,1.9522162570222754e-06
280,0.00021605004099630883,1.915243424555148e-06
281,0.0002156608295094562,1.911793137123966e-06
282,0.00021290346714639198,1.8873496326903576e-06
283,0.00021033128125560487,1.8645476832376022e-06
284,0.00020693466920584027,1.834437349242398e-06
285,0.00020424324285504993,1.8105783552924098e-06
286,0.00020363271168188313,1.8051661100111713e-06
287,0.0002014588517629334,1.7858952462035427e-06
288,0.00019699185858819895,1.7462961826440542e-06
289,0.00019494626203722892,1.72816234973446e-06
290,0.00019351930568015343,1.715512647066444e-06
291,0.00018847193120205853,1.6707686112131765e-06
292,0.00018809548635566532,1.6674314976748618e-06
293,0.00018434058412262496,1.6341449878528114e-06
294,0.0001828201641027261,1.6206667471996518e-06
295,0.00017951536985656548,1.5913703609537682e-06
296,0.0001783957444800697,1.5814450902599511e-06
297,0.00017574149201817187,1.5579156359200377e-06
298,0.00017431101674999974,1.5452347387597253e-06
299,0.00017227613659439973,1.5271959047016598e-06
300,0.00017129796781473249,1.5185246204254637e-06
301,0.00016904507262870748,1.4985531236770782e-06
302,0.00016681175154495005,1.4787551477041882e-06
303,0.00016518212576950572,1.4643088183421925e-06
304,0.000164451090944125,1.457828330599748e-06
305,0.00016350020547204182,1.4493989077701387e-06
306,0.00016182180131753854,1.4345201671513696e-06
307,0.00016057685774476874,1.4234839739588385e-06
308,0.00015841472064907734,1.404317030798756e-06
309,0.00015653345738631327,1.3876399819204012e-06
310,0.0001545251568934568,1.3698367716283007e-06
311,0.00015252541081505754,1.352109394629101e-06
312,0.00015020282235115272,1.331520079936412e-06
313,0.00014925564960218362,1.323123569706581e-06
314,0.00014647020996793982,1.298431165486802e-06
315,0.00014622596219896944,1.2962659544489998e-06
316,0.00014457041831302794,1.2815898658586436e-06
317,0.00014326556712486959,1.270022602799499e-06
318,0.0001406990439852328,1.247270852582326e-06
319,0.000139931071912909,1.240462923016669e-06
320,0.00013907101927205931,1.2328387163395375e-06
321,0.0001385666381680592,1.228367471675795e-06
322,0.0001352971222895243,1.1993838215965545e-06
323,0.0001340066440799063,1.1879439723185584e-06
324,0.00013269992357625634,1.1763601381253047e-06
325,0.00013227775794733264,1.1726177183546778e-06
326,0.00012876231932487195,1.1414540088962284e-06
327,0.0001275766051055733,1.1309428729045807e-06
328,0.0001264151762261167,1.1206470219331583e-06
329,0.00012435501311738398,1.1023840591986183e-06
330,0.00012308922892271802,1.0911631177696776e-06
331,0.0001224555607595564,1.0855457673759974e-06
332,0.00012040311729104498,1.0673512378160385e-06
333,0.00011890747390630403,1.0540926374246901e-06
334,0.00011736764839204793,1.0404423706737958e-06
335,0.00011524710807127243,1.0216441751856556e-06
336,0.00011440195101198153,1.0141520150682182e-06
337,0.00011320440008465054,1.003535948861687e-06
338,0.00011242369989012717,9.96615186860372e-07
339,0.00011022405132682363,9.771157115176606e-07
340,0.0001092013893595114,9.680500034094599e-07
341,0.00010808707481230981,9.581718122294337e-07
342,0.00010780749872859382,9.556934222530622e-07
343,0.0001058460742452445,9.383057590655303e-07
344,0.00010420239640642559,9.237348607756349e-07
345,0.00010400007620059092,9.219413297858115e-07
346,0.00010321631413400147,9.149934248581895e-07
347,0.00010274211119484793,9.107897040121747e-07
348,0.00010153173315804206,9.00059927866203e-07
349,0.00010056558582957749,8.914952115187299e-07
350,9.971372586445907e-05,8.839436313879829e-07
351,9.817801809096729e-05,8.703298676429966e-07
352,9.652655931278022e-05,8.556899927729857e-07
353,9.571899946727573e-05,8.485311249620619e-07
354,9.41432072105703e-05,8.345620197297627e-07
355,9.345397640078939e-05,8.284521168093728e-07
356,9.270809026781562e-05,8.218399749877043e-07
357,9.184154362421435e-05,8.141582001841716e-07
358,9.037976602501918e-05,8.011998136820909e-07
359,8.974134123552761e-05,7.955402966808068e-07
360,8.936765543132801e-05,7.922276415383108e-07
361,8.82830034765393e-05,7.826124037222927e-07
362,8.647595094392461e-05,7.665932191622901e-07
363,8.573071138107805e-05,7.599868090645266e-07
364,8.540318181802228e-05,7.570833204139472e-07
365,8.364723973209699e-05,7.415172204564586e-07
366,8.341166580311343e-05,7.394289013966621e-07
367,8.215935403547234e-05,7.28327390527203e-07
368,8.086773578342222e-05,7.168774349851132e-07
369,8.066365907529899e-05,7.150683329292402e-07
370,8.026687202623161e-05,7.115508895482046e-07
371,7.93995473105839e-05,7.038622172807144e-07
372,7.863966454904756e-05,6.971259979504429e-07
373,7.732012773531611e-05,6.854285495523619e-07
374,7.592614405088826e-05,6.730711434939052e-07
375,7.567147525373422e-05,6.708135519797385e-07
376,7.46521392312572e-05,6.61777327753821e-07
377,7.410375631737134e-05,6.569160152305051e-07
378,7.359100414599733e-05,6.523705626116498e-07
379,7.235965266567949e-05,6.414548607903515e-07
380,7.226089844443708e-05,6.405794229889542e-07
381,7.194862067253257e-05,6.378111386298457e-07
382,7.152260403165297e-05,6.340345803545817e-07
383,7.077226839705047e-05,6.273829945286553e-07
384,6.91327358417162e-05,6.128488434057601e-07
385,6.772952171081776e-05,6.004096111563573e-07
386,6.758509506759518e-05,5.991292958299309e-07
387,6.71902003870616e-05,5.956286279439356e-07
388,6.66184858170956e-05,5.905604846295427e-07
389,6.541169703486186e-05,5.798625265576923e-07
390,6.488857554841827e-05,5.752251518896091e-07
391,6.40444563915008e-05,5.677421925836452e-07
392,6.355101256002374e-05,5.633679048063062e-07
393,6.246483720256047e-05,5.537391623089563e-07
394,6.216705274729682e-05,5.510993585058725e-07
395,6.132989552744789e-05,5.436781154769859e-07
396,6.045672757191329e-05,5.359376439748376e-07
397,6.0231513969182074e-05,5.339411672800763e-07
398,5.955462745093575e-05,5.279406942078984e-07
399,5.879741947596855e-05,5.212281863630078e-07
400,5.8303955259129916e-05,5.168537178732305e-07
401,5.806862415146301e-05,5.147675513792375e-07
402,5.718773421924102e-05,5.069586259901707e-07
403,5.61183214730464e-05,4.974784809235946e-07
404,5.574989217588387e-05,4.942124237381851e-07
405,5.435495005181653e-05,4.8184652129061e-07
406,5.418909165896499e-05,4.803762174903824e-07
407,5.383407710964555e-05,4.772290795492372e-07
408,5.350635012242527e-05,4.743238407701637e-07
409,5.333456551453286e-05,4.728010021759727e-07
410,5.228480847161763e-05,4.6349510126268287e-07
411,5.1902311464275505e-05,4.601043364433578e-07
412,5.139434547911577e-05,4.5560131247498243e-07
413,5.1098373503343e-05,4.5297757596543424e-07
414,5.070318884425424e-05,4.4947433747348805e-07
415,5.0445841034314046e-05,4.4719299700931275e-07
416,4.961741468477339e-05,4.398491515216228e-07
417,4.908726942444912e-05,4.351495124046255e-07
418,4.8203848666586e-05,4.273181517170254e-07
419,4.774817237695448e-05,4.232786661727604e-07
420,4.740850333842952e-05,4.202675633302897e-07
421,4.654223493431795e-05,4.1258825506807597e-07
422,4.6322752133481095e-05,4.1064258086608443e-07
423,4.6079860815380935e-05,4.0848939451292466e-07
424,4.550671206107614e-05,4.034085374211503e-07
425,4.513194214557536e-05,4.00086271833632e-07
426,4.4846292225258e-05,3.975540384256232e-07
427,4.372910666642654e-05,3.87650396261554e-07
428,4.3270738205113625e-05,3.8358704511612185e-07
429,4.310947692773372e-05,3.8215749388941084e-07
430,4.269962868429284e-05,3.7852426544985215e-07
431,4.1581161334058804e-05,3.686092604434335e-07
432,4.136062275873525e-05,3.666542269970088e-07
433,4.097488472290667e-05,3.6323473106303615e-07
434,4.0360425990572725e-05,3.5778766870037183e-07
435,3.9847852380872055e-05,3.5324379899753537e-07
436,3.926248044427895e-05,3.48054585668489e-07
437,3.91350208142985e-05,3.4692467975830933e-07
438,3.84931665381712e-05,3.4123476099594065e-07
439,3.8144597690478015e-05,3.381447630007052e-07
440,3.791418409588037e-05,3.3610218934533247e-07
441,3.752569806798097e-05,3.326583329728239e-07
442,3.730806553137063e-05,3.3072906101902074e-07
443,3.66136435439302e-05,3.2457313927432396e-07
444,3.5888389900968045e-05,3.1814390063862444e-07
445,3.570643669669078e-05,3.1653091932900865e-07
446,3.483962012885459e-05,3.088467516973437e-07
447,3.469311018287202e-05,3.0754796827947874e-07
448,3.4387653033324635e-05,3.048401474688177e-07
449,3.388365324229846e-05,3.003722830736586e-07
450,3.3100958988034536e-05,2.9343384410367167e-07
451,3.277977844419525e-05,2.90586638327424e-07
452,3.2670587073257484e-05,2.896186771354597e-07
453,3.2445133396859434e-05,2.876200722322997e-07
454,3.139614430898362e-05,2.78320979097582e-07
455,3.098594328810903e-05,2.746846233516958e-07
456,3.084845951410988e-05,2.734658552694468e-07
457,3.0573096117363506e-05,2.710248099794314e-07
458,3.0034937488978646e-05,2.662541338451958e-07
459,2.966751623382033e-05,2.629970127646412e-07
460,2.924823050363214e-05,2.59280122760596e-07
461,2.89181872507823e-05,2.5635435071758005e-07
462,2.8644497610304056e-05,2.539281429655354e-07
463,2.834998050534162e-05,2.5131730361509083e-07
464,2.8093641815783232e-05,2.490449088153871e-07
465,2.7415174530759895e-05,2.430304225397796e-07
466,2.739348926394959e-05,2.4283818668332414e-07
467,2.7072748228186584e-05,2.3999487706441694e-07
468,2.67924073656686e-05,2.3750970746622714e-07
469,2.6342920705359602e-05,2.3352509183453297e-07
470,2.6024892221610535e-05,2.3070582848464982e-07
471,2.5615400612474015e-05,2.2707576154185936e-07
472,2.5418753377897647e-05,2.2533252038697442e-07
473,2.512403156904611e-05,2.2271986637463128e-07
474,2.4862245475002074e-05,2.2039918134746955e-07
475,2.4472833583341512e-05,2.1694711736494424e-07
476,2.4359888881778677e-05,2.159458835951702e-07
477,2.3929041857502193e-05,2.12126504869624e-07
478,2.3370634507908473e-05,2.0717632758846851e-07
479,2.311295509856541e-05,2.048920475572697e-07
480,2.2730465295673445e-05,2.0150134660405512e-07
481,2.2600162212269303e-05,2.0034623400820374e-07
482,2.2295200323294078e-05,1.976428035903882e-07
483,2.205686886396658e-05,1.9553003953703902e-07
484,2.1578675746059256e-05,1.9129094649861106e-07
485,2.1376445486955034e-05,1.894982128698215e-07
486,2.1202129523901337e-05,1.879529342829996e-07
487,2.0965910028709446e-05,1.858588923988523e-07
488,2.0493359249210487e-05,1.8166981764084634e-07
489,2.0422410585825327e-05,1.8104087093756048e-07
490,2.0160928747002536e-05,1.7872288307633858e-07
491,1.9720789343239877e-05,1.7482112913518354e-07
492,1.9305467592453156e-05,1.711393790711667e-07
493,1.923008991704107e-05,1.7047117000013158e-07
494,1.9199984652748033e-05,1.7020429243225034e-07
495,1.898092836564226e-05,1.6826239919514622e-07
496,1.86132119015429e-05,1.65002661142243e-07
497,1.833155532716576e-05,1.6250582800316594e-07
498,1.78569753330676e-05,1.582987646352055e-07
499,1.7647846445183153e-05,1.5644487594553816e-07
500,1.7423357939406734e-05,1.5445482710040122e-07
501,1.7259741240082116e-05,1.5300439549629777e-07
502,1.6978726874088963e-05,1.5051325541508338e-07
503,1.6574846214166265e-05,1.4693292849334416e-07
504,1.6259288968560653e-05,1.4413557220991162e-07
505,1.606196521584889e-05,1.423863338476e-07
506,1.594102843134917e-05,1.4131425174924993e-07
507,1.548453679804208e-05,1.372675383349684e-07
508,1.5395654066660093e-05,1.364796094549236e-07
509,1.5051416799445864e-05,1.3342801011488854e-07
510,1.4804767413371715e-05,1.3124150918820206e-07
511,1.4596395232255107e-05,1.293943285632717e-07
512,1.447275939236578e-05,1.282983198409617e-07
513,1.4274134937228492e-05,1.265375509935999e-07
514,1.3977820718210305e-05,1.23910780561344e-07
515,1.3896678437788135e-05,1.2319146933920622e-07
516,1.3497852304435136e-05,1.1965594985528196e-07
517,1.3115596903823404e-05,1.1626732683467897e-07
518,1.2867514230614401e-05,1.1406812008415712e-07
519,1.2621677051800364e-05,1.1188881922374757e-07
520,1.2510132249419415e-05,1.108999952998166e-07
521,1.2387377440292491e-05,1.0981179675132903e-07
522,1.2230820386825027e-05,1.0842394759453849e-07
523,1.1881688513501421e-05,1.053289584818214e-07
524,1.1543866724210227e-05,1.0233423116018915e-07
525,1.1422714976150723e-05,1.0126024344986841e-07
526,1.1206683787087071e-05,9.93451671441895e-08
527,1.1141132448087475e-05,9.876406671759015e-08
528,1.0954817035789028e-05,9.711241524530934e-08
529,1.0610189225197863e-05,9.405735381088526e-08
530,1.0378554800487176e-05,9.2003957723655e-08
531,1.0273724964736595e-05,9.107466072980752e-08
532,1.022856079104472e-05,9.067428873131153e-08
533,9.84202461685536e-06,8.724771744923747e-08
534,9.708150863946624e-06,8.606095153243138e-08
535,9.521519175882863e-06,8.44064963343236e-08
536,9.41302547734015e-06,8.344471987836286e-08
537,9.173717185095378e-06,8.132329638290909e-08
538,9.006823040466367e-06,7.984381083584116e-08
539,8.89793422715858e-06,7.887853176098593e-08
540,8.600651741015454e-06,7.624317782078114e-08
541,8.244728668588182e-06,7.308798599128529e-08
542,8.106137448777391e-06,7.185940060791927e-08
543,7.968722986242493e-06,7.064124695890774e-08
544,7.837824126763074e-06,6.948085291897322e-08
545,7.683670628892607e-06,6.811431083544901e-08
546,7.534963960418253e-06,6.679605388132108e-08
547,7.3231115049115375e-06,6.491802127131092e-08
548,7.014542486650681e-06,6.21826143233639e-08
549,6.7834473217337696e-06,6.013399867389423e-08
550,6.547168397257132e-06,5.8039429960192515e-08
551,6.429467921895901e-06,5.699603714034822e-08
552,6.27668121056869e-06,5.56416113652851e-08
553,6.094603856553353e-06,5.40275294913352e-08
554,5.93185222271018e-06,5.258476653180829e-08
555,5.872732934290694e-06,5.2060685037133945e-08
556,5.508833803191621e-06,4.883478693119127e-08
557,5.441019279696667e-06,4.8233623795030275e-08
558,5.3690657124298685e-06,4.759576880576241e-08
559,5.215971653142845e-06,4.623861844820734e-08
560,4.862109333682267e-06,4.310169481042713e-08
561,4.7533883420957236e-06,4.213790344391311e-08
562,4.633206462473174e-06,4.1072513436874415e-08
563,4.413159420891944e-06,3.9121837345642086e-08
564,4.39297096110888e-06,3.89428704050523e-08
565,4.263512137020123e-06,3.779524201098562e-08
566,4.0887058671816375e-06,3.6245616945721725e-08
567,3.981812187998132e-06,3.5298024363750336e-08
568,3.902381945015332e-06,3.459389003504533e-08
569,3.7406928817015202e-06,3.316054656560553e-08
570,3.629622502179655e-06,3.2175928312069854e-08
571,3.5689652005277117e-06,3.163821261618565e-08
572,3.3970316535495065e-06,3.011405370470422e-08
573,3.321457788206588e-06,2.9444105446426808e-08
574,3.1821900754653136e-06,2.8209523079070915e-08
575,3.0480089969449973e-06,2.702003277788581e-08
576,2.890707457613659e-06,2.5625583892398692e-08
577,2.815983292829274e-06,2.4963168071514334e-08
578,2.760742889189743e-06,2.4473472168877636e-08
579,2.6253034579447787e-06,2.3272826804862922e-08
580,2.6047591281424587e-06,2.3090705142750125e-08
581,2.4684059223490204e-06,2.188195933734035e-08
582,2.4198764508841726e-06,2.1451754600087956e-08
583,2.231392843326921e-06,1.978088248015799e-08
584,2.1987922519704244e-06,1.9491884302031252e-08
585,2.1220878496445513e-06,1.8811914043698505e-08
586,1.970769550844435e-06,1.7470505472539077e-08
587,1.91271462889168e-06,1.6955859388602554e-08
588,1.8453546169786069e-06,1.6358725413068275e-08
589,1.5485286066607142e-06,1.3727418046142133e-08
590,1.521138747351968e-06,1.3484612038336456e-08
591,1.4406094344407815e-06,1.2770734659161467e-08
592,1.3673474958846125e-06,1.2121281201792008e-08
593,1.302206375601967e-06,1.1543817287810968e-08
594,1.2080254320104855e-06,1.0708920742084018e-08
595,1.1722121214954438e-06,1.0391442406235624e-08
596,1.0303584332864845e-06,9.133935847392865e-09
597,9.917187293274998e-07,8.791402059419795e-09
598,9.14648090056413e-07,8.108185178693847e-09
599,8.3605580407768e-07,7.4114791829560476e-09
600,7.450160175775522e-07,6.604428410536832e-09
601,7.295647488592775e-07,6.4674557875405885e-09
602,6.18660802858553e-07,5.4843129362104394e-09
603,6.087665026318959e-07,5.396601805204437e-09
604,5.377911278524391e-07,4.767418310376891e-09
605,5.156300851575345e-07,4.570964789206641e-09
606,4.4078340878559345e-07,3.90746292588778e-09
607,3.864683572022369e-07,3.425970097098293e-09
608,3.4575225710625035e-07,3.065029443614687e-09
609,3.099836858553105e-07,2.7479477130203145e-09
610,2.9151713296499444e-07,2.584245156731598e-09
611,2.83321561219157e-07,2.5115929377164983e-09
612,2.0965096104239727e-07,1.8585167710983166e-09
613,2.010544510157857e-07,1.7823103088052984e-09
614,1.724133586684019e-07,1.528412352862116e-09
615,1.2173491607899774e-07,1.0791573863346618e-09
616,7.668624877825112e-08,6.798093305099395e-10
617,5.963071604068358e-08,5.286152054022781e-10
618,4.389985411874932e-08,3.891640406645483e-10
619,2.6271248540258393e-08,2.328897314231176e-10
620,2.23547544558847e-08,1.981707398977515e-10
621,1.7558969767867324e-08,1.5565700073366372e-10
622,5.009014330259014e-09,4.440398027832351e-11
623,4.771209071046311e-09,4.229588089111005e-11
624,3.540325845505365e-09,3.1384330061305746e-11
625,2.6890896915779665e-09,2.383827990072782e-11
626,3.589674177364876e-10,3.1821793843635267e-12
627,1.0389448897205393e-10,9.210053186458001e-13
628,5.0802108308421475e-11,4.50351240122676e-13
629,6.2312085887933785e-12,5.5238505031905894e-14
630,1.2466204841352297e-14,1.1051058699852525e-16
631,8.484378792673246e-15,7.521243976241689e-17
632,7.382717412903925e-15,6.544641655797977e-17
633,6.664891911813028e-15,5.908302701821183e-17
634,5.1192694760185805e-15,4.538137163620336e-17
635,4.111651922114667e-15,3.644902945435771e-17
636,3.985201261566816e-15,3.532806787051304e-17
637,3.711302159667579e-15,3.290000328193453e-17
638,3.0381951898810946e-15,2.6933035203794566e-17
639,2.8059837334525377e-15,2.4874523837722824e-17
640,2.492796406151537e-15,2.2098176439216703e-17
641,2.457430881293831e-15,2.178466763992506e-17
642,2.0732384646126855e-15,1.8378873332183703e-17
643,1.849959234280694e-15,1.6399544488916384e-17
644,1.5252039031632436e-15,1.352064888841727e-17
645,1.4966827624378097e-15,1.326781428128969e-17
646,1.3512216730128957e-15,1.1978328781703719e-17
647,1.2398127683909577e-15,1.0990709566127158e-17
648,1.2009746013929669e-15,1.0646416440230702e-17
649,1.1728083216821032e-15,1.0396727609987275e-17
650,1.106346374158113e-15,9.807554808207403e-18
651,8.897021951483428e-16,7.887044460682406e-18
652,7.947731544585467e-16,7.045516173337317e-18
653,7.128054123708543e-16,6.318887387084195e-18
654,5.701281685598012e-16,5.054080161023823e-18
655,4.774321671680656e-16,4.2323473516738375e-18
656,4.2867488058176656e-16,3.800123075747153e-18
657,3.387138735692225e-16,3.002635482814559e-18
658,3.227549571131552e-16,2.861162657053651e-18
659,2.7152635436896153e-16,2.407030623092866e-18
660,2.350150097886046e-16,2.0833643451013215e-18
661,1.9007325140270593e-16,1.684964016919902e-18
662,1.8142224206767976e-16,1.6082744283955604e-18
663,1.3875630712811532e-16,1.2300488517251324e-18
664,7.256085934423982e-17,6.432385205680223e-19
665,7.029892272582374e-17,6.231868732033457e-19
666,5.776529753691691e-17,5.120786173650481e-19
667,5.5062850152603034e-17,4.88121924002968e-19
668,4.3842300793907606e-17,3.886538411456958e-19
669,2.996095080172286e-17,2.655982556254195e-19
670,2.092238677726954e-17,1.854730668708814e-19
671,7.214080308422273e-18,6.395147999603752e-20
672,6.385451105306483e-18,5.660583624913815e-20
673,2.1384034751392627e-18,1.8956549028733217e-20
674,9.787231840632918e-19,8.676198968038718e-21
675,6.018227743360537e-19,5.33504694550998e-21
676,4.406110911655105e-19,3.905935362239668e-21
677,3.9652766747124964e-19,3.515144011435184e-21
678,2.654376909135187e-19,2.353055754152363e-21
679,1.8885003880712497e-19,1.6741204647978292e-21
680,1.2635431733274744e-19,1.1201075191641994e-21
681,9.888275181259383e-20,8.765772009931002e-22
682,6.800917740884939e-20,6.028887068988275e-22
683,4.4691615401521887e-20,3.961828571556473e-22
684,4.1006442577165053e-20,3.6351448557075443e-22
685,3.0614791336751475e-20,2.7139443034330607e-22
686,2.777846375913334e-20,2.4625091397151157e-22
687,2.678437749212231e-20,2.3743852413092843e-22
688,1.789816392120655e-20,1.5866389380729938e-22
689,1.3219827560961842e-20,1.1719131222158693e-22
690,8.471762680765287e-21,7.510060027715808e-23
691,7.646039258240632e-21,6.778071573467592e-23
692,4.719198101583077e-21,4.183481332171811e-23
693,2.635929427127101e-21,2.3367024045058382e-23
694,2.331360859820135e-21,2.0667080350667627e-23
695,1.2369440739257303e-21,1.0965279123317482e-23
696,5.523695242031523e-22,4.8966530822033835e-24
697,3.810460802682561e-34,3.3779026207116476e-36
698,-1.1725045426688026e-34,-1.039403466554228e-36
699,-1.2351567112463569e-21,-1.0949434485643826e-23
700,-1.4482162531837887e-21,-1.2838167692324262e-23
701,-2.6416951873600078e-21,-2.3418136436996437e-23
702,-6.003901493394493e-21,-5.322346991407001e-23
703,-7.581215380624422e-21,-6.720606411792045e-23
704,-9.11214827148304e-21,-8.077749941657085e-23
705,-1.9325200794457155e-20,-1.7131431023623057e-22
706,-2.175862235245065e-20,-1.9288613969122895e-22
707,-2.3603769496316998e-20,-2.0924302589375047e-22
708,-2.4561060346643697e-20,-2.177292312099825e-22
709,-3.682638529542601e-20,-3.2645905532785375e-22
710,-4.548703785293495e-20,-4.0323412922570646e-22
711,-5.065698952633112e-20,-4.4906478911393605e-22
712,-5.535356857243543e-20,-4.906990887163529e-22
713,-8.751667868691844e-20,-7.758190770113756e-22
714,-8.946713086796651e-20,-7.931094727800363e-22
715,-1.1602282931304906e-19,-1.0285207996970382e-21
716,-1.481179807104481e-19,-1.3130383466065557e-21
717,-1.7855859669904168e-19,-1.5828887448879346e-21
718,-3.3786128214727153e-19,-2.9950774184550542e-21
719,-3.793352510735285e-19,-3.3627364381428837e-21
720,-5.201804468298552e-19,-4.611302898989313e-21
721,-7.359696072178867e-19,-6.524233665480185e-21
722,-1.2995644242078974e-18,-1.152039688014915e-20
723,-1.5795213234299907e-18,-1.4002162715144398e-20
724,-1.6444023849173115e-18,-1.457732125628012e-20
725,-4.214282365424956e-18,-3.7358829243345334e-20
726,-4.750215183873272e-18,-4.2109773986530925e-20
727,-1.2458861815902049e-17,-1.1044549244383285e-19
728,-2.2175811825297338e-17,-1.9658444676388023e-19
729,-2.316797981862287e-17,-2.0537983146507204e-19
730,-2.629131117431008e-17,-2.330675829420044e-19
731,-3.9863684801377925e-17,-3.533841504602281e-19
732,-8.315056990947465e-17,-7.371143348677044e-19
733,-9.604919604290089e-17,-8.514582561829604e-19
734,-1.2168006102888074e-16,-1.07867110651932e-18
735,-1.5936022745992914e-16,-1.4126987727970693e-18
736,-2.307107362719964e-16,-2.045207761042578e-18
737,-2.9567387459073593e-16,-2.6210938980211775e-18
738,-3.172064719048001e-16,-2.811976367791502e-18
739,-5.154274394245113e-16,-4.5691683724788446e-18
740,-5.359624554166176e-16,-4.7512074693966196e-18
741,-5.556150433902907e-16,-4.9254240060771755e-18
742,-6.051215879422156e-16,-5.364290314494772e-18
743,-6.283438670002233e-16,-5.570151498616435e-18
744,-7.475845350618019e-16,-6.627197840248017e-18
745,-7.597969536107844e-16,-6.735458658973127e-18
746,-7.81402456294689e-16,-6.926987421285483e-18
747,-7.933525778854885e-16,-7.03292302626787e-18
748,-9.882219362926653e-16,-8.760403639627264e-18
749,-1.085314114501332e-15,-9.621107738697823e-18
750,-1.3296137442874194e-15,-1.1786778512984113e-17
751,-1.3400404358391925e-15,-1.1879209194053687e-17
752,-1.5268296758228021e-15,-1.353506106062368e-17
753,-1.605706933023487e-15,-1.4234293273234732e-17
754,-1.7752713080724913e-15,-1.573744991626891e-17
755,-1.881373127891301e-15,-1.6678022812271192e-17
756,-2.2229109433512652e-15,-1.970569201464733e-17
757,-2.415506753320346e-15,-2.1413018044020576e-17
758,-2.497009488595183e-15,-2.2135524631376684e-17
759,-2.993068785251615e-15,-2.653299802101105e-17
760,-3.1678843353889985e-15,-2.808270535439839e-17
761,-3.9005078060535036e-15,-3.457727614176953e-17
762,-4.684138636708839e-15,-4.1524017687247696e-17
763,-5.092955177943299e-15,-4.514810027866019e-17
764,-5.737545555744295e-15,-5.0862274073406045e-17
765,-6.6067073866744915e-15,-5.85672320261417e-17
766,-6.813497910264032e-15,-6.040039155130906e-17
767,-7.690840676455771e-15,-6.817787197334916e-17
768,-9.374424799367159e-15,-8.310253204849615e-17
