split,n_train,method,n_cells,wmae_cell_mean,wmae_cell_median,wmae_cell_min,wmae_cell_max,weighted_error_sum,weight_sum,raw_mae,bias,fit_seconds_mean,fit_seconds_median,fit_seconds_sum,coverage80,coverage90,width90,wmae_pooled
chemical_cluster,-1,dual_head,50,0.5027977589091295,0.5006650128545288,0.47198618094617656,0.5420754439599423,111577.71897420546,221956.86511208978,0.6489700842034236,0.3150755896138482,36.21163098462079,35.63698609399762,1810.5815492310394,0.8023845134842423,0.8994298398718259,3.0324730410257974,0.5027000129861174
chemical_cluster,-1,head_lora,50,0.5075717991343,0.5042508944443893,0.48492428526590875,0.5442684701926346,112639.89701616223,221956.86511208978,0.6619690972141467,0.3359405071437515,13.031557732999863,12.917772884498845,651.5778866499932,0.8007091646303804,0.9001472839075213,3.1520584908803304,0.5074855285925861
chemical_cluster,-1,head_pretrained,50,0.5026236924131714,0.5005703947813136,0.4771326712619766,0.5401583306508853,111540.87836564732,221956.86511208978,0.65233147900193,0.3300043788248306,18.19585431655949,18.052178360001562,909.7927158279745,0.8022951406603832,0.8987714257583488,3.05965744934082,0.5025340320486072
chemical_cluster,-1,head_random,50,0.5004668513430797,0.4966558393430414,0.47260496986798084,0.5377572757399018,111060.98843411192,221956.86511208978,0.6464685376244571,0.31710763691902133,17.158394701879878,17.19161311449716,857.919735093994,0.8009494911522248,0.9007161909365127,3.0307502358754475,0.5003719455941376
chemical_cluster,-1,morgan_knn,50,0.5837857962298141,0.5800713795448743,0.5492667815101203,0.6166974113606942,129590.2890932177,221956.86511208978,0.7168852569442887,0.23471172077904837,1.1899754164197658,1.1928365045023384,59.498770820988284,0.7803188689884805,0.8868112653616533,3.1898851514253757,0.583853484449664
chemical_cluster,-1,morgan_lightgbm,50,0.5427899553579746,0.5398367257454566,0.5265766873704626,0.5662326435648879,120454.32353442666,221956.86511208978,0.7477755821160277,0.4381715880807741,0.8635764389198448,0.8553613830008544,43.17882194599224,0.794553135880705,0.897607430878154,3.732008227768595,0.5426924888022561
chemical_cluster,-1,morgan_ridge,50,0.5168662592822855,0.5168307916121669,0.5033233375203683,0.5306722733179642,114728.29573869657,221956.86511208978,0.6531735851920359,0.2582760332561481,5.14670999843991,5.0838368565018754,257.3354999219955,0.7953644728480259,0.8951863089963571,2.952833315645366,0.5168945582321051
chemical_cluster,-1,native_continuous,50,0.6281891945792168,0.6249984976211377,0.5920253423677274,0.6592760710666775,139400.2716412424,221956.86511208978,0.9149922251561944,0.713037645175738,0.003998522740221233,0.003947230001358548,0.19992613701106166,0.8014875629906107,0.9000302533945562,4.667704713439941,0.628051182696441
chemical_cluster,-1,repr_mlp,50,0.5340014077778688,0.5311676477543585,0.49629603319478904,0.661200768092473,118509.7069669032,221956.86511208978,0.6776529019157473,0.1934654352075306,4.599036513939864,4.726796976499827,229.95182569699318,0.799483141340637,0.8994286762797276,2.890481555302938,0.5339312523947163
chemical_cluster,-1,repr_ridge,50,0.520657738806025,0.5128903649559758,0.48954551562474263,0.8844345604542249,115520.80881821434,221956.86511208978,0.6445048667026794,0.21025279294038235,1.1327648155997303,1.1359679029992549,56.63824077998652,0.8017546968842584,0.9015241713881653,2.8770923794420185,0.5204651307355396
chemical_cluster,-1,scalar_ridge,50,0.5826842231272085,0.582783119695736,0.5613052684024571,0.5956360333252987,129305.51044046304,221956.86511208978,0.7565002765528998,0.33156720153683344,0.01792199014023936,0.017359001003569574,0.8960995070119679,0.8021171558228833,0.8985960813798413,3.6158127753973783,0.5825704484299814
chemical_cluster,-1,weighted_mean,50,0.6567477079554961,0.6646418902019255,0.62925615187051,0.6789989470128557,145762.54571994752,221956.86511208978,0.8849873351765569,0.427659103171062,0.004189440560949152,0.0041411989950574934,0.20947202804745757,0.8004444921815562,0.8997924330710775,4.55120856682739,0.6567156444849607
chemical_cluster,25,dual_head,50,0.637139817238552,0.6307772114683211,0.5799610567927519,0.7861080256909784,141419.71214326014,221956.86511208978,0.8405335273527367,0.4376227837320918,0.8894494504010799,0.8577930864994414,44.472472520054,0.8354888429419188,1.0,inf,0.637149529354914
chemical_cluster,25,head_lora,50,0.6381705194967963,0.6245992064849311,0.5860256816110596,0.7852234961557145,141645.0653117588,221956.86511208978,0.855000081757408,0.47780441037322524,0.37567130628034645,0.37753614699613536,18.783565314017324,0.838294934794089,1.0,inf,0.6381648309919454
chemical_cluster,25,head_pretrained,50,0.6343200842172498,0.6239604329131272,0.5771579135402874,0.7826534698900263,140793.55204860916,221956.86511208978,0.840044598615851,0.4438109721344265,0.46102194946011876,0.43347770599939395,23.05109747300594,0.8361171826750088,1.0,inf,0.6343284402467453
chemical_cluster,25,head_random,50,0.625090288279952,0.6166445700140015,0.5762027808458807,0.7648416686764882,138746.64814790414,221956.86511208978,0.8149107114596141,0.3686101102016082,0.45898394464107695,0.45101190300192684,22.949197232053848,0.83746627820592,1.0,inf,0.6251063605436854
chemical_cluster,25,morgan_knn,50,0.7349230271396364,0.6914756627692249,0.598407500205044,1.1068165462869022,163099.26492414626,221956.86511208978,0.9315583343978318,0.3663208573430103,0.018285138720311806,0.01702202249907714,0.9142569360155903,0.8289701762394494,1.0,inf,0.7348241508176825
chemical_cluster,25,morgan_lightgbm,50,0.8319517893962944,0.7803901119273422,0.627348296225678,1.2113405825035304,184805.76183496875,221956.86511208978,0.9481569787597774,0.08342567697859145,0.03933093473940971,0.03801499250039342,1.9665467369704857,0.8098274750946537,1.0,inf,0.8326201658220418
chemical_cluster,25,morgan_ridge,50,0.7069815027068727,0.6590578565723877,0.6113187519596407,1.2217153502410587,156947.84142050287,221956.86511208978,0.9048806819104026,0.33739542287820334,0.018661225980031303,0.018444143499436905,0.9330612990015652,0.8318343581894507,1.0,inf,0.7071096509731434
chemical_cluster,25,native_continuous,50,0.6281891945792168,0.6249984976211377,0.5920253423677274,0.6592760710666775,139400.2716412424,221956.86511208978,0.9149922251561944,0.713037645175738,0.0037310445193725174,0.003102483000475331,0.18655222596862586,0.8254405538698388,1.0,inf,0.628051182696441
chemical_cluster,25,repr_mlp,50,1.923629292633303,1.624151550905531,0.8315325968571143,7.260263731754016,427039.6976420155,221956.86511208978,2.1139381367360324,-0.5492733315637262,0.20630758669962235,0.21212246250070166,10.315379334981117,0.8024461391119107,1.0,inf,1.9239760726768125
chemical_cluster,25,repr_ridge,50,0.6912887712605577,0.6574333439762714,0.5941582836685367,1.0335121959663132,153486.50302382474,221956.86511208978,0.8869573301054036,0.2777136510803133,0.014832937040264369,0.014629085499109351,0.7416468520132184,0.8320790705584347,1.0,inf,0.6915150065140494
chemical_cluster,25,scalar_ridge,50,0.6802879242402413,0.6590885407348672,0.5855956974665858,0.9254199455747407,151025.98335466627,221956.86511208978,0.8646920700395081,0.3344574115014266,0.009255792719413876,0.008487064496875973,0.4627896359706938,0.8439180383627364,1.0,inf,0.6804294306391337
chemical_cluster,25,weighted_mean,50,0.6958998608519993,0.6578699205973717,0.6113654260817205,0.9271931804822997,154493.8355667327,221956.86511208978,0.9056050328369869,0.37379913898739936,0.0032499327005643865,0.003045205001399154,0.16249663502821932,0.8332407382544328,1.0,inf,0.6960534223111875
chemical_cluster,50,dual_head,50,0.6139376700341973,0.6109781201880855,0.562255323001597,0.7122775456382859,136248.99841980616,221956.86511208978,0.817486724001381,0.43132349009087706,1.0843618698195496,1.0366936460050056,54.21809349097748,0.8342626406380065,0.9222559813109207,4.720825118509929,0.6138534996473276
chemical_cluster,50,head_lora,50,0.6239684889461448,0.620496496848054,0.5769837083843589,0.7344147232709891,138469.93230132852,221956.86511208978,0.8498308667944062,0.5037349589095418,0.43080525932171443,0.42560418950051826,21.54026296608572,0.833697761427817,0.9242898507916901,4.91586540590922,0.623859650528945
chemical_cluster,50,head_pretrained,50,0.6141268427038286,0.6112033758226831,0.5595906391247183,0.7091678565947697,136291.18197429407,221956.86511208978,0.8197434099202328,0.4364956267931418,0.5461126781804342,0.5158018035035639,27.305633909021708,0.8342616560600772,0.9203433491760873,4.715364097849528,0.6140435525860669
chemical_cluster,50,head_random,50,0.6072733661676888,0.602587226050908,0.5612189549895358,0.7060781135934765,134782.53311598694,221956.86511208978,0.7993246129334033,0.37727079118522616,0.5290446815196629,0.5258822634987155,26.452234075983142,0.8487387109189691,0.9287434995479892,4.7457162896474205,0.6072465163351483
chemical_cluster,50,morgan_knn,50,0.6739103645537406,0.6571010238385238,0.5986453204882726,1.0001743285044604,149596.19004424248,221956.86511208978,0.8841514027035948,0.4107365905183464,0.02558243263993063,0.02253906700934749,1.2791216319965315,0.8162385542815714,0.9202521862105385,4.966054793398715,0.6739876685890989
chemical_cluster,50,morgan_lightgbm,50,0.7479151514867732,0.7302690470982236,0.6309693645407481,0.9973520526312399,166039.41730785294,221956.86511208978,0.8806129839602025,0.1590179779557508,0.05328208081926277,0.052791840997088,2.6641040409631387,0.822010955667141,0.9257535601442853,4.594943080389083,0.7480706542868222
chemical_cluster,50,morgan_ridge,50,0.6772165333377744,0.6627257129145534,0.6115753635125102,0.8796970022899138,150334.37577863148,221956.86511208978,0.884268379873931,0.36656210058067423,0.027841212879648084,0.02716528799646767,1.3920606439824041,0.8270048691853961,0.9248305630890685,4.920135679404912,0.6773134757634622
chemical_cluster,50,native_continuous,50,0.6281891945792168,0.6249984976211377,0.5920253423677274,0.6592760710666775,139400.2716412424,221956.86511208978,0.9149922251561944,0.713037645175738,0.004346035978960572,0.0030311899954540422,0.2173017989480286,0.8285873991926461,0.9278792191401949,5.404040339660645,0.628051182696441
chemical_cluster,50,repr_mlp,50,1.7567459492554551,1.2920112152338912,0.7318103752190046,8.588365391071383,390272.3151138449,221956.86511208978,2.1274933392701527,-0.15713012330128673,0.2230849211206805,0.22450337649934227,11.154246056034026,0.842320157890497,0.9153415142808554,17.834687166343134,1.7583250462505613
chemical_cluster,50,repr_ridge,50,0.7096559734506355,0.6420032755965802,0.5847794841284223,1.830892555025245,157696.4245016852,221956.86511208978,0.9467491962951626,0.22805096540273348,0.018211666620409232,0.017930788999365177,0.9105833310204616,0.8409678401045443,0.9288627229845242,5.234670954990484,0.7104823021448217
chemical_cluster,50,scalar_ridge,50,0.6457972165151528,0.6393392694195545,0.5650907218327347,0.7476180600141884,143337.89449498945,221956.86511208978,0.8367790006823889,0.3365182708078288,0.009223823959328002,0.008639026498713065,0.46119119796640007,0.8366326987281043,0.9202224251049471,4.741991371673595,0.645791669577793
chemical_cluster,50,weighted_mean,50,0.6756035393028873,0.659575144002879,0.6116962939416931,0.8792342694806187,149969.5501817965,221956.86511208978,0.894748943465119,0.40179087243366624,0.003289322779819486,0.003208891997928731,0.1644661389909743,0.8351376618959391,0.9228271707705664,4.99420547145372,0.6756697978504104
chemical_cluster,100,dual_head,50,0.5960550678986958,0.5936496635571423,0.5404509985070556,0.7598261604819858,132265.22261713492,221956.86511208978,0.788860547583255,0.3985465412771827,1.531028379960044,1.4937716304921196,76.55141899800219,0.8163205875245026,0.913429463942071,4.299768544006348,0.5959050761973055
chemical_cluster,100,head_lora,50,0.6077639899737153,0.6037794875539342,0.5682762138384931,0.658178358081814,134883.5953242232,221956.86511208978,0.8181782545388487,0.44652496321486834,0.6194938584594638,0.6618130974966334,30.97469292297319,0.8133657796514594,0.9100175433885592,4.393486216862996,0.6077018399773578
chemical_cluster,100,head_pretrained,50,0.5937844814588362,0.5947916756365528,0.5440743957095131,0.7584727273357934,131766.17267104652,221956.86511208978,0.7899903265085669,0.4062177847415189,0.7836935118397378,0.807552548500098,39.18467559198689,0.816113154856207,0.9128902285115866,4.314742499796549,0.5936566665982765
chemical_cluster,100,head_random,50,0.5978108838674561,0.5868961471313516,0.5446934972636667,0.7466710784920227,132660.2905199041,221956.86511208978,0.7880938695997783,0.3657938118172936,0.720471647959348,0.7193894455012924,36.0235823979674,0.8173409682876399,0.9103503307286772,4.249650374603272,0.5976850071878143
chemical_cluster,100,morgan_knn,50,0.6445795653262735,0.6372085483534017,0.5863942540144298,0.7641124404562871,143049.18973370205,221956.86511208978,0.8482844007930038,0.40706437303865345,0.030399386801145737,0.026907712999673095,1.519969340057287,0.818829157827842,0.9171907753998729,4.5929463447562675,0.6444909449476194
chemical_cluster,100,morgan_lightgbm,50,0.6709856014347093,0.6637165014609245,0.5995994627170785,0.857721753464786,148943.1812625509,221956.86511208978,0.8405141671639388,0.27652000666316406,0.08252175440131396,0.07926481400136254,4.126087720065698,0.8154818613893289,0.9129439775158203,4.357125182932182,0.671045615945844
chemical_cluster,100,morgan_ridge,50,0.6570938053571937,0.6565014642349182,0.6010732561118882,0.7776630912603382,145855.61094714486,221956.86511208978,0.8607007921097848,0.3605675101892578,0.05241503099932743,0.050763371500579524,2.6207515499663714,0.8179648326665055,0.9110884061473467,4.616910517223852,0.6571349386894915
chemical_cluster,100,native_continuous,50,0.6281891945792168,0.6249984976211377,0.5920253423677274,0.6592760710666775,139400.2716412424,221956.86511208978,0.9149922251561944,0.713037645175738,0.00384460070017667,0.002980088996991981,0.1922300350088335,0.8128829336842012,0.9122588902911666,5.037701569366455,0.628051182696441
chemical_cluster,100,repr_mlp,50,1.0325916737447725,0.9126865493936854,0.6979043170409519,1.9914821038795787,229390.3718583502,221956.86511208978,1.3970288679865257,0.1462976619474718,0.2936876557205687,0.294599193999602,14.684382786028436,0.8349887668608971,0.9144714606661117,6.949982824945449,1.0334907719232134
chemical_cluster,100,repr_ridge,50,0.6302636468001835,0.6206026489649051,0.5771029041756367,0.8132060394010845,139925.24446832752,221956.86511208978,0.8413276528069747,0.30649850171610493,0.030111119040229825,0.027903776997845853,1.5055559520114912,0.821797928806065,0.9115099845152744,4.460149532846026,0.6304163847226094
chemical_cluster,100,scalar_ridge,50,0.6240923611161814,0.620999304557452,0.5749656235708893,0.7384810959870911,138509.95291160655,221956.86511208978,0.8118704991344394,0.33633502148352484,0.009303338099853136,0.008806999499938684,0.4651669049926568,0.8152759055879273,0.9061588034692946,4.330745622637335,0.624039958582304
chemical_cluster,100,weighted_mean,50,0.6652699563372131,0.6589572995874513,0.6131293345371154,0.7714132183884449,147665.03439854016,221956.86511208978,0.8900981984202475,0.41834918316215874,0.0033437857589160556,0.003163206496537896,0.1671892879458028,0.8181462635267581,0.9053444232611011,4.78309441608067,0.6652870787482436
chemical_cluster,250,dual_head,50,0.5641574865226728,0.5666877681427495,0.5186786437676445,0.6104018283572582,125197.80368492672,221956.86511208978,0.7532341989901138,0.3994081458788702,3.9810226933388915,4.032969643498291,199.05113466694456,0.8087050115016603,0.9043388559204462,3.832610056177775,0.5640636689552312
chemical_cluster,250,head_lora,50,0.5808781948755682,0.5850510338675711,0.553439993902303,0.6034992645163498,128913.03752095073,221956.86511208978,0.7897626070453875,0.44253055719489204,1.5093975782400957,1.5205914760008454,75.46987891200479,0.806636323765026,0.9069106182254326,4.115793952814738,0.5808022088248936
chemical_cluster,250,head_pretrained,50,0.5641723372497011,0.5666299749216921,0.5184894262725652,0.6105273806548819,125201.0131154614,221956.86511208978,0.7538657809043872,0.3989679860193817,2.0260600479805726,2.0566508429983514,101.30300239902863,0.8098404983754465,0.9045777055753963,3.8490746509552003,0.5640781286590708
chemical_cluster,250,head_random,50,0.5612058111072592,0.564993089800637,0.5062297612365336,0.5931269206848313,124544.97411011433,221956.86511208978,0.7467088539268397,0.3775233629800024,1.9134256640401146,1.9454426805004914,95.67128320200572,0.8090617419868782,0.9032909069752871,3.795345264561971,0.5611224237070488
chemical_cluster,250,morgan_knn,50,0.6152650794342288,0.6135523610754083,0.5718211404113731,0.6516820311259411,136541.24600907217,221956.86511208978,0.7990712128736257,0.3681752209819053,0.06447381809965008,0.05751770050119376,3.2236909049825044,0.8080726439497685,0.9080811023692525,4.122631426605635,0.6151701860634853
chemical_cluster,250,morgan_lightgbm,50,0.6074230829813819,0.5996709058313079,0.573101735702444,0.6660479728097075,134800.6435514068,221956.86511208978,0.8195491610395009,0.41343704569585193,0.14845026579940168,0.1474140499922214,7.422513289970084,0.8129197658494669,0.9070902141904531,4.34950417619095,0.6073281107269718
chemical_cluster,250,morgan_ridge,50,0.6108298848296282,0.6056354358663163,0.5721483585723579,0.6722724559124627,135568.10088683962,221956.86511208978,0.793174550976496,0.31860657755292976,0.15034029564085358,0.1501647880049859,7.517014782042679,0.8098989465016156,0.9099023925243683,4.131966400044379,0.6107857975844846
chemical_cluster,250,native_continuous,50,0.6281891945792168,0.6249984976211377,0.5920253423677274,0.6592760710666775,139400.2716412424,221956.86511208978,0.9149922251561944,0.713037645175738,0.0032081608603039056,0.003053821001230972,0.1604080430151953,0.8068157407158776,0.9094535144956722,4.850505941772461,0.628051182696441
chemical_cluster,250,repr_mlp,50,0.9547781277968957,0.7505524282155257,0.6388750194939893,8.38536132273212,212359.1015255373,221956.86511208978,1.5185451431243888,0.46241644060822845,0.5851341677996971,0.5785527615007595,29.25670838998485,0.8003626379527939,0.8981437125748504,3.8342627331703905,0.9567584287978407
chemical_cluster,250,repr_ridge,50,0.6518939663714999,0.5989156040200199,0.5570596165392689,1.8785042719614249,144799.79031086518,221956.86511208978,0.9355944325150171,0.1736787983124635,0.06607701445987914,0.06365479699525167,3.303850722993957,0.8062822784923427,0.9005416968753077,3.8012972792278577,0.6523780656108126
chemical_cluster,250,scalar_ridge,50,0.5939021984686833,0.5937083812064672,0.5586521329957854,0.653415866133026,131800.86892234682,221956.86511208978,0.7729997984801042,0.32341208613778777,0.009530079460382694,0.009299200004534214,0.4765039730191347,0.810704465508445,0.9041306624419323,3.9008611817993706,0.5938129863916868
chemical_cluster,250,weighted_mean,50,0.6568512250159455,0.658436244739393,0.6175534152122966,0.7341765844116606,145786.21765605733,221956.86511208978,0.8868723672885821,0.4335747803796802,0.0034683549608598694,0.0032837649996508844,0.17341774804299348,0.8049344360606142,0.9106811041593942,4.840877551608933,0.656822295550238
chemical_cluster,500,dual_head,50,0.5404168851245299,0.5446379398290153,0.5069566247804993,0.574758762726345,119922.95937125255,221956.86511208978,0.7113517884152659,0.368189854827948,7.401598521200649,7.348650692500087,370.07992606003245,0.7985943807452359,0.9044584373853191,3.532739732996623,0.540298491378902
chemical_cluster,500,head_lora,50,0.5632590506120845,0.5676412010820483,0.5355205394870158,0.5831769020046501,124993.31053960399,221956.86511208978,0.7580501098391076,0.41272086574261535,2.651633288900266,2.649911106003856,132.5816644450133,0.797097016728874,0.9014368572272495,3.7986272882461547,0.5631423496474484
chemical_cluster,500,head_pretrained,50,0.5401831500196523,0.5435013771155596,0.5017689313089552,0.5702602433312278,119875.79774769639,221956.86511208978,0.7097737660535693,0.36014574428035756,3.7332630386392704,3.7472831864997715,186.6631519319635,0.7966800032222551,0.9037117245329968,3.511961650848389,0.5400860103478136
chemical_cluster,500,head_random,50,0.5390212209628682,0.5381496095421002,0.5045196393718799,0.5961562420327767,119612.32450733027,221956.86511208978,0.7039676826141996,0.3393796986747422,3.468656949740689,3.5260712139970565,173.43284748703445,0.7986247236468766,0.9050272101536837,3.478161136118571,0.5388989633049881
chemical_cluster,500,morgan_knn,50,0.6020457226993818,0.599554008275379,0.565296552837891,0.6500557570904003,133607.37462563568,221956.86511208978,0.7685213211518251,0.3292842973371252,0.13357919976006088,0.13620354399972712,6.678959988003044,0.7896843532665611,0.8934543021580158,3.675238776852886,0.6019519808867503
chemical_cluster,500,morgan_lightgbm,50,0.5885269338187417,0.5875995630731963,0.5518089056036795,0.6334956690838208,130601.41890299898,221956.86511208978,0.8126332894429433,0.45571781165784997,0.2569752287202573,0.25619150950660696,12.848761436012865,0.7932475407928536,0.9085849825013649,4.353158982038418,0.5884090083766697
chemical_cluster,500,morgan_ridge,50,0.5776803936020505,0.5761176234937677,0.5493369787347431,0.624916380329031,128213.2680097355,221956.86511208978,0.7488493455957567,0.3040584141793832,0.31795751448124066,0.315216089000387,15.897875724062033,0.7968320757587963,0.9018547658047135,3.7437323418356154,0.5776494813304689
chemical_cluster,500,native_continuous,50,0.6281891945792168,0.6249984976211377,0.5920253423677274,0.6592760710666775,139400.2716412424,221956.86511208978,0.9149922251561944,0.713037645175738,0.0031081470798380905,0.003074295997066656,0.15540735399190453,0.7972742407561558,0.9059524448860127,4.773245110321045,0.628051182696441
chemical_cluster,500,repr_mlp,50,0.673503177798509,0.6503400914541726,0.5813408748843518,1.1442818360038973,149466.2680052065,221956.86511208978,0.8483193382974835,0.09194543406542582,0.9284954085601931,0.9148666670007515,46.42477042800965,0.8061062180571592,0.9011126178136999,3.4226457083940507,0.6734023204451234
chemical_cluster,500,repr_ridge,50,0.5887544094108972,0.5824935306656533,0.5485279979426575,0.7408146111350111,130684.68196677137,221956.86511208978,0.7687053786386958,0.29685528609822515,0.14099488381914851,0.14056328799779294,7.049744190957426,0.7936296017829811,0.9003897585993932,3.5843027249456823,0.5887841401110737
chemical_cluster,500,scalar_ridge,50,0.5871768090446996,0.5891282601255172,0.5552241883663611,0.6141937892931543,130301.21044676822,221956.86511208978,0.7639782669101127,0.32811364278857374,0.010226123460161034,0.010010409998358227,0.5113061730080517,0.7978168774558506,0.9013487375025733,3.733066842883517,0.5870564552304575
chemical_cluster,500,weighted_mean,50,0.6568006680048737,0.6578246160658441,0.6251791210448334,0.6998650980837526,145770.2681106935,221956.86511208978,0.8858250129237064,0.430652009519506,0.0033547180196183035,0.0033020679984474555,0.16773590098091518,0.7950682939054626,0.9070002595705451,4.764632009888584,0.6567504367890512
random,-1,dual_head,50,0.505061077774692,0.5068849323504093,0.48237335589210284,0.5335586893604333,112077.52793436828,221956.86511208978,0.6487536421440165,0.3079854604575837,36.43630611575929,35.97326700799749,1821.8153057879645,0.7985905766941453,0.9009854282466457,3.0167856426874793,0.5049518422319055
random,-1,head_lora,50,0.5086110354813749,0.5139786573459115,0.485832378478262,0.5316396741711025,112856.3679197971,221956.86511208978,0.6604475386425355,0.3261486136156687,12.887745073979968,12.76818516199637,644.3872536989984,0.800562775793704,0.9002671786471899,3.12658972307841,0.5084608122519835
random,-1,head_pretrained,50,0.5052537871711902,0.5056921226973325,0.4817350621426669,0.5358076510332976,112117.34662702482,221956.86511208978,0.6463337549512767,0.29667183774587963,18.304149223261337,18.179299649000313,915.2074611630669,0.7997264663498116,0.9016136784726512,3.012055776087443,0.50513124056967
random,-1,head_random,50,0.5042832641605922,0.505160569085999,0.48130593630936425,0.5336656110665478,111903.18471028081,221956.86511208978,0.6471589190648777,0.3058767640854097,17.259972158220844,17.125226033494982,862.9986079110422,0.7986794572290397,0.9014631723100883,3.0116712593078616,0.5041663597734132
random,-1,morgan_knn,50,0.5620166235787546,0.5653553948090891,0.5359509277799958,0.5828965582409251,124730.10674879454,221956.86511208978,0.686333036224751,0.22143007751071658,1.1937284569410258,1.1960745905034855,59.68642284705129,0.8030178208605211,0.906430099442371,3.25337606088481,0.5619565165772411
random,-1,morgan_lightgbm,50,0.5392310667265567,0.5421134263930643,0.5159682565454434,0.5561200089000362,119669.56108946197,221956.86511208978,0.7450180471753224,0.4395378617271692,0.86896926844056,0.8581601759997284,43.448463422028,0.8023294666272835,0.9023004215783679,3.791333105390637,0.5391568358519931
random,-1,morgan_ridge,50,0.5079559825887138,0.5066264342056428,0.48589192382045177,0.5298096895025686,112725.25523196837,221956.86511208978,0.6431048774987486,0.2563113598694381,5.158383394041084,5.11867791700206,257.9191697020542,0.8021497811551783,0.9001453595052048,2.9585860601417777,0.5078700997828625
random,-1,native_continuous,50,0.6281179747720238,0.6268309037012993,0.6149302166120247,0.6406698429719125,139400.2716412424,221956.86511208978,0.9149953661992477,0.7130435856931061,0.0042175547586521134,0.0041402060032851296,0.21087773793260567,0.8005307770110004,0.8999098216123806,4.651218592834472,0.628051182696441
random,-1,repr_mlp,50,0.5449245625129777,0.5160905017311576,0.49027462962285734,0.8551842054472636,120942.41299315223,221956.86511208978,0.6889379073877119,0.1843895309659498,4.640960517260392,4.797094569501496,232.04802586301957,0.8011635920983146,0.9010151445986949,2.8776531456629435,0.5448915172417643
random,-1,repr_ridge,50,0.5197002426664414,0.506703058229262,0.4864771015768655,0.6533768419892257,115329.8842326525,221956.86511208978,0.6484005842537748,0.2145733782426942,1.146111544560117,1.1293472705001477,57.30557722800586,0.7980532656659775,0.8989505741879469,2.8492331886747144,0.5196049429442523
random,-1,scalar_ridge,50,0.5814380236567149,0.5841863896344346,0.5603753382915627,0.5941501884216931,129036.92646482411,221956.86511208978,0.755528119658385,0.3314033979207573,0.018928944479557685,0.018576547994598513,0.9464472239778843,0.8022374533444322,0.900803236576175,3.639574214158437,0.5813603755831547
random,-1,weighted_mean,50,0.6558977318376296,0.6618081893787264,0.6349523427257627,0.6744754248963006,145555.00880632305,221956.86511208978,0.8844983770235337,0.42871851540633843,0.004156104159992537,0.004052405995025765,0.20780520799962687,0.802478630183579,0.9003564619639645,4.558168467685002,0.6557806118446337
random,25,dual_head,50,0.6198557021384065,0.6161233693369417,0.579051942342281,0.702169759379089,137561.4099635407,221956.86511208978,0.8575382748346005,0.5432267048555541,0.9007284844409879,0.8650568124994606,45.03642422204939,0.8265575575306785,1.0,inf,0.6197664122444296
random,25,head_lora,50,0.621213185239857,0.6189530657353934,0.5643178535571779,0.6834995001960528,137864.05655065263,221956.86511208978,0.8681085443461442,0.5730556556033808,0.36852890112029857,0.36110358150472166,18.426445056014927,0.8270333324382625,1.0,inf,0.6211299500965213
random,25,head_pretrained,50,0.616810760520871,0.614101142383664,0.5782626970455792,0.6913992430737125,136887.21925902693,221956.86511208978,0.8543770218200304,0.5427827097906848,0.45920631045992194,0.43771345549612306,22.960315522996098,0.8259271591346454,1.0,inf,0.6167289269917284
random,25,head_random,50,0.6201787007878812,0.6115412992514181,0.5601221966974587,0.7671930502588555,137624.3428374125,221956.86511208978,0.8263369980768832,0.4118962656782601,0.449821554940645,0.4328954105003504,22.49107774703225,0.8334110702362092,1.0,inf,0.6200499487497773
random,25,morgan_knn,50,0.6894766532672318,0.6729696982553426,0.6119607665387231,1.1157177710428172,153043.04591679218,221956.86511208978,0.9107753020205012,0.4370782875599627,0.019558876860319287,0.015552166998531902,0.9779438430159644,0.8254916176615379,1.0,inf,0.6895170637750013
random,25,morgan_lightgbm,50,0.7749397394259657,0.7474147068954193,0.6286347830546803,1.0931221069026527,171996.52831793786,221956.86511208978,0.9143211247304476,0.1612750650099356,0.05118394739998621,0.04007570049907372,2.5591973699993105,0.8413912981212464,1.0,inf,0.7749097025274636
random,25,morgan_ridge,50,0.675556081444934,0.667665792501291,0.6097706598385657,0.8578920625891406,149923.43021891805,221956.86511208978,0.895806356021096,0.40754917510331606,0.019071733139935532,0.018364813000516733,0.9535866569967766,0.8315549618252285,1.0,inf,0.6754620098964078
random,25,native_continuous,50,0.6281179747720238,0.6268309037012993,0.6149302166120247,0.6406698429719125,139400.2716412424,221956.86511208978,0.9149953661992477,0.7130435856931061,0.003060182519548107,0.003029144998436095,0.15300912597740535,0.8324176311055019,1.0,inf,0.628051182696441
random,25,repr_mlp,50,2.6564688990224696,1.8103723692534488,0.9842946605786823,16.56795391288882,589566.8548583608,221956.86511208978,3.0864934338386734,-0.1530418915002128,0.22686474006026403,0.20571958550135605,11.3432370030132,0.8250153057114471,1.0,inf,2.6562226609238935
random,25,repr_ridge,50,0.7489314403276985,0.6448197964850159,0.5860388014303747,3.192183539031092,166068.26944390434,221956.86511208978,1.0201462485190298,0.2743318524279445,0.014437000779798837,0.014174812000419479,0.7218500389899418,0.8374712010955667,1.0,inf,0.7482006441208237
random,25,scalar_ridge,50,0.6621818230182736,0.6555143709288456,0.590012651483576,0.8267385375629908,146959.78538507494,221956.86511208978,0.8743935167821433,0.4057714883171524,0.008498019978796947,0.008338930001627887,0.42490099893984734,0.8232416333252778,1.0,inf,0.6621096640144886
random,25,weighted_mean,50,0.6686335806967427,0.6643572256128161,0.6125403991947681,0.7837694532212335,148395.63996539352,221956.86511208978,0.9004930032890934,0.4431113547560706,0.004032093500500196,0.003127750002022367,0.20160467502500978,0.8322423762340789,1.0,inf,0.6685787343881104
random,50,dual_head,50,0.6063335771987698,0.6085133406019176,0.5669308235683168,0.6463101469960726,134553.65624636292,221956.86511208978,0.833264601891932,0.505289137799858,1.050949288940028,1.0155020829988644,52.5474644470014,0.8158688005155608,0.9087514209249662,4.6942434392293295,0.6062153390858732
random,50,head_lora,50,0.6116983888356381,0.613460329409266,0.5783370085739767,0.6406468451269444,135749.00108626086,221956.86511208978,0.8520642933833067,0.5455374190274189,0.435196978759559,0.42317379400265054,21.75984893797795,0.8149731031211122,0.9064205221843309,4.771603131612142,0.6116008217078875
random,50,head_pretrained,50,0.606952126853285,0.6074734407941058,0.5597123715027751,0.6802149868164354,134687.56270930174,221956.86511208978,0.8354756374324533,0.5109580929804266,0.531153148360172,0.509355908503494,26.557657418008603,0.8162585143614117,0.9077642025366308,4.689963981882731,0.6068186385732361
random,50,head_random,50,0.6068055998951705,0.6077075733711197,0.5572615124115052,0.7113662796969882,134649.32609843055,221956.86511208978,0.8181810694983743,0.428476883235025,0.5492270344388817,0.5543751789955422,27.461351721944084,0.8267554576944766,0.9132377845206447,4.665440226236979,0.6066463681149564
random,50,morgan_knn,50,0.6615225684892064,0.6545397057840469,0.6015340038024191,0.7989084447273739,146825.5041860472,221956.86511208978,0.8781453282502768,0.433729597040602,0.02268285557955096,0.021156488000997342,1.134142778977548,0.8161827018608523,0.9050835101098252,4.676683160435529,0.6615046761986807
random,50,morgan_lightgbm,50,0.73020213008974,0.7228094136511456,0.6281797563117022,0.8935533254466171,162065.40164116403,221956.86511208978,0.8749380128584933,0.18973915304700004,0.05800416694110026,0.05224682499829214,2.9002083470550133,0.8107125211460487,0.8995267312907816,4.28489193130334,0.7301662039573313
random,50,morgan_ridge,50,0.6593275021129926,0.6636214940395053,0.5968825227913207,0.7261577879460168,146326.200286408,221956.86511208978,0.8872098219477788,0.4291995282825033,0.027496085500097252,0.02715602050011512,1.3748042750048626,0.8250882539853029,0.904274903108581,4.714134870942304,0.659255122442427
random,50,native_continuous,50,0.6281179747720238,0.6268309037012993,0.6149302166120247,0.6406698429719125,139400.2716412424,221956.86511208978,0.9149953661992477,0.7130435856931061,0.0032886709794547643,0.0032343564998882357,0.1644335489727382,0.8135950072948274,0.9009462688971833,5.058175212860108,0.628051182696441
random,50,repr_mlp,50,1.46813222761997,1.2367376442011462,0.7505119344805853,3.57105893484214,325718.3394383556,221956.86511208978,1.7496107839346622,-0.3165535467531243,0.2341690434206248,0.22485370799768134,11.70845217103124,0.8308239127126912,0.9104632886692982,19.34804930908283,1.4674848614115428
random,50,repr_ridge,50,0.7449971415997844,0.6318312302688687,0.5855458403638337,5.387853804797429,165248.6390650866,221956.86511208978,1.0674297085651643,0.12047661957908325,0.01830751448047522,0.01799361250596121,0.915375724023761,0.8345346079142163,0.9113904030504014,28.317516123498248,0.7445078978820271
random,50,scalar_ridge,50,0.6456875287955414,0.6380243656253596,0.5782047310351927,0.7364406224007568,143302.92435866452,221956.86511208978,0.8502372132545303,0.3904361730297984,0.008908934519859031,0.008728931505174842,0.44544672599295154,0.8330978401940514,0.9095052048369628,4.647588909189547,0.6456341158282963
random,50,weighted_mean,50,0.6597064730588703,0.663132735021696,0.6115354971206612,0.7261335109964216,146409.2058490458,221956.86511208978,0.8931075395061786,0.445312968993596,0.003589939919766039,0.003080121001403313,0.17949699598830193,0.8252377308163941,0.9044239324042498,4.758373292887001,0.6596290940363936
random,100,dual_head,50,0.5930263955747183,0.5930150991475407,0.5471562329940243,0.649923885518598,131604.4304487239,221956.86511208978,0.7972634874215868,0.43762906776517496,1.5242360015192389,1.5412870125001064,76.21180007596195,0.8095556868326128,0.9116916838967805,4.356002572059632,0.5929279564399269
random,100,head_lora,50,0.6033871182501909,0.6039571885455062,0.5646793138537188,0.6406074106004699,133909.03429285236,221956.86511208978,0.8255189227733445,0.48369915669560065,0.6263657817602507,0.6792848954937654,31.318289088012534,0.81042641175049,0.9074451545339813,4.428018948491414,0.6033110722897773
random,100,head_pretrained,50,0.5914534859807294,0.5913235256573677,0.5478604262702597,0.6362744224489012,131255.48854033928,221956.86511208978,0.7975775575573443,0.4405967627995857,0.7739115649399173,0.7884368534996611,38.695578246995865,0.8097358645936826,0.9112727012343026,4.36224654045105,0.5913558405776471
random,100,head_random,50,0.6054279053569366,0.5958191784676345,0.5503038397750211,0.8559407634500451,134365.79534826125,221956.86511208978,0.7967330230714983,0.3682748782824843,0.7233485772188578,0.7316990605031606,36.16742886094289,0.8110887641756845,0.9097172023665674,4.286062605667114,0.6053689543705061
random,100,morgan_knn,50,0.641300645182303,0.6429496715550153,0.5921601811578816,0.700679064113857,142329.91499931965,221956.86511208978,0.8405082974589422,0.393174961680014,0.0337668596200092,0.029959593994135503,1.68834298100046,0.8173121022528933,0.9111881170394637,4.478047349613375,0.6412503390126817
random,100,morgan_lightgbm,50,0.6579265391727911,0.6483403736169371,0.6108350970593313,0.720456954020533,146020.87097918696,221956.86511208978,0.8397870330044896,0.3177360663515059,0.08092196869962208,0.07845316299972183,4.046098434981104,0.821369145117836,0.9170400454695989,4.4332376003956675,0.6578794979170632
random,100,morgan_ridge,50,0.6564418598688687,0.6555241138479333,0.6007348962506941,0.8772100913135953,145685.19467328268,221956.86511208978,0.8623439345094094,0.36811498030251877,0.05281516549985099,0.05022012349763827,2.6407582749925496,0.8196964814765089,0.9088484018510066,4.607499889580754,0.6563671486336349
random,100,native_continuous,50,0.6281179747720238,0.6268309037012993,0.6149302166120247,0.6406698429719125,139400.2716412424,221956.86511208978,0.9149953661992477,0.7130435856931061,0.0031480108408868546,0.00310921500204131,0.15740054204434273,0.8141647646411214,0.909715098950082,4.997932593536377,0.628051182696441
random,100,repr_mlp,50,0.9533469405515631,0.9145736940967264,0.6685422040648586,1.90733078778522,211595.9928070079,221956.86511208978,1.194585985174961,-0.08822331269395367,0.2888855004398647,0.2932419415010372,14.444275021993235,0.8220454606482103,0.9260805295239117,7.042830921634038,0.9533203341115419
random,100,repr_ridge,50,0.6281987184509269,0.6248459686587562,0.5684150048434741,0.8178285724825848,139432.73903798507,221956.86511208978,0.8359823736892098,0.3317485632765223,0.029222214160399745,0.02764437149744481,1.4611107080199872,0.8048685588464327,0.9118428166089346,4.6855535615561115,0.6281974606533146
random,100,scalar_ridge,50,0.6222989390195302,0.6215620331058618,0.5604319833871046,0.7002642763178811,138117.8166944132,221956.86511208978,0.8180659009632453,0.3558305698672561,0.00878762990141695,0.00865026549945469,0.43938149507084745,0.814069976638651,0.9103129167673621,4.428184330640193,0.6222732359490784
random,100,weighted_mean,50,0.6590164929768865,0.662410370538435,0.6162812786684307,0.7199417426028392,146255.12807809748,221956.86511208978,0.8879097870839591,0.43029168243294696,0.0032679850202839587,0.0030965059959271457,0.16339925101419794,0.8174865068070137,0.9104931840355164,4.859313267677278,0.6589349151432536
random,250,dual_head,50,0.5681887635218476,0.5692346795254852,0.5320211358575672,0.5965213924687507,126092.40950949964,221956.86511208978,0.7603802439864492,0.40795701858844746,3.9138110378395505,4.0527791365038865,195.69055189197752,0.8178774289985052,0.9079514066038327,3.9798946562449133,0.5680942080607513
random,250,head_lora,50,0.5831167821652451,0.5895863804204589,0.5470781065473314,0.601852153594047,129406.32304824515,221956.86511208978,0.7932543967394912,0.44325203109664074,1.4914598404601564,1.5021652704999724,74.57299202300783,0.8234974445727379,0.9103444232611011,4.196454763921102,0.5830246475273204
random,250,head_pretrained,50,0.5673390115135771,0.5693708687255731,0.530169085689881,0.5968426065773879,125904.75930247408,221956.86511208978,0.7601661646703228,0.4095306375120556,2.0160027084203467,2.06878921849966,100.80013542101733,0.8191923775766853,0.9081906590406631,3.980569850667318,0.5672487725887247
random,250,head_random,50,0.5706997975220556,0.5668193121777259,0.5266389140100409,0.7209423502627511,126661.56252520421,221956.86511208978,0.7559018286618682,0.37770522320533295,1.8678581374005443,1.9314456980027899,93.39290687002722,0.8146449253958451,0.9064545796299777,3.8860970533370973,0.5706584586209542
random,250,morgan_knn,50,0.6186142208445173,0.6152361403140263,0.5875655475663096,0.6622719383975988,137301.95297404114,221956.86511208978,0.7923982713383007,0.3450107176274112,0.0657517065002321,0.05740031650202582,3.287585325011605,0.825416297449943,0.9147731442943708,4.164454920322253,0.6185974599375544
random,250,morgan_lightgbm,50,0.6123305222884652,0.6151122321925746,0.5776139341110202,0.6502778310891427,135894.00933571384,221956.86511208978,0.8219889386231316,0.4046914351049371,0.150121101840341,0.14698458749626298,7.50605509201705,0.818683216526588,0.9074448860127279,4.333234442288357,0.6122541389611283
random,250,morgan_ridge,50,0.6163713402279347,0.6099519896185935,0.5753551511655053,0.7306585919006806,136796.2113868592,221956.86511208978,0.7939651473086875,0.3040079154365822,0.15253093934043135,0.14993290650090785,7.626546967021568,0.8204469983799217,0.91004569336663,4.138212890122926,0.6163189019532068
random,250,native_continuous,50,0.6281179747720238,0.6268309037012993,0.6149302166120247,0.6406698429719125,139400.2716412424,221956.86511208978,0.9149953661992477,0.7130435856931061,0.003349748239343171,0.0032179399986489443,0.16748741196715855,0.8204766252248865,0.9089686098654708,4.870678548431396,0.628051182696441
random,250,repr_mlp,50,0.7329013462625561,0.7055299985284678,0.6100819792376327,1.6776601765026837,162646.85388265635,221956.86511208978,0.9008966755326714,0.0381281853049329,0.5869073482406384,0.5735272350011655,29.34536741203192,0.8087264932019369,0.9019685293090949,3.800947935128212,0.7327858672022536
random,250,repr_ridge,50,0.6091310005377182,0.599459641885367,0.5538029534634025,0.8011932124787896,135204.85938233766,221956.86511208978,0.8080992599827872,0.2749292372272384,0.06634500917985861,0.06392273999517784,3.3172504589929304,0.8255895831655076,0.9076218415187561,3.9578857011704547,0.6091492566091986
random,250,scalar_ridge,50,0.5980213103418126,0.5978033704913249,0.5597471582645438,0.6379863343729945,132726.74151925454,221956.86511208978,0.7786476937262115,0.33104702975646083,0.009830588900513249,0.00952417650114512,0.4915294450256624,0.8163196477001154,0.9115390743177322,4.034050131765599,0.5979843941849989
random,250,weighted_mean,50,0.6576971911158291,0.6575920466424394,0.625482202702319,0.6869473441970496,145962.57555760973,221956.86511208978,0.8853546614088679,0.4258309776136352,0.003380060300405603,0.003196500998456031,0.16900301502028015,0.8145266417836972,0.9081911513296278,4.772593392099595,0.657616854896097
random,500,dual_head,50,0.539643896369628,0.5446834068595918,0.5020691525816956,0.5721841217744106,119743.15912551597,221956.86511208978,0.704059680517725,0.3478144164611572,7.520075035919799,7.400310214499768,376.00375179598996,0.8062445960097742,0.9068708770799209,3.523792235183716,0.5394884229647271
random,500,head_lora,50,0.5622013216310375,0.5647623132985871,0.5316419012859802,0.5855916459246376,124754.28411887228,221956.86511208978,0.7581311296036888,0.4176131045081901,2.659107718219675,2.6561324349968345,132.95538591098375,0.8004072572344101,0.9042118006140185,3.8529786410013838,0.5620654448145611
random,500,head_pretrained,50,0.5399064161725182,0.5453686318146884,0.5040155045445571,0.573056014555121,119802.82945773787,221956.86511208978,0.7114312670051457,0.37074394544178907,3.7792529023803945,3.7593660920028924,188.96264511901973,0.804777574895053,0.9042691299016318,3.556222227605184,0.5397572604804839
random,500,head_random,50,0.5404294915044657,0.5451847440374243,0.5021208839976209,0.5918347005812103,119920.09710181304,221956.86511208978,0.7086111406372751,0.3569042138278963,3.5172053975191373,3.5273598290041264,175.86026987595687,0.8060338963328948,0.9044799190855956,3.506288577016195,0.5402855957676846
random,500,morgan_knn,50,0.5972691679282692,0.6000473070469083,0.5530877498160985,0.6221349481759266,132562.4421042644,221956.86511208978,0.756845427619849,0.3108375139235975,0.13059162861893128,0.13512333749895333,6.529581430946564,0.800117746569641,0.9042735157487715,3.7606140333101377,0.5972441629021902
random,500,morgan_lightgbm,50,0.5867237681537228,0.5835991495971131,0.5511087641682668,0.6282596110646159,130208.40762678576,221956.86511208978,0.8072049496674697,0.4450811743809782,0.2595821001996228,0.2552832334986306,12.97910500998114,0.8000857925404796,0.9050816752145933,4.254400529261949,0.5866383432701195
random,500,morgan_ridge,50,0.5751391045619852,0.5748814144926082,0.552558120560474,0.60538056339249,127643.86149709065,221956.86511208978,0.7454170609753409,0.30019026033518004,0.3168963526596053,0.3167018359999929,15.844817632980266,0.8010730556823573,0.9056202840954861,3.765948727027727,0.575084088670245
random,500,native_continuous,50,0.6281179747720238,0.6268309037012993,0.6149302166120247,0.6406698429719125,139400.2716412424,221956.86511208978,0.9149953661992477,0.7130435856931061,0.003425888300334918,0.0033078845008276403,0.17129441501674592,0.7969384549287076,0.9004429258075777,4.677731824493408,0.628051182696441
random,500,repr_mlp,50,0.6719024209842395,0.6368219670233881,0.5568220919621143,1.1872230814658238,149095.88437315452,221956.86511208978,0.8694212370554203,0.09298369625658819,0.9259015391610592,0.9257602559973748,46.29507695805296,0.8047777091556797,0.9075898427360525,3.5390337594668067,0.6717336014718898
random,500,repr_ridge,50,0.5904819219668795,0.5824332160685308,0.5355776918155312,0.7924304926812377,131035.19992499592,221956.86511208978,0.7685205866086068,0.26912672083607914,0.14174150836006447,0.13804763949519838,7.087075418003224,0.7976906277131834,0.9034345210923445,3.570854868684969,0.5903633566766328
random,500,scalar_ridge,50,0.5869778258083165,0.5885878700769078,0.5611875053069987,0.6147533816807244,130267.55723642632,221956.86511208978,0.763659110104327,0.3272909556484794,0.010310711460842868,0.010117415002241614,0.5155355730421434,0.8010060596296197,0.9028354054223392,3.7931471226298084,0.586904834732822
random,500,weighted_mean,50,0.6566850994507896,0.6602006271076494,0.6267675344097529,0.6804857894194072,145734.23949796442,221956.86511208978,0.8851567303496124,0.4285175034577348,0.0033891423196473623,0.003270471999712754,0.16945711598236812,0.7993657527993341,0.900203807631374,4.597766443787794,0.6565881142012328
