standardized_cluster_component,n,standardized_fold,pEC50_minimum,pEC50_median,pEC50_maximum
0,1,3,4.36,4.36,4.36
1,1,2,5.41,5.41,5.41
2,1,1,5.01,5.01,5.01
3,1,3,5.07,5.07,5.07
4,1,3,5.03,5.03,5.03
5,1,1,3.62,3.62,3.62
6,1,0,2.34,2.34,2.34
7,1,3,5.915,5.915,5.915
8,1,2,3.73,3.73,3.73
9,2,1,4.73,4.775,4.82
10,1,4,5.48,5.48,5.48
11,1,2,5.21,5.21,5.21
12,3,0,4.84,5.24,5.41
13,2,2,4.86,5.16,5.46
14,1,2,4.86,4.86,4.86
15,1,1,5.74,5.74,5.74
16,1,4,4.44,4.44,4.44
17,1,1,5.3,5.3,5.3
18,4,3,4.84,5.77,6.21
19,1,1,4.75,4.75,4.75
20,1,4,4.43,4.43,4.43
21,1,2,4.57,4.57,4.57
22,1,1,2.27,2.27,2.27
23,1,4,5.54,5.54,5.54
24,1,1,2.49,2.49,2.49
25,1,2,3.36,3.36,3.36
26,1,0,5.28,5.28,5.28
27,1,4,4.72,4.72,4.72
28,1,0,5.46,5.46,5.46
29,1,2,3.52,3.52,3.52
30,1,2,5.3,5.3,5.3
31,1,1,3.76,3.76,3.76
32,1,0,4.89,4.89,4.89
33,1,1,1.83,1.83,1.83
34,1,4,2.28,2.28,2.28
35,1,3,4.12,4.12,4.12
36,1,2,4.64,4.64,4.64
37,3,2,2.52,3.13,3.5
38,1,4,5.19,5.19,5.19
39,1,0,5.2,5.2,5.2
40,1,3,4.69,4.69,4.69
41,1,4,4.93,4.93,4.93
42,1,4,3.41,3.41,3.41
43,155,4,1.78,2.67,6.87
44,1,1,5.12,5.12,5.12
45,1,4,5.09,5.09,5.09
46,1,0,5.54,5.54,5.54
47,1,0,4.42,4.42,4.42
48,1,3,4.77,4.77,4.77
49,1,3,3.0,3.0,3.0
50,1,1,6.470000000000001,6.470000000000001,6.470000000000001
51,1,0,4.66,4.66,4.66
52,1,3,2.01,2.01,2.01
53,1,4,2.79,2.79,2.79
54,1,4,5.035,5.035,5.035
55,6,3,1.89,3.2649999999999997,4.7
56,1,0,3.43,3.43,3.43
57,1,1,3.99,3.99,3.99
58,1,3,6.01,6.01,6.01
59,1,4,5.14,5.14,5.14
60,1,3,4.56,4.56,4.56
61,1,1,4.74,4.74,4.74
62,1,0,4.39,4.39,4.39
63,1,3,4.75,4.75,4.75
64,1,1,4.06,4.06,4.06
65,1,1,4.75,4.75,4.75
66,1,1,4.03,4.03,4.03
67,1,3,1.76,1.76,1.76
68,1,3,5.45,5.45,5.45
69,1,3,5.74,5.74,5.74
70,1,1,5.2,5.2,5.2
71,1,1,5.25,5.25,5.25
72,2,3,4.58,5.075,5.57
73,1,0,5.59,5.59,5.59
74,1,1,2.59,2.59,2.59
75,1,0,5.25,5.25,5.25
76,1,2,2.02,2.02,2.02
77,1,0,3.69,3.69,3.69
78,1,0,5.12,5.12,5.12
79,1,1,2.44,2.44,2.44
80,1,4,3.79,3.79,3.79
81,1,1,4.87,4.87,4.87
82,1,4,4.1,4.1,4.1
83,1,1,2.86,2.86,2.86
84,1,4,1.89,1.89,1.89
85,1,4,3.35,3.35,3.35
86,4,3,1.82,2.925,3.91
87,1,4,4.71,4.71,4.71
88,1,3,4.66,4.66,4.66
89,1,0,4.88,4.88,4.88
90,1,0,4.8,4.8,4.8
91,6,1,1.87,2.52,2.96
92,1,1,4.98,4.98,4.98
93,1,4,4.63,4.63,4.63
94,1,3,4.34,4.34,4.34
95,1,1,5.19,5.19,5.19
96,1,4,5.02,5.02,5.02
97,1,4,5.96,5.96,5.96
98,1,3,4.41,4.41,4.41
99,1,3,4.32,4.32,4.32
100,2,1,4.14,4.3100000000000005,4.48
101,1,4,4.4,4.4,4.4
102,4,2,2.94,4.529999999999999,5.52
103,1,3,4.57,4.57,4.57
104,1,4,4.97,4.97,4.97
105,1,0,5.28,5.28,5.28
106,1,3,5.34,5.34,5.34
107,1,2,4.92,4.92,4.92
108,1,3,5.38,5.38,5.38
109,1,4,4.58,4.58,4.58
110,1,3,5.22,5.22,5.22
111,1,3,5.16,5.16,5.16
112,1,3,4.97,4.97,4.97
113,1,0,4.83,4.83,4.83
114,1,0,3.15,3.15,3.15
115,2,0,4.08,4.49,4.9
116,1,3,5.13,5.13,5.13
117,1,0,5.28,5.28,5.28
118,1,2,3.94,3.94,3.94
119,1,2,5.35,5.35,5.35
120,1,0,5.42,5.42,5.42
121,4,0,2.98,4.475,4.745
122,14,3,1.77,2.31,4.81
123,1,0,5.41,5.41,5.41
124,10,2,1.86,3.165,5.28
125,1,1,2.08,2.08,2.08
126,1,1,4.95,4.95,4.95
127,1,4,4.91,4.91,4.91
128,1,2,5.13,5.13,5.13
129,1,4,5.06,5.06,5.06
130,3,3,4.39,4.51,5.0
131,1,3,5.6,5.6,5.6
132,1,1,5.32,5.32,5.32
133,1,2,4.31,4.31,4.31
134,1,1,1.71,1.71,1.71
135,1,2,2.53,2.53,2.53
136,1,4,6.63,6.63,6.63
137,4,2,4.51,4.640000000000001,5.63
138,1,3,3.9,3.9,3.9
139,1,4,4.31,4.31,4.31
140,1,4,1.73,1.73,1.73
141,1,1,5.13,5.13,5.13
142,1,0,4.15,4.15,4.15
143,1,2,4.44,4.44,4.44
144,1,0,2.7,2.7,2.7
145,1,0,4.63,4.63,4.63
146,1,2,4.5,4.5,4.5
147,1,1,4.58,4.58,4.58
148,1,1,3.38,3.38,3.38
149,1,2,3.35,3.35,3.35
150,1,4,4.61,4.61,4.61
151,1,0,1.66,1.66,1.66
152,1,2,3.96,3.96,3.96
153,1,3,2.79,2.79,2.79
154,1,1,5.44,5.44,5.44
155,1,4,3.08,3.08,3.08
156,1,2,4.47,4.47,4.47
157,1,3,4.23,4.23,4.23
158,1,4,4.22,4.22,4.22
159,1,0,5.51,5.51,5.51
160,1,0,5.13,5.13,5.13
161,1,1,1.72,1.72,1.72
162,1,0,5.05,5.05,5.05
163,1,0,5.03,5.03,5.03
164,1,4,5.31,5.31,5.31
165,1,0,5.22,5.22,5.22
166,1,3,3.29,3.29,3.29
167,1,4,5.48,5.48,5.48
168,2,2,5.005,5.0275,5.05
169,1,4,5.45,5.45,5.45
170,2,0,4.81,4.914999999999999,5.02
171,1,4,3.9,3.9,3.9
172,1,4,3.49,3.49,3.49
173,1,3,4.82,4.82,4.82
174,1,0,5.27,5.27,5.27
175,1,3,5.32,5.32,5.32
176,1,0,4.87,4.87,4.87
177,1,0,4.61,4.61,4.61
178,1,4,5.41,5.41,5.41
179,1,3,3.56,3.56,3.56
180,1,1,4.93,4.93,4.93
181,1,3,4.8,4.8,4.8
182,1,3,3.49,3.49,3.49
183,1,4,5.82,5.82,5.82
184,1,2,5.33,5.33,5.33
185,1,3,3.0,3.0,3.0
186,1,3,1.76,1.76,1.76
187,1,3,5.3,5.3,5.3
188,1,0,5.58,5.58,5.58
189,1,0,3.14,3.14,3.14
190,1,1,5.0,5.0,5.0
191,3,2,3.21,5.16,5.18
192,1,4,4.62,4.62,4.62
193,1,1,3.34,3.34,3.34
194,1,0,1.74,1.74,1.74
195,1,1,4.72,4.72,4.72
196,1,2,4.97,4.97,4.97
197,1,4,5.74,5.74,5.74
198,1,2,3.53,3.53,3.53
199,1,4,5.67,5.67,5.67
200,1,2,1.91,1.91,1.91
201,1,0,5.15,5.15,5.15
202,1,1,5.12,5.12,5.12
203,1,0,2.24,2.24,2.24
204,1,1,5.18,5.18,5.18
205,1,1,5.01,5.01,5.01
206,1,2,1.62,1.62,1.62
207,1,2,5.35,5.35,5.35
208,1,3,4.87,4.87,4.87
209,1,0,5.08,5.08,5.08
210,2,3,4.71,4.955,5.2
211,1,2,4.39,4.39,4.39
212,1,2,4.85,4.85,4.85
213,1,1,5.09,5.09,5.09
214,1,0,3.0,3.0,3.0
215,1,0,4.14,4.14,4.14
216,4,3,1.86,2.98,3.37
217,1,4,4.7,4.7,4.7
218,2,0,2.14,3.7750000000000004,5.41
219,1,1,5.64,5.64,5.64
220,1,0,5.29,5.29,5.29
221,1,0,5.12,5.12,5.12
222,1,2,4.3,4.3,4.3
223,5,2,2.08,2.72,3.11
224,1,0,5.29,5.29,5.29
225,1,2,4.84,4.84,4.84
226,1,4,4.53,4.53,4.53
227,1,2,5.18,5.18,5.18
228,1,0,5.23,5.23,5.23
229,1,4,4.61,4.61,4.61
230,1,3,4.2,4.2,4.2
231,1,0,5.04,5.04,5.04
232,1,2,5.12,5.12,5.12
233,1,3,2.68,2.68,2.68
234,1,4,5.61,5.61,5.61
235,1,1,4.87,4.87,4.87
236,2,0,1.95,2.07,2.19
237,2,2,2.92,2.985,3.05
238,1,4,5.24,5.24,5.24
239,1,3,5.16,5.16,5.16
240,1,3,6.41,6.41,6.41
241,1,0,4.59,4.59,4.59
242,1,0,5.56,5.56,5.56
243,1,2,2.28,2.28,2.28
244,1,3,4.12,4.12,4.12
245,1,1,4.9,4.9,4.9
246,1,3,3.13,3.13,3.13
247,1,0,3.88,3.88,3.88
248,1,1,5.09,5.09,5.09
249,1,0,2.01,2.01,2.01
250,1,1,1.94,1.94,1.94
251,1,0,3.89,3.89,3.89
252,3,1,1.76,2.24,2.51
253,1,1,4.16,4.16,4.16
254,1,1,5.09,5.09,5.09
255,1,2,4.82,4.82,4.82
256,1,2,3.67,3.67,3.67
257,1,0,1.82,1.82,1.82
258,1,2,4.84,4.84,4.84
259,1,3,5.75,5.75,5.75
260,1,1,5.09,5.09,5.09
261,4,0,1.81,3.605,4.95
262,1,4,5.835,5.835,5.835
263,1,0,4.29,4.29,4.29
264,1,4,4.6,4.6,4.6
265,1,4,4.31,4.31,4.31
266,1,0,5.12,5.12,5.12
267,1,2,2.69,2.69,2.69
268,1,3,2.3,2.3,2.3
269,1,2,4.34,4.34,4.34
270,1,3,5.16,5.16,5.16
271,1,2,5.14,5.14,5.14
272,1,4,2.91,2.91,2.91
273,2,1,5.35,5.435,5.52
274,1,2,4.71,4.71,4.71
275,1,1,5.29,5.29,5.29
276,1,4,3.93,3.93,3.93
277,1,2,5.2,5.2,5.2
278,1,3,1.87,1.87,1.87
279,1,3,5.29,5.29,5.29
280,1,1,4.55,4.55,4.55
281,2,1,4.0,4.09,4.18
282,1,2,4.83,4.83,4.83
283,1,1,5.45,5.45,5.45
284,1,4,5.61,5.61,5.61
285,1,1,4.4,4.4,4.4
286,1,1,5.975,5.975,5.975
287,1,2,4.75,4.75,4.75
288,1,2,2.89,2.89,2.89
289,1,1,4.16,4.16,4.16
290,1,2,5.31,5.31,5.31
291,1,3,4.76,4.76,4.76
292,1,1,4.69,4.69,4.69
293,2,2,4.67,4.835,5.0
294,1,3,3.09,3.09,3.09
295,1,1,3.58,3.58,3.58
296,1,3,4.04,4.04,4.04
297,1,1,4.36,4.36,4.36
298,1,4,5.27,5.27,5.27
299,1,3,4.11,4.11,4.11
300,2,1,4.88,4.98,5.08
301,1,0,5.22,5.22,5.22
302,1,4,3.11,3.11,3.11
303,1,0,3.62,3.62,3.62
304,1,4,4.9,4.9,4.9
305,1,0,4.83,4.83,4.83
306,1,4,4.93,4.93,4.93
307,1,2,5.06,5.06,5.06
308,1,1,6.140000000000001,6.140000000000001,6.140000000000001
309,2,2,2.83,4.155,5.48
310,1,0,4.4,4.4,4.4
311,1,0,4.51,4.51,4.51
312,1,0,5.53,5.53,5.53
313,1,0,2.31,2.31,2.31
314,1,0,5.22,5.22,5.22
315,1,1,4.98,4.98,4.98
316,1,2,6.58,6.58,6.58
317,1,4,5.44,5.44,5.44
318,1,2,5.45,5.45,5.45
319,1,2,3.97,3.97,3.97
320,1,0,3.73,3.73,3.73
321,1,3,4.97,4.97,4.97
322,1,4,4.98,4.98,4.98
323,1,2,4.73,4.73,4.73
324,2,1,4.12,4.390000000000001,4.66
325,4,2,2.58,3.325,3.63
326,1,0,5.53,5.53,5.53
327,1,4,2.49,2.49,2.49
328,1,2,5.55,5.55,5.55
329,1,1,5.04,5.04,5.04
330,1,4,4.42,4.42,4.42
331,1,4,4.88,4.88,4.88
332,1,3,5.46,5.46,5.46
333,1,4,5.2,5.2,5.2
334,1,0,4.45,4.45,4.45
335,1,2,4.55,4.55,4.55
336,1,3,4.83,4.83,4.83
337,2,1,1.8,2.325,2.85
338,1,2,4.8,4.8,4.8
339,1,1,5.7,5.7,5.7
340,1,2,4.15,4.15,4.15
341,1,3,5.12,5.12,5.12
342,1,1,4.78,4.78,4.78
343,17,1,1.81,3.44,5.06
344,1,1,4.64,4.64,4.64
345,1,3,2.56,2.56,2.56
346,1,4,4.85,4.85,4.85
347,1,3,3.84,3.84,3.84
348,1,1,4.78,4.78,4.78
349,1,4,4.49,4.49,4.49
350,1,1,4.91,4.91,4.91
351,1,3,5.19,5.19,5.19
352,1,2,4.79,4.79,4.79
353,3,1,4.17,4.25,5.11
354,1,3,2.57,2.57,2.57
355,1,3,5.07,5.07,5.07
356,1,3,4.21,4.21,4.21
357,1,1,4.46,4.46,4.46
358,1,3,3.37,3.37,3.37
359,1,1,5.775,5.775,5.775
360,1,3,1.83,1.83,1.83
361,1,4,4.79,4.79,4.79
362,1,2,3.95,3.95,3.95
363,1,0,4.97,4.97,4.97
364,1,4,5.5,5.5,5.5
365,1,2,4.99,4.99,4.99
366,1,3,5.16,5.16,5.16
367,1,0,5.04,5.04,5.04
368,5,3,2.04,4.53,5.88
369,1,0,4.15,4.15,4.15
370,1,0,1.92,1.92,1.92
371,1,3,5.15,5.15,5.15
372,1,3,5.74,5.74,5.74
373,1,0,4.73,4.73,4.73
374,1,1,5.21,5.21,5.21
375,1,1,3.98,3.98,3.98
376,1,0,4.57,4.57,4.57
377,1,3,5.0,5.0,5.0
378,1,4,5.25,5.25,5.25
379,1,3,5.22,5.22,5.22
380,1,4,6.845,6.845,6.845
381,1,4,5.37,5.37,5.37
382,1,2,4.57,4.57,4.57
383,1,2,2.79,2.79,2.79
384,1,1,5.09,5.09,5.09
385,1,3,3.93,3.93,3.93
386,1,2,5.26,5.26,5.26
387,1,3,1.82,1.82,1.82
388,1,1,4.77,4.77,4.77
389,1,1,5.31,5.31,5.31
390,2,0,4.76,4.8149999999999995,4.87
391,1,1,5.11,5.11,5.11
392,1,0,4.61,4.61,4.61
393,1,3,4.96,4.96,4.96
394,1,0,4.38,4.38,4.38
395,1,1,3.29,3.29,3.29
396,1,1,5.52,5.52,5.52
397,1,2,4.63,4.63,4.63
398,1,1,4.71,4.71,4.71
399,11,0,1.67,3.25,4.51
400,1,3,5.44,5.44,5.44
401,1,2,2.57,2.57,2.57
402,1,4,2.56,2.56,2.56
403,1,2,4.99,4.99,4.99
404,1,4,4.21,4.21,4.21
405,1,0,5.27,5.27,5.27
406,1,0,3.92,3.92,3.92
407,1,3,5.39,5.39,5.39
408,1,3,4.21,4.21,4.21
409,2,1,5.03,5.300000000000001,5.57
410,1,3,5.23,5.23,5.23
411,1,2,4.38,4.38,4.38
412,1,3,5.25,5.25,5.25
413,1,2,5.09,5.09,5.09
414,1,2,5.09,5.09,5.09
415,3,2,3.47,3.88,4.48
416,1,3,2.34,2.34,2.34
417,1,0,6.27,6.27,6.27
418,1,1,3.66,3.66,3.66
419,1,3,4.8,4.8,4.8
420,1,2,5.57,5.57,5.57
421,1,0,3.82,3.82,3.82
422,1,3,1.77,1.77,1.77
423,1,0,4.35,4.35,4.35
424,1,1,4.9,4.9,4.9
425,1,2,4.68,4.68,4.68
426,3,3,3.05,4.27,5.23
427,1,4,2.44,2.44,2.44
428,1,0,5.25,5.25,5.25
429,1,2,3.14,3.14,3.14
430,1,3,5.25,5.25,5.25
431,1,2,4.67,4.67,4.67
432,1,4,3.11,3.11,3.11
433,1,3,5.28,5.28,5.28
434,1,0,5.18,5.18,5.18
435,1,2,5.38,5.38,5.38
436,1,2,5.12,5.12,5.12
437,1,4,4.58,4.58,4.58
438,3,3,3.02,3.05,4.73
439,1,3,5.16,5.16,5.16
440,1,1,5.0,5.0,5.0
441,1,3,3.98,3.98,3.98
442,1,4,4.66,4.66,4.66
443,1,0,4.88,4.88,4.88
444,1,2,4.08,4.08,4.08
445,1,4,5.09,5.09,5.09
446,1,3,4.79,4.79,4.79
447,1,1,4.05,4.05,4.05
448,1,0,4.27,4.27,4.27
449,1,1,5.965,5.965,5.965
450,1,1,2.86,2.86,2.86
451,1,1,4.41,4.41,4.41
452,1,4,4.84,4.84,4.84
453,1,0,5.27,5.27,5.27
454,1,0,4.64,4.64,4.64
455,1,4,4.92,4.92,4.92
456,1,3,5.44,5.44,5.44
457,1,0,4.46,4.46,4.46
458,2,3,4.67,4.79,4.91
459,1,2,4.53,4.53,4.53
460,1,1,3.94,3.94,3.94
461,1,1,5.43,5.43,5.43
462,1,3,3.04,3.04,3.04
463,1,4,4.4,4.4,4.4
464,1,4,5.05,5.05,5.05
465,1,0,5.14,5.14,5.14
466,1,1,4.61,4.61,4.61
467,1,4,6.07,6.07,6.07
468,1,2,4.54,4.54,4.54
469,1,3,5.62,5.62,5.62
470,1,4,4.13,4.13,4.13
471,1,1,4.29,4.29,4.29
472,1,1,3.72,3.72,3.72
473,1,2,6.050000000000001,6.050000000000001,6.050000000000001
474,1,2,3.47,3.47,3.47
475,1,4,4.3,4.3,4.3
476,1,1,5.44,5.44,5.44
477,11,2,2.01,3.77,5.36
478,1,4,4.77,4.77,4.77
479,1,0,4.85,4.85,4.85
480,1,3,5.06,5.06,5.06
481,1,1,4.49,4.49,4.49
482,1,1,5.54,5.54,5.54
483,1,4,2.68,2.68,2.68
484,1,3,3.35,3.35,3.35
485,1,1,4.87,4.87,4.87
486,1,2,3.63,3.63,3.63
487,1,2,4.3,4.3,4.3
488,2,1,4.6,4.744999999999999,4.89
489,2,3,4.9,5.26,5.62
490,1,0,4.54,4.54,4.54
491,1,3,4.94,4.94,4.94
492,1,2,5.904999999999999,5.904999999999999,5.904999999999999
493,1,2,5.39,5.39,5.39
494,1,0,5.57,5.57,5.57
495,1,1,4.55,4.55,4.55
496,1,1,5.0,5.0,5.0
497,1,4,4.73,4.73,4.73
498,1,0,4.38,4.38,4.38
499,1,4,5.68,5.68,5.68
500,1,4,5.71,5.71,5.71
501,1,3,4.54,4.54,4.54
502,1,1,4.09,4.09,4.09
503,1,3,5.25,5.25,5.25
504,1,3,5.56,5.56,5.56
505,1,2,3.95,3.95,3.95
506,1,3,2.53,2.53,2.53
507,1,2,4.97,4.97,4.97
508,1,3,5.44,5.44,5.44
509,1,2,5.5,5.5,5.5
510,1,1,4.73,4.73,4.73
511,1,4,4.25,4.25,4.25
512,1,1,4.57,4.57,4.57
513,1,4,5.04,5.04,5.04
514,1,4,5.06,5.06,5.06
515,2,1,3.1,4.105,5.11
516,1,1,4.83,4.83,4.83
517,1,4,3.31,3.31,3.31
518,1,3,4.62,4.62,4.62
519,1,2,4.2,4.2,4.2
520,1,1,2.96,2.96,2.96
521,1,1,4.87,4.87,4.87
522,1,1,4.82,4.82,4.82
523,1,0,3.99,3.99,3.99
524,1,1,4.43,4.43,4.43
525,1,3,4.66,4.66,4.66
526,1,0,5.07,5.07,5.07
527,1,4,1.68,1.68,1.68
528,1,1,4.63,4.63,4.63
529,1,2,2.23,2.23,2.23
530,1,1,2.58,2.58,2.58
531,1,1,4.71,4.71,4.71
532,1,2,5.2,5.2,5.2
533,1,0,5.27,5.27,5.27
534,1,2,3.41,3.41,3.41
535,1,0,4.93,4.93,4.93
536,3,0,2.09,4.89,4.99
537,1,2,3.48,3.48,3.48
538,1,4,3.3,3.3,3.3
539,1,4,5.58,5.58,5.58
540,1,0,5.27,5.27,5.27
541,1,1,4.1,4.1,4.1
542,1,4,5.42,5.42,5.42
543,1,2,5.48,5.48,5.48
544,1,2,4.96,4.96,4.96
545,1,0,1.71,1.71,1.71
546,1,2,4.7,4.7,4.7
547,1,1,5.04,5.04,5.04
548,1,2,5.65,5.65,5.65
549,1,2,4.33,4.33,4.33
550,1,0,4.38,4.38,4.38
551,1,1,2.48,2.48,2.48
552,1,3,4.39,4.39,4.39
553,1,1,5.71,5.71,5.71
554,1,4,4.46,4.46,4.46
555,1,2,5.07,5.07,5.07
556,1,3,5.42,5.42,5.42
557,2,0,3.65,4.315,4.98
558,2,3,2.95,3.2350000000000003,3.52
559,1,0,4.53,4.53,4.53
560,1,3,3.43,3.43,3.43
561,1,2,3.74,3.74,3.74
562,1,1,5.29,5.29,5.29
563,1,0,5.31,5.31,5.31
564,1,2,3.8,3.8,3.8
565,1,4,2.37,2.37,2.37
566,1,2,4.69,4.69,4.69
567,1,1,3.44,3.44,3.44
568,1,2,5.91,5.91,5.91
569,1,0,1.73,1.73,1.73
570,1,3,4.06,4.06,4.06
571,1,4,3.12,3.12,3.12
572,1,4,4.81,4.81,4.81
573,1,1,4.37,4.37,4.37
574,2,0,3.06,4.13,5.2
575,1,2,4.87,4.87,4.87
576,1,0,3.08,3.08,3.08
577,1,1,4.53,4.53,4.53
578,1,4,3.15,3.15,3.15
579,1,4,4.08,4.08,4.08
580,2,1,3.47,4.325,5.18
581,1,4,2.94,2.94,2.94
582,1,1,5.26,5.26,5.26
583,1,3,4.41,4.41,4.41
584,1,0,5.7,5.7,5.7
585,1,2,4.71,4.71,4.71
586,1,3,3.91,3.91,3.91
587,1,3,4.57,4.57,4.57
588,1,1,4.56,4.56,4.56
589,1,0,4.42,4.42,4.42
590,1,4,4.23,4.23,4.23
591,1,2,4.73,4.73,4.73
592,1,2,5.23,5.23,5.23
593,1,1,5.25,5.25,5.25
594,1,4,4.83,4.83,4.83
595,1,2,2.02,2.02,2.02
596,1,0,4.68,4.68,4.68
597,1,2,5.21,5.21,5.21
598,1,2,4.57,4.57,4.57
599,3,0,1.96,2.88,4.09
600,1,2,5.88,5.88,5.88
601,1,3,4.29,4.29,4.29
602,1,3,4.74,4.74,4.74
603,1,1,4.7,4.7,4.7
604,2,2,3.21,3.78,4.35
605,1,4,3.43,3.43,3.43
606,2,3,4.39,4.55,4.71
607,1,2,2.51,2.51,2.51
608,1,0,4.41,4.41,4.41
609,1,4,5.17,5.17,5.17
610,1,4,3.72,3.72,3.72
611,1,1,2.82,2.82,2.82
612,3,1,1.78,4.26,5.15
613,1,1,5.23,5.23,5.23
614,1,4,4.6,4.6,4.6
615,1,4,1.66,1.66,1.66
616,1,0,4.78,4.78,4.78
617,1,4,2.52,2.52,2.52
618,1,0,4.24,4.24,4.24
619,1,1,1.79,1.79,1.79
620,1,4,5.105,5.105,5.105
621,1,4,5.85,5.85,5.85
622,1,1,4.95,4.95,4.95
623,1,1,4.01,4.01,4.01
624,1,2,4.17,4.17,4.17
625,1,2,5.18,5.18,5.18
626,1,0,2.73,2.73,2.73
627,1,1,5.47,5.47,5.47
628,1,2,5.22,5.22,5.22
629,2,2,4.14,4.5,4.86
630,1,0,5.92,5.92,5.92
631,1,0,5.58,5.58,5.58
632,1,1,6.09,6.09,6.09
633,1,1,1.74,1.74,1.74
634,2,1,3.26,3.545,3.83
635,1,0,5.36,5.36,5.36
636,1,1,5.11,5.11,5.11
637,1,3,2.55,2.55,2.55
638,1,4,1.75,1.75,1.75
639,1,4,4.9,4.9,4.9
640,1,2,4.57,4.57,4.57
641,1,2,5.14,5.14,5.14
642,1,3,3.89,3.89,3.89
643,1,0,3.58,3.58,3.58
644,1,4,4.96,4.96,4.96
645,1,1,2.8,2.8,2.8
646,3,3,1.92,3.03,5.16
647,1,2,5.91,5.91,5.91
648,1,3,5.3,5.3,5.3
649,2,2,1.84,2.845,3.85
650,1,2,4.92,4.92,4.92
651,1,3,4.97,4.97,4.97
652,1,0,5.04,5.04,5.04
653,1,0,2.56,2.56,2.56
654,1,1,4.4,4.4,4.4
655,4,1,3.14,4.744999999999999,5.63
656,3,2,1.92,1.95,2.32
657,2,3,5.07,5.195,5.32
658,1,4,4.64,4.64,4.64
659,1,4,5.66,5.66,5.66
660,1,2,2.44,2.44,2.44
661,1,0,5.7,5.7,5.7
662,1,3,4.24,4.24,4.24
663,1,1,3.61,3.61,3.61
664,1,3,4.73,4.73,4.73
665,1,0,4.21,4.21,4.21
666,1,3,4.41,4.41,4.41
667,1,4,3.05,3.05,3.05
668,1,4,5.34,5.34,5.34
669,1,2,5.11,5.11,5.11
670,1,0,3.94,3.94,3.94
671,1,3,5.35,5.35,5.35
672,1,1,5.21,5.21,5.21
673,1,1,3.43,3.43,3.43
674,1,1,1.85,1.85,1.85
675,2,0,2.11,2.4299999999999997,2.75
676,1,0,4.73,4.73,4.73
677,1,0,4.65,4.65,4.65
678,1,1,5.17,5.17,5.17
679,1,2,1.76,1.76,1.76
680,1,3,2.74,2.74,2.74
681,1,1,5.64,5.64,5.64
682,1,1,2.85,2.85,2.85
683,1,3,4.89,4.89,4.89
684,1,0,5.33,5.33,5.33
685,2,0,4.85,5.135,5.42
686,1,1,5.66,5.66,5.66
687,1,4,5.05,5.05,5.05
688,1,1,5.87,5.87,5.87
689,1,1,2.79,2.79,2.79
690,3,1,2.17,2.45,2.5
691,1,2,3.3,3.3,3.3
692,1,1,4.3,4.3,4.3
693,1,3,4.56,4.56,4.56
694,1,3,3.86,3.86,3.86
695,2,3,1.81,2.085,2.36
696,1,4,4.37,4.37,4.37
697,1,1,3.87,3.87,3.87
698,1,3,5.58,5.58,5.58
699,1,2,5.98,5.98,5.98
700,1,2,4.89,4.89,4.89
701,1,4,4.36,4.36,4.36
702,1,1,4.48,4.48,4.48
703,1,3,3.65,3.65,3.65
704,2,3,3.92,3.9899999999999998,4.06
705,1,0,4.98,4.98,4.98
706,1,0,5.67,5.67,5.67
707,1,1,2.45,2.45,2.45
708,1,0,4.64,4.64,4.64
709,2,3,3.67,3.795,3.92
710,1,0,5.68,5.68,5.68
711,1,0,4.82,4.82,4.82
712,1,0,4.68,4.68,4.68
713,1,0,5.78,5.78,5.78
714,1,0,2.67,2.67,2.67
715,1,2,4.63,4.63,4.63
716,1,1,2.92,2.92,2.92
717,1,1,5.49,5.49,5.49
718,1,4,5.25,5.25,5.25
719,1,3,5.16,5.16,5.16
720,1,3,3.31,3.31,3.31
721,1,1,5.49,5.49,5.49
722,1,4,4.99,4.99,4.99
723,1,2,4.81,4.81,4.81
724,1,0,4.95,4.95,4.95
725,1,3,4.59,4.59,4.59
726,1,0,1.86,1.86,1.86
727,1,0,3.38,3.38,3.38
728,1,0,3.73,3.73,3.73
729,1,0,2.44,2.44,2.44
730,1,3,5.45,5.45,5.45
731,1,3,3.87,3.87,3.87
732,1,2,2.9,2.9,2.9
733,1,0,4.73,4.73,4.73
734,1,0,1.88,1.88,1.88
735,1,3,4.13,4.13,4.13
736,1,4,3.29,3.29,3.29
737,1,0,3.81,3.81,3.81
738,1,3,4.45,4.45,4.45
739,2,1,4.01,4.83,5.65
740,1,0,3.56,3.56,3.56
741,1,1,4.95,4.95,4.95
742,1,3,4.05,4.05,4.05
743,1,3,5.880000000000001,5.880000000000001,5.880000000000001
744,1,4,4.67,4.67,4.67
745,1,4,4.8,4.8,4.8
746,1,1,3.64,3.64,3.64
747,1,4,3.53,3.53,3.53
748,1,1,4.39,4.39,4.39
749,1,3,4.91,4.91,4.91
750,1,0,2.97,2.97,2.97
751,1,1,5.11,5.11,5.11
752,1,0,5.18,5.18,5.18
753,1,1,4.76,4.76,4.76
754,1,2,5.23,5.23,5.23
755,1,2,4.38,4.38,4.38
756,2,3,1.98,2.41,2.84
757,1,1,5.13,5.13,5.13
758,1,1,3.29,3.29,3.29
759,1,0,5.44,5.44,5.44
760,1,2,5.22,5.22,5.22
761,1,4,3.42,3.42,3.42
762,1,3,4.4,4.4,4.4
763,1,3,5.02,5.02,5.02
764,1,0,3.05,3.05,3.05
765,1,3,3.78,3.78,3.78
766,1,4,2.02,2.02,2.02
767,1,3,4.66,4.66,4.66
768,1,0,3.63,3.63,3.63
769,1,4,5.29,5.29,5.29
770,1,3,1.71,1.71,1.71
771,1,3,5.45,5.45,5.45
772,1,4,4.92,4.92,4.92
773,1,1,4.34,4.34,4.34
774,1,3,5.41,5.41,5.41
775,1,3,4.17,4.17,4.17
776,1,0,4.98,4.98,4.98
777,1,3,4.8,4.8,4.8
778,1,4,4.04,4.04,4.04
779,1,2,4.62,4.62,4.62
780,1,4,5.07,5.07,5.07
781,1,1,4.99,4.99,4.99
782,1,2,2.93,2.93,2.93
783,1,2,5.58,5.58,5.58
784,1,2,5.87,5.87,5.87
785,1,0,4.43,4.43,4.43
786,1,1,4.24,4.24,4.24
787,1,1,2.25,2.25,2.25
788,2,0,2.22,3.24,4.26
789,1,4,5.64,5.64,5.64
790,1,2,2.88,2.88,2.88
791,1,1,1.78,1.78,1.78
792,1,3,3.52,3.52,3.52
793,1,1,4.22,4.22,4.22
794,1,1,2.16,2.16,2.16
795,3,0,4.41,4.72,5.1
796,1,4,6.11,6.11,6.11
797,1,2,4.23,4.23,4.23
798,1,1,4.9,4.9,4.9
799,1,1,5.39,5.39,5.39
800,1,4,2.68,2.68,2.68
801,1,2,1.65,1.65,1.65
802,1,3,5.15,5.15,5.15
803,1,3,4.26,4.26,4.26
804,1,0,5.72,5.72,5.72
805,1,3,5.08,5.08,5.08
806,2,3,1.95,3.125,4.3
807,1,2,4.44,4.44,4.44
808,1,1,4.25,4.25,4.25
809,1,2,3.05,3.05,3.05
810,1,1,5.3,5.3,5.3
811,1,3,3.45,3.45,3.45
812,1,2,4.07,4.07,4.07
813,1,0,4.91,4.91,4.91
814,1,1,4.16,4.16,4.16
815,1,2,5.38,5.38,5.38
816,1,4,5.34,5.34,5.34
817,1,3,3.55,3.55,3.55
818,1,1,5.49,5.49,5.49
819,1,2,4.68,4.68,4.68
820,1,3,5.53,5.53,5.53
821,4,0,2.06,3.035,3.58
822,1,3,1.96,1.96,1.96
823,1,0,4.66,4.66,4.66
824,1,1,4.3,4.3,4.3
825,1,3,4.56,4.56,4.56
826,1,3,1.79,1.79,1.79
827,1,1,3.77,3.77,3.77
828,1,2,4.77,4.77,4.77
829,1,4,4.38,4.38,4.38
830,1,1,5.89,5.89,5.89
831,1,4,4.52,4.52,4.52
832,1,0,4.64,4.64,4.64
833,1,0,5.11,5.11,5.11
834,1,3,5.9,5.9,5.9
835,1,0,4.74,4.74,4.74
836,1,1,4.85,4.85,4.85
837,1,2,5.05,5.05,5.05
838,1,3,3.9,3.9,3.9
839,1,4,5.08,5.08,5.08
840,1,3,2.7,2.7,2.7
841,1,1,2.79,2.79,2.79
842,1,0,4.96,4.96,4.96
843,1,1,4.95,4.95,4.95
844,1,4,1.73,1.73,1.73
845,1,2,5.21,5.21,5.21
846,1,1,5.11,5.11,5.11
847,1,2,5.33,5.33,5.33
848,2,2,3.8,4.355,4.91
849,1,2,5.03,5.03,5.03
850,1,1,4.54,4.54,4.54
851,1,4,5.89,5.89,5.89
852,1,1,5.14,5.14,5.14
853,2,3,4.29,4.455,4.62
854,1,4,5.04,5.04,5.04
855,1,4,5.39,5.39,5.39
856,1,4,2.45,2.45,2.45
857,1,2,3.41,3.41,3.41
858,1,4,5.27,5.27,5.27
859,1,1,4.68,4.68,4.68
860,1,2,3.17,3.17,3.17
861,1,3,4.65,4.65,4.65
862,1,4,3.95,3.95,3.95
863,1,0,4.37,4.37,4.37
864,1,3,4.67,4.67,4.67
865,1,4,3.99,3.99,3.99
866,1,2,4.6,4.6,4.6
867,1,0,5.44,5.44,5.44
868,1,3,4.55,4.55,4.55
869,1,1,4.69,4.69,4.69
870,1,3,5.09,5.09,5.09
871,1,2,1.8,1.8,1.8
872,3,0,1.88,2.64,4.12
873,1,0,5.08,5.08,5.08
874,1,2,4.9,4.9,4.9
875,1,1,5.24,5.24,5.24
876,1,0,4.16,4.16,4.16
877,1,3,5.14,5.14,5.14
878,1,0,5.88,5.88,5.88
879,1,1,4.39,4.39,4.39
880,1,3,3.39,3.39,3.39
881,1,3,4.5,4.5,4.5
882,1,1,3.98,3.98,3.98
883,1,2,2.27,2.27,2.27
884,1,4,4.97,4.97,4.97
885,1,3,3.1,3.1,3.1
886,1,1,5.06,5.06,5.06
887,1,0,4.86,4.86,4.86
888,1,0,3.42,3.42,3.42
889,1,3,1.81,1.81,1.81
890,1,3,5.57,5.57,5.57
891,1,4,4.5,4.5,4.5
892,1,2,5.75,5.75,5.75
893,1,4,4.97,4.97,4.97
894,1,0,1.75,1.75,1.75
895,1,1,2.57,2.57,2.57
896,1,0,5.15,5.15,5.15
897,1,1,4.87,4.87,4.87
898,1,3,4.83,4.83,4.83
899,1,2,1.72,1.72,1.72
900,1,0,5.07,5.07,5.07
901,1,1,4.37,4.37,4.37
902,1,3,3.09,3.09,3.09
903,1,4,5.25,5.25,5.25
904,1,2,5.08,5.08,5.08
905,1,1,5.33,5.33,5.33
906,1,2,5.19,5.19,5.19
907,1,2,5.34,5.34,5.34
908,11,0,3.28,5.69,7.54855421686747
909,1,1,4.04,4.04,4.04
910,1,4,4.26,4.26,4.26
911,1,3,4.26,4.26,4.26
912,1,2,1.62,1.62,1.62
913,1,0,4.04,4.04,4.04
914,1,2,4.53,4.53,4.53
915,1,2,5.24,5.24,5.24
916,1,1,2.55,2.55,2.55
917,1,0,4.46,4.46,4.46
918,1,0,5.46,5.46,5.46
919,1,0,2.95,2.95,2.95
920,1,4,4.41,4.41,4.41
921,5,0,2.65,4.35,5.58
922,1,4,5.33,5.33,5.33
923,1,0,5.36,5.36,5.36
924,4,1,2.37,4.195,5.02
925,1,4,4.2,4.2,4.2
926,1,1,2.06,2.06,2.06
927,1,1,5.03,5.03,5.03
928,1,4,3.99,3.99,3.99
929,1,3,4.37,4.37,4.37
930,1,2,5.2,5.2,5.2
931,1,4,2.73,2.73,2.73
932,1,3,5.46,5.46,5.46
933,1,4,5.6,5.6,5.6
934,1,2,3.46,3.46,3.46
935,1,0,5.54,5.54,5.54
936,1,3,5.545,5.545,5.545
937,1,1,4.97,4.97,4.97
938,1,0,2.64,2.64,2.64
939,1,1,5.06,5.06,5.06
940,1,0,4.73,4.73,4.73
941,1,1,2.11,2.11,2.11
942,1,3,4.55,4.55,4.55
943,1,4,6.494999999999999,6.494999999999999,6.494999999999999
944,1,1,5.69,5.69,5.69
945,1,4,4.79,4.79,4.79
946,2,0,3.89,3.92,3.95
947,1,2,4.27,4.27,4.27
948,1,4,2.69,2.69,2.69
949,1,3,2.95,2.95,2.95
950,1,0,1.92,1.92,1.92
951,1,3,5.02,5.02,5.02
952,1,3,3.25,3.25,3.25
953,1,2,2.49,2.49,2.49
954,1,3,4.34,4.34,4.34
955,1,3,5.38,5.38,5.38
956,1,0,4.79,4.79,4.79
957,1,0,4.59,4.59,4.59
958,1,0,4.59,4.59,4.59
959,2,3,4.73,5.17,5.61
960,1,0,2.05,2.05,2.05
961,1,0,3.49,3.49,3.49
962,1,4,5.02,5.02,5.02
963,1,2,5.05,5.05,5.05
964,1,2,4.64,4.64,4.64
965,1,0,1.81,1.81,1.81
966,1,4,4.59,4.59,4.59
967,1,4,5.39,5.39,5.39
968,1,0,4.78,4.78,4.78
969,1,4,5.97,5.97,5.97
970,1,2,3.61,3.61,3.61
971,2,0,4.84,5.25,5.66
972,1,2,3.32,3.32,3.32
973,1,1,5.1,5.1,5.1
974,1,4,3.48,3.48,3.48
975,1,3,1.61,1.61,1.61
976,1,0,4.96,4.96,4.96
977,1,3,5.3,5.3,5.3
978,1,3,4.99,4.99,4.99
979,1,0,5.22,5.22,5.22
980,1,1,2.68,2.68,2.68
981,1,1,5.12,5.12,5.12
982,1,2,5.35,5.35,5.35
983,1,4,2.74,2.74,2.74
984,1,4,4.42,4.42,4.42
985,1,2,5.04,5.04,5.04
986,1,4,4.64,4.64,4.64
987,2,3,4.49,4.65,4.81
988,1,3,5.19,5.19,5.19
989,1,4,5.47,5.47,5.47
990,1,3,5.38,5.38,5.38
991,1,3,5.14,5.14,5.14
992,1,0,3.97,3.97,3.97
993,1,4,4.05,4.05,4.05
994,1,4,5.03,5.03,5.03
995,1,2,5.25,5.25,5.25
996,1,4,5.48,5.48,5.48
997,1,3,4.49,4.49,4.49
998,1,0,4.35,4.35,4.35
999,1,2,5.72,5.72,5.72
1000,1,0,2.23,2.23,2.23
1001,1,2,4.58,4.58,4.58
1002,1,4,4.28,4.28,4.28
1003,1,3,2.35,2.35,2.35
1004,1,2,4.8,4.8,4.8
1005,1,4,5.14,5.14,5.14
1006,1,4,4.26,4.26,4.26
1007,1,1,3.15,3.15,3.15
1008,1,2,4.6,4.6,4.6
1009,1,2,6.33,6.33,6.33
1010,1,4,4.47,4.47,4.47
1011,1,3,5.51,5.51,5.51
1012,1,4,5.05,5.05,5.05
1013,4,3,4.89,5.494999999999999,5.74
1014,1,1,4.31,4.31,4.31
1015,1,2,4.65,4.65,4.65
1016,1,4,3.48,3.48,3.48
1017,1,2,5.23,5.23,5.23
1018,1,3,5.4,5.4,5.4
1019,1,2,4.86,4.86,4.86
1020,1,0,2.69,2.69,2.69
1021,1,3,2.59,2.59,2.59
1022,1,3,3.33,3.33,3.33
1023,1,2,2.98,2.98,2.98
1024,1,0,2.43,2.43,2.43
1025,1,3,5.03,5.03,5.03
1026,1,3,4.71,4.71,4.71
1027,1,0,4.81,4.81,4.81
1028,1,0,4.28,4.28,4.28
1029,1,3,5.35,5.35,5.35
1030,1,0,4.75,4.75,4.75
1031,1,3,5.07,5.07,5.07
1032,1,4,6.52,6.52,6.52
1033,1,2,5.01,5.01,5.01
1034,1,2,5.69,5.69,5.69
1035,1,0,2.04,2.04,2.04
1036,1,2,4.71,4.71,4.71
1037,1,3,4.84,4.84,4.84
1038,1,1,4.86,4.86,4.86
1039,1,1,1.88,1.88,1.88
1040,1,3,3.96,3.96,3.96
1041,1,4,5.68,5.68,5.68
1042,1,2,4.45,4.45,4.45
1043,1,2,1.75,1.75,1.75
1044,1,3,5.39,5.39,5.39
1045,1,0,2.3,2.3,2.3
1046,1,2,5.86,5.86,5.86
1047,1,1,4.52,4.52,4.52
1048,1,3,5.29,5.29,5.29
1049,1,1,5.62,5.62,5.62
1050,1,1,4.15,4.15,4.15
1051,1,1,4.34,4.34,4.34
1052,1,1,5.77,5.77,5.77
1053,1,3,4.46,4.46,4.46
1054,1,3,4.82,4.82,4.82
1055,2,2,4.97,5.074999999999999,5.18
1056,1,0,4.74,4.74,4.74
1057,1,0,3.17,3.17,3.17
1058,1,4,4.3,4.3,4.3
1059,1,1,3.78,3.78,3.78
1060,1,1,3.68,3.68,3.68
1061,1,1,5.03,5.03,5.03
1062,1,3,5.22,5.22,5.22
1063,1,4,2.25,2.25,2.25
1064,1,3,4.87,4.87,4.87
1065,1,4,3.47,3.47,3.47
1066,1,0,5.83,5.83,5.83
1067,1,2,5.55,5.55,5.55
1068,1,0,2.1,2.1,2.1
1069,1,0,4.33,4.33,4.33
1070,1,1,5.945,5.945,5.945
1071,1,1,4.28,4.28,4.28
1072,1,3,5.38,5.38,5.38
1073,1,1,4.63,4.63,4.63
1074,1,2,4.65,4.65,4.65
1075,1,4,3.87,3.87,3.87
1076,2,3,2.75,3.56,4.37
1077,1,1,3.07,3.07,3.07
1078,1,4,4.59,4.59,4.59
1079,1,3,3.94,3.94,3.94
1080,1,1,5.87,5.87,5.87
1081,1,4,4.59,4.59,4.59
1082,1,2,5.19,5.19,5.19
1083,1,1,4.78,4.78,4.78
1084,1,2,4.91,4.91,4.91
1085,1,3,5.11,5.11,5.11
1086,1,2,5.19,5.19,5.19
1087,1,4,4.85,4.85,4.85
1088,1,4,4.81,4.81,4.81
1089,1,0,4.96,4.96,4.96
1090,1,3,3.79,3.79,3.79
1091,1,3,4.88,4.88,4.88
1092,1,1,5.84,5.84,5.84
1093,1,3,4.23,4.23,4.23
1094,1,3,4.99,4.99,4.99
1095,1,2,4.57,4.57,4.57
1096,1,4,4.67,4.67,4.67
1097,1,4,5.1,5.1,5.1
1098,1,2,4.91,4.91,4.91
1099,1,3,4.26,4.26,4.26
1100,1,0,3.48,3.48,3.48
1101,1,3,4.87,4.87,4.87
1102,1,0,5.08,5.08,5.08
1103,1,0,5.55,5.55,5.55
1104,1,4,4.82,4.82,4.82
1105,1,4,3.69,3.69,3.69
1106,1,4,4.67,4.67,4.67
1107,1,3,4.09,4.09,4.09
1108,1,2,1.82,1.82,1.82
1109,1,2,5.44,5.44,5.44
1110,1,3,5.05,5.05,5.05
1111,1,2,4.66,4.66,4.66
1112,1,4,5.38,5.38,5.38
1113,1,1,5.13,5.13,5.13
1114,3,2,4.0,4.12,4.24
1115,1,4,5.42,5.42,5.42
1116,1,3,2.96,2.96,2.96
1117,1,4,3.83,3.83,3.83
1118,1,4,2.47,2.47,2.47
1119,1,1,5.03,5.03,5.03
1120,1,0,1.74,1.74,1.74
1121,1,3,5.7,5.7,5.7
1122,1,4,3.09,3.09,3.09
1123,1,2,5.22,5.22,5.22
1124,1,2,5.2,5.2,5.2
1125,1,4,3.86,3.86,3.86
1126,1,4,5.17,5.17,5.17
1127,1,0,1.94,1.94,1.94
1128,1,0,4.61,4.61,4.61
1129,1,1,4.87,4.87,4.87
1130,1,1,4.38,4.38,4.38
1131,1,0,4.42,4.42,4.42
1132,1,0,3.1,3.1,3.1
1133,1,0,4.92,4.92,4.92
1134,1,4,5.83,5.83,5.83
1135,1,1,4.69,4.69,4.69
1136,1,1,3.23,3.23,3.23
1137,1,0,4.54,4.54,4.54
1138,1,0,4.36,4.36,4.36
1139,1,3,4.49,4.49,4.49
1140,1,0,4.39,4.39,4.39
1141,1,3,5.865,5.865,5.865
1142,1,0,5.19,5.19,5.19
1143,1,0,1.76,1.76,1.76
1144,1,1,5.74,5.74,5.74
1145,1,2,4.22,4.22,4.22
1146,1,2,5.11,5.11,5.11
1147,1,1,3.86,3.86,3.86
1148,1,1,4.66,4.66,4.66
1149,1,0,5.05,5.05,5.05
1150,1,3,3.86,3.86,3.86
1151,1,2,3.53,3.53,3.53
1152,1,3,5.62,5.62,5.62
1153,1,3,4.8,4.8,4.8
1154,1,0,2.71,2.71,2.71
1155,1,4,5.19,5.19,5.19
1156,1,4,4.97,4.97,4.97
1157,1,4,5.29,5.29,5.29
1158,1,2,4.52,4.52,4.52
1159,1,1,5.54,5.54,5.54
1160,1,4,5.06,5.06,5.06
1161,1,0,4.92,4.92,4.92
1162,1,1,4.36,4.36,4.36
1163,1,4,4.95,4.95,4.95
1164,1,4,4.81,4.81,4.81
1165,1,0,3.04,3.04,3.04
1166,1,3,4.93,4.93,4.93
1167,1,3,4.53,4.53,4.53
1168,1,3,5.16,5.16,5.16
1169,1,1,4.87,4.87,4.87
1170,1,4,5.33,5.33,5.33
1171,1,4,4.71,4.71,4.71
1172,1,0,4.99,4.99,4.99
1173,1,2,4.95,4.95,4.95
1174,1,0,5.03,5.03,5.03
1175,1,3,4.33,4.33,4.33
1176,1,1,4.38,4.38,4.38
1177,1,2,5.17,5.17,5.17
1178,1,1,5.06,5.06,5.06
1179,2,0,4.43,4.449999999999999,4.47
1180,1,1,5.27,5.27,5.27
1181,1,1,5.12,5.12,5.12
1182,1,1,4.53,4.53,4.53
1183,1,4,5.0,5.0,5.0
1184,1,1,4.27,4.27,4.27
1185,1,1,4.78,4.78,4.78
1186,1,3,4.99,4.99,4.99
1187,1,0,4.52,4.52,4.52
1188,1,0,4.04,4.04,4.04
1189,1,1,3.1,3.1,3.1
1190,1,3,5.23,5.23,5.23
1191,2,3,3.92,4.475,5.03
1192,1,3,4.23,4.23,4.23
1193,1,1,5.59,5.59,5.59
1194,1,1,4.73,4.73,4.73
1195,1,4,3.44,3.44,3.44
1196,1,0,5.01,5.01,5.01
1197,1,0,6.56,6.56,6.56
1198,1,3,5.8,5.8,5.8
1199,1,3,4.54,4.54,4.54
1200,1,0,5.08,5.08,5.08
1201,1,3,1.82,1.82,1.82
1202,2,2,3.16,4.035,4.91
1203,1,0,2.84,2.84,2.84
1204,1,0,4.89,4.89,4.89
1205,1,4,2.95,2.95,2.95
1206,1,4,4.83,4.83,4.83
1207,1,3,5.11,5.11,5.11
1208,1,3,2.96,2.96,2.96
1209,1,2,5.02,5.02,5.02
1210,1,2,5.74,5.74,5.74
1211,1,4,4.88,4.88,4.88
1212,1,0,5.4,5.4,5.4
1213,1,3,5.18,5.18,5.18
1214,5,1,3.05,3.92,4.81
1215,1,0,3.4,3.4,3.4
1216,1,2,5.17,5.17,5.17
1217,1,3,4.54,4.54,4.54
1218,1,1,5.07,5.07,5.07
1219,1,4,4.81,4.81,4.81
1220,1,3,5.08,5.08,5.08
1221,1,3,5.16,5.16,5.16
1222,1,2,3.95,3.95,3.95
1223,1,2,4.33,4.33,4.33
1224,1,0,4.98,4.98,4.98
1225,1,0,1.82,1.82,1.82
1226,2,2,1.75,1.76,1.77
1227,1,3,4.23,4.23,4.23
1228,1,2,5.09,5.09,5.09
1229,1,2,4.76,4.76,4.76
1230,1,1,5.0,5.0,5.0
1231,1,3,5.21,5.21,5.21
1232,1,3,4.6,4.6,4.6
1233,1,4,4.86,4.86,4.86
1234,1,3,5.26,5.26,5.26
1235,1,2,4.78,4.78,4.78
1236,1,0,3.38,3.38,3.38
1237,1,3,5.47,5.47,5.47
1238,1,0,5.04,5.04,5.04
1239,1,4,2.42,2.42,2.42
1240,1,1,5.61,5.61,5.61
1241,1,3,3.01,3.01,3.01
1242,1,0,5.16,5.16,5.16
1243,1,2,5.1,5.1,5.1
1244,1,1,4.25,4.25,4.25
1245,1,0,3.98,3.98,3.98
1246,1,4,3.1,3.1,3.1
1247,1,2,2.94,2.94,2.94
1248,1,4,4.09,4.09,4.09
1249,2,0,3.89,4.37,4.85
1250,1,1,1.79,1.79,1.79
1251,1,3,4.17,4.17,4.17
1252,1,4,1.86,1.86,1.86
1253,1,3,1.63,1.63,1.63
1254,1,4,3.89,3.89,3.89
1255,1,3,4.61,4.61,4.61
1256,1,0,4.44,4.44,4.44
1257,1,1,5.46,5.46,5.46
1258,1,0,3.09,3.09,3.09
1259,1,2,5.3,5.3,5.3
1260,1,1,5.0,5.0,5.0
1261,1,4,4.36,4.36,4.36
1262,1,0,5.19,5.19,5.19
1263,1,4,4.58,4.58,4.58
1264,1,3,4.57,4.57,4.57
1265,1,4,1.81,1.81,1.81
1266,1,3,5.52,5.52,5.52
1267,1,1,4.09,4.09,4.09
1268,1,0,4.59,4.59,4.59
1269,1,0,5.89,5.89,5.89
1270,1,4,5.07,5.07,5.07
1271,1,0,5.77,5.77,5.77
1272,1,1,5.23,5.23,5.23
1273,1,1,3.55,3.55,3.55
1274,1,3,2.62,2.62,2.62
1275,1,1,4.74,4.74,4.74
1276,1,1,4.06,4.06,4.06
1277,1,1,4.67,4.67,4.67
1278,1,4,4.89,4.89,4.89
1279,1,0,4.29,4.29,4.29
1280,1,1,5.24,5.24,5.24
1281,1,1,4.38,4.38,4.38
1282,1,3,5.33,5.33,5.33
1283,1,1,4.09,4.09,4.09
1284,1,0,5.455,5.455,5.455
1285,1,3,4.24,4.24,4.24
1286,1,0,3.76,3.76,3.76
1287,1,0,4.44,4.44,4.44
1288,1,2,5.38,5.38,5.38
1289,1,2,2.01,2.01,2.01
1290,1,2,4.67,4.67,4.67
1291,1,1,4.41,4.41,4.41
1292,1,2,4.73,4.73,4.73
1293,1,0,4.885,4.885,4.885
1294,1,2,5.66,5.66,5.66
1295,1,4,4.98,4.98,4.98
1296,1,1,1.87,1.87,1.87
1297,1,1,4.89,4.89,4.89
1298,1,2,5.41,5.41,5.41
1299,1,4,5.31,5.31,5.31
1300,1,2,5.13,5.13,5.13
1301,1,2,4.94,4.94,4.94
1302,1,3,1.72,1.72,1.72
1303,1,3,3.71,3.71,3.71
1304,1,3,4.59,4.59,4.59
1305,1,4,4.81,4.81,4.81
1306,1,3,5.15,5.15,5.15
1307,1,1,5.64,5.64,5.64
1308,1,0,3.35,3.35,3.35
1309,1,0,2.57,2.57,2.57
1310,1,0,4.6,4.6,4.6
1311,1,1,5.06,5.06,5.06
1312,1,3,4.77,4.77,4.77
1313,3,0,1.99,2.51,3.29
1314,1,0,5.33,5.33,5.33
1315,1,0,4.61,4.61,4.61
1316,1,1,4.63,4.63,4.63
1317,1,3,2.97,2.97,2.97
1318,1,1,4.27,4.27,4.27
1319,1,2,6.14,6.14,6.14
1320,1,0,5.25,5.25,5.25
1321,1,3,5.17,5.17,5.17
1322,1,2,3.61,3.61,3.61
1323,1,2,3.01,3.01,3.01
1324,1,2,2.49,2.49,2.49
1325,1,2,4.04,4.04,4.04
1326,1,4,5.11,5.11,5.11
1327,1,1,5.22,5.22,5.22
1328,1,4,5.32,5.32,5.32
1329,1,0,5.09,5.09,5.09
1330,1,3,3.15,3.15,3.15
1331,1,0,2.81,2.81,2.81
1332,1,0,4.27,4.27,4.27
1333,1,0,3.01,3.01,3.01
1334,1,1,5.015000000000001,5.015000000000001,5.015000000000001
1335,1,1,5.48,5.48,5.48
1336,2,0,1.79,2.31,2.83
1337,1,3,4.67,4.67,4.67
1338,1,1,2.01,2.01,2.01
1339,1,3,4.11,4.11,4.11
1340,1,0,5.17,5.17,5.17
1341,1,4,4.67,4.67,4.67
1342,1,1,2.39,2.39,2.39
1343,1,4,5.365,5.365,5.365
1344,1,4,2.28,2.28,2.28
1345,1,4,4.77,4.77,4.77
1346,1,2,5.27,5.27,5.27
1347,1,3,3.28,3.28,3.28
1348,1,2,4.95,4.95,4.95
1349,1,3,4.74,4.74,4.74
1350,1,3,5.56,5.56,5.56
1351,1,3,4.67,4.67,4.67
1352,1,4,2.54,2.54,2.54
1353,1,2,2.66,2.66,2.66
1354,1,2,6.18,6.18,6.18
1355,1,0,2.93,2.93,2.93
1356,1,1,4.52,4.52,4.52
1357,1,2,5.1,5.1,5.1
1358,1,4,4.79,4.79,4.79
1359,1,2,1.98,1.98,1.98
1360,1,3,4.36,4.36,4.36
1361,1,2,4.8,4.8,4.8
1362,1,3,3.26,3.26,3.26
1363,1,0,4.7,4.7,4.7
1364,1,1,4.59,4.59,4.59
1365,1,3,4.87,4.87,4.87
1366,1,2,2.51,2.51,2.51
1367,1,1,4.55,4.55,4.55
1368,1,3,4.42,4.42,4.42
1369,1,0,3.56,3.56,3.56
1370,1,0,5.33,5.33,5.33
1371,1,2,4.58,4.58,4.58
1372,1,0,3.39,3.39,3.39
1373,1,0,4.24,4.24,4.24
1374,1,4,4.56,4.56,4.56
1375,1,4,4.72,4.72,4.72
1376,1,2,5.3,5.3,5.3
1377,1,3,3.54,3.54,3.54
1378,1,4,3.92,3.92,3.92
1379,1,3,3.16,3.16,3.16
1380,1,2,5.79,5.79,5.79
1381,1,3,4.97,4.97,4.97
1382,1,2,5.21,5.21,5.21
1383,1,1,2.82,2.82,2.82
1384,1,3,5.06,5.06,5.06
1385,1,4,1.84,1.84,1.84
1386,1,0,4.53,4.53,4.53
1387,1,1,5.41,5.41,5.41
1388,1,3,4.02,4.02,4.02
1389,1,3,1.88,1.88,1.88
1390,1,1,6.23,6.23,6.23
1391,1,4,4.95,4.95,4.95
1392,1,3,4.81,4.81,4.81
1393,1,0,4.24,4.24,4.24
1394,1,1,4.74,4.74,4.74
1395,1,3,5.28,5.28,5.28
1396,1,4,4.66,4.66,4.66
1397,1,2,5.1,5.1,5.1
1398,1,0,4.85,4.85,4.85
1399,2,2,4.11,4.41,4.71
1400,1,2,4.93,4.93,4.93
1401,1,2,4.11,4.11,4.11
1402,1,3,4.16,4.16,4.16
1403,1,0,4.37,4.37,4.37
1404,1,4,3.66,3.66,3.66
1405,1,2,2.67,2.67,2.67
1406,1,4,5.08,5.08,5.08
1407,1,0,4.86,4.86,4.86
1408,1,0,6.14,6.14,6.14
1409,1,0,4.53,4.53,4.53
1410,1,2,5.31,5.31,5.31
1411,1,1,5.37,5.37,5.37
1412,1,0,5.33,5.33,5.33
1413,1,0,4.15,4.15,4.15
1414,1,2,3.5,3.5,3.5
1415,1,1,4.8,4.8,4.8
1416,1,1,5.14,5.14,5.14
1417,1,2,5.09,5.09,5.09
1418,1,1,5.1,5.1,5.1
1419,1,3,4.75,4.75,4.75
1420,3,1,4.53,4.97,5.58
1421,1,4,5.23,5.23,5.23
1422,1,3,4.61,4.61,4.61
1423,1,0,4.26,4.26,4.26
1424,1,4,4.42,4.42,4.42
1425,1,4,5.43,5.43,5.43
1426,1,2,4.56,4.56,4.56
1427,1,0,4.84,4.84,4.84
1428,1,2,4.63,4.63,4.63
1429,1,2,5.46,5.46,5.46
1430,1,1,5.82,5.82,5.82
1431,1,4,3.39,3.39,3.39
1432,1,3,4.11,4.11,4.11
1433,1,0,4.31,4.31,4.31
1434,1,2,4.39,4.39,4.39
1435,1,2,1.7,1.7,1.7
1436,1,3,4.73,4.73,4.73
1437,2,2,1.83,1.935,2.04
1438,1,2,4.18,4.18,4.18
1439,1,3,5.11,5.11,5.11
1440,2,3,1.77,1.8399999999999999,1.91
1441,1,1,5.09,5.09,5.09
1442,1,2,5.56,5.56,5.56
1443,1,1,4.87,4.87,4.87
1444,1,2,4.84,4.84,4.84
1445,1,2,3.78,3.78,3.78
1446,1,0,4.63,4.63,4.63
1447,1,3,4.4,4.4,4.4
1448,1,0,5.48,5.48,5.48
1449,1,4,4.41,4.41,4.41
1450,1,0,3.2,3.2,3.2
1451,1,4,5.05,5.05,5.05
1452,1,0,4.19,4.19,4.19
1453,1,2,5.4,5.4,5.4
1454,1,2,5.55,5.55,5.55
1455,1,4,5.27,5.27,5.27
1456,1,4,5.05,5.05,5.05
1457,1,2,4.57,4.57,4.57
1458,1,1,5.37,5.37,5.37
1459,1,1,4.56,4.56,4.56
1460,1,1,4.49,4.49,4.49
1461,1,2,4.09,4.09,4.09
1462,1,1,5.23,5.23,5.23
1463,1,3,4.67,4.67,4.67
1464,1,1,4.53,4.53,4.53
1465,1,3,4.98,4.98,4.98
1466,1,2,5.11,5.11,5.11
1467,1,4,4.54,4.54,4.54
1468,1,1,4.87,4.87,4.87
1469,1,2,3.87,3.87,3.87
1470,1,1,4.54,4.54,4.54
1471,1,4,5.69,5.69,5.69
1472,1,1,4.51,4.51,4.51
1473,1,0,5.22,5.22,5.22
1474,1,1,4.27,4.27,4.27
1475,1,2,4.81,4.81,4.81
1476,1,0,4.57,4.57,4.57
1477,1,2,5.24,5.24,5.24
1478,1,2,5.21,5.21,5.21
1479,1,2,4.34,4.34,4.34
1480,1,0,4.8,4.8,4.8
1481,1,4,4.86,4.86,4.86
1482,1,4,4.86,4.86,4.86
1483,1,3,3.19,3.19,3.19
1484,1,0,5.66,5.66,5.66
1485,1,3,6.32,6.32,6.32
1486,1,2,4.98,4.98,4.98
1487,1,4,4.96,4.96,4.96
1488,1,2,4.25,4.25,4.25
1489,1,1,4.61,4.61,4.61
1490,1,0,4.97,4.97,4.97
1491,1,0,2.69,2.69,2.69
1492,1,1,4.78,4.78,4.78
1493,1,2,5.16,5.16,5.16
1494,1,2,5.22,5.22,5.22
1495,1,1,3.9,3.9,3.9
1496,1,2,3.16,3.16,3.16
1497,1,1,5.09,5.09,5.09
1498,1,2,5.29,5.29,5.29
1499,1,1,4.68,4.68,4.68
1500,1,2,5.53,5.53,5.53
1501,1,3,4.13,4.13,4.13
1502,1,1,5.25,5.25,5.25
1503,1,3,3.91,3.91,3.91
1504,1,3,4.72,4.72,4.72
1505,1,4,3.16,3.16,3.16
1506,1,3,5.1,5.1,5.1
1507,1,2,4.69,4.69,4.69
1508,1,0,5.04,5.04,5.04
1509,1,1,4.52,4.52,4.52
1510,1,1,5.355,5.355,5.355
1511,1,4,5.08,5.08,5.08
1512,1,1,5.6,5.6,5.6
1513,1,1,4.65,4.65,4.65
1514,1,1,4.78,4.78,4.78
1515,2,2,1.86,2.565,3.27
1516,1,3,5.26,5.26,5.26
1517,1,1,1.79,1.79,1.79
1518,1,1,4.56,4.56,4.56
1519,1,0,2.77,2.77,2.77
1520,1,0,4.89,4.89,4.89
1521,1,2,4.6,4.6,4.6
1522,1,0,4.65,4.65,4.65
1523,1,0,4.4,4.4,4.4
1524,1,1,5.08,5.08,5.08
1525,1,1,5.2,5.2,5.2
1526,1,1,4.84,4.84,4.84
1527,1,0,1.86,1.86,1.86
1528,1,1,5.3,5.3,5.3
1529,1,2,2.97,2.97,2.97
1530,3,2,2.12,2.51,3.03
1531,1,1,2.93,2.93,2.93
1532,1,1,4.71,4.71,4.71
1533,1,4,4.29,4.29,4.29
1534,1,4,5.74,5.74,5.74
1535,1,0,5.59,5.59,5.59
1536,1,0,4.56,4.56,4.56
1537,1,1,4.31,4.31,4.31
1538,1,1,4.22,4.22,4.22
1539,1,2,4.79,4.79,4.79
1540,1,4,3.98,3.98,3.98
1541,1,4,4.7,4.7,4.7
1542,1,1,3.7,3.7,3.7
1543,1,2,4.96,4.96,4.96
1544,1,3,2.43,2.43,2.43
1545,1,2,5.41,5.41,5.41
1546,1,0,5.31,5.31,5.31
1547,1,4,4.5,4.5,4.5
1548,1,0,4.99,4.99,4.99
1549,1,2,4.65,4.65,4.65
1550,1,4,4.87,4.87,4.87
1551,1,1,5.99,5.99,5.99
1552,1,2,4.24,4.24,4.24
1553,1,3,1.85,1.85,1.85
1554,1,2,5.04,5.04,5.04
1555,1,3,5.25,5.25,5.25
1556,1,0,4.72,4.72,4.72
1557,1,4,4.51,4.51,4.51
1558,2,2,3.09,4.195,5.3
1559,1,2,4.49,4.49,4.49
1560,1,2,5.16,5.16,5.16
1561,1,3,4.66,4.66,4.66
1562,1,0,3.16,3.16,3.16
1563,1,1,4.43,4.43,4.43
1564,1,0,4.61,4.61,4.61
1565,1,4,4.5,4.5,4.5
1566,1,4,4.89,4.89,4.89
1567,1,0,6.205,6.205,6.205
1568,1,3,5.28,5.28,5.28
1569,1,3,4.93,4.93,4.93
1570,1,2,4.93,4.93,4.93
1571,1,1,5.19,5.19,5.19
1572,1,2,5.03,5.03,5.03
1573,1,3,6.13,6.13,6.13
1574,1,4,4.35,4.35,4.35
1575,1,4,5.12,5.12,5.12
1576,1,4,5.48,5.48,5.48
1577,1,0,2.13,2.13,2.13
1578,1,2,1.82,1.82,1.82
1579,1,0,5.16,5.16,5.16
1580,1,2,2.82,2.82,2.82
1581,1,2,5.13,5.13,5.13
1582,1,3,3.47,3.47,3.47
1583,2,2,5.13,5.395,5.66
1584,1,2,4.69,4.69,4.69
1585,1,2,5.69,5.69,5.69
1586,1,4,5.16,5.16,5.16
1587,1,0,5.63,5.63,5.63
1588,1,1,3.65,3.65,3.65
1589,1,0,4.73,4.73,4.73
1590,1,3,1.99,1.99,1.99
1591,1,4,5.55,5.55,5.55
1592,1,3,5.28,5.28,5.28
1593,1,1,3.61,3.61,3.61
1594,1,0,4.86,4.86,4.86
1595,1,2,3.95,3.95,3.95
1596,1,2,5.3,5.3,5.3
1597,1,4,5.67,5.67,5.67
1598,1,2,2.48,2.48,2.48
1599,1,3,4.69,4.69,4.69
1600,1,3,4.85,4.85,4.85
1601,1,0,2.34,2.34,2.34
1602,1,2,5.49,5.49,5.49
1603,1,2,4.68,4.68,4.68
1604,1,1,1.63,1.63,1.63
1605,1,0,5.26,5.26,5.26
1606,1,0,5.08,5.08,5.08
1607,1,4,4.75,4.75,4.75
1608,1,4,5.77,5.77,5.77
1609,1,1,5.62,5.62,5.62
1610,1,4,4.76,4.76,4.76
1611,1,2,4.66,4.66,4.66
1612,1,1,5.42,5.42,5.42
1613,1,2,4.67,4.67,4.67
1614,1,3,5.21,5.21,5.21
1615,1,1,2.82,2.82,2.82
1616,1,4,4.85,4.85,4.85
1617,1,2,4.65,4.65,4.65
1618,1,4,4.13,4.13,4.13
1619,2,0,3.99,4.26,4.53
1620,1,1,4.4,4.4,4.4
1621,1,0,4.21,4.21,4.21
1622,1,0,3.97,3.97,3.97
1623,1,1,4.175,4.175,4.175
1624,1,3,3.34,3.34,3.34
1625,1,4,5.51,5.51,5.51
1626,1,4,5.86,5.86,5.86
1627,1,1,4.32,4.32,4.32
1628,1,2,3.34,3.34,3.34
1629,1,4,4.1,4.1,4.1
1630,1,2,4.6,4.6,4.6
1631,1,3,4.94,4.94,4.94
1632,1,4,4.53,4.53,4.53
1633,1,2,4.64,4.64,4.64
1634,1,0,2.515,2.515,2.515
1635,1,3,3.29,3.29,3.29
1636,1,2,3.27,3.27,3.27
1637,1,0,6.06,6.06,6.06
1638,1,2,3.75,3.75,3.75
1639,1,4,4.77,4.77,4.77
1640,1,2,4.95,4.95,4.95
1641,1,4,6.325,6.325,6.325
1642,1,4,5.04,5.04,5.04
1643,1,3,5.47,5.47,5.47
1644,1,0,4.17,4.17,4.17
1645,1,3,3.53,3.53,3.53
1646,1,1,5.1,5.1,5.1
1647,1,0,5.36,5.36,5.36
1648,1,2,1.82,1.82,1.82
1649,1,2,4.73,4.73,4.73
1650,1,0,4.58,4.58,4.58
1651,1,1,4.2,4.2,4.2
1652,4,1,1.97,3.54,3.9
1653,1,0,2.06,2.06,2.06
1654,1,2,5.85,5.85,5.85
1655,1,4,3.47,3.47,3.47
1656,1,0,4.52,4.52,4.52
1657,1,4,4.94,4.94,4.94
1658,1,4,5.42,5.42,5.42
1659,1,1,1.77,1.77,1.77
1660,1,2,5.18,5.18,5.18
1661,1,1,4.56,4.56,4.56
1662,1,3,4.47,4.47,4.47
1663,1,1,5.42,5.42,5.42
1664,1,0,4.68,4.68,4.68
1665,1,0,5.25,5.25,5.25
1666,1,4,4.67,4.67,4.67
1667,1,1,4.3,4.3,4.3
1668,1,3,4.26,4.26,4.26
1669,1,0,4.46,4.46,4.46
1670,1,3,5.48,5.48,5.48
1671,1,1,4.6,4.6,4.6
1672,1,3,3.25,3.25,3.25
1673,1,2,5.58,5.58,5.58
1674,1,3,3.66,3.66,3.66
1675,1,3,5.14,5.14,5.14
1676,1,2,5.16,5.16,5.16
1677,1,0,3.68,3.68,3.68
1678,1,2,5.35,5.35,5.35
1679,1,0,4.95,4.95,4.95
1680,1,1,4.26,4.26,4.26
1681,1,4,5.47,5.47,5.47
1682,1,4,3.91,3.91,3.91
1683,1,1,4.83,4.83,4.83
1684,1,2,5.04,5.04,5.04
1685,1,2,4.03,4.03,4.03
1686,1,2,5.14,5.14,5.14
1687,1,0,5.36,5.36,5.36
1688,1,2,5.28,5.28,5.28
1689,1,2,5.07,5.07,5.07
1690,1,3,5.15,5.15,5.15
1691,1,2,4.1,4.1,4.1
1692,1,1,5.22,5.22,5.22
1693,1,1,4.84,4.84,4.84
1694,1,4,5.37,5.37,5.37
1695,1,1,3.76,3.76,3.76
1696,1,3,4.73,4.73,4.73
1697,1,2,5.66,5.66,5.66
1698,1,2,4.12,4.12,4.12
1699,1,1,3.87,3.87,3.87
1700,1,3,4.66,4.66,4.66
1701,1,1,3.92,3.92,3.92
1702,1,2,5.18,5.18,5.18
1703,2,1,5.27,5.425,5.58
1704,1,2,4.6,4.6,4.6
1705,1,0,4.61,4.61,4.61
1706,1,2,4.18,4.18,4.18
1707,1,0,3.61,3.61,3.61
1708,1,2,2.86,2.86,2.86
1709,1,3,4.65,4.65,4.65
1710,1,4,5.31,5.31,5.31
1711,2,0,5.37,5.525,5.68
1712,1,0,5.84,5.84,5.84
1713,1,1,5.06,5.06,5.06
1714,1,0,5.07,5.07,5.07
1715,1,0,4.47,4.47,4.47
1716,1,2,5.15,5.15,5.15
1717,1,0,5.0,5.0,5.0
1718,1,0,5.3,5.3,5.3
1719,1,3,3.32,3.32,3.32
1720,1,3,3.57,3.57,3.57
1721,1,1,4.86,4.86,4.86
1722,1,0,4.1,4.1,4.1
1723,1,2,3.16,3.16,3.16
1724,1,4,4.85,4.85,4.85
1725,1,4,3.56,3.56,3.56
1726,1,1,4.41,4.41,4.41
1727,1,3,4.57,4.57,4.57
1728,1,3,4.81,4.81,4.81
1729,1,3,4.65,4.65,4.65
1730,1,4,4.95,4.95,4.95
1731,1,3,4.7,4.7,4.7
1732,1,3,4.83,4.83,4.83
1733,1,3,5.76,5.76,5.76
1734,1,4,4.66,4.66,4.66
1735,1,1,4.77,4.77,4.77
1736,1,3,5.07,5.07,5.07
1737,1,1,5.19,5.19,5.19
1738,1,0,4.8,4.8,4.8
1739,1,2,4.42,4.42,4.42
1740,1,0,3.33,3.33,3.33
1741,1,2,4.41,4.41,4.41
1742,1,2,5.07,5.07,5.07
1743,1,0,4.83,4.83,4.83
1744,1,4,2.6,2.6,2.6
1745,1,0,5.29,5.29,5.29
1746,1,1,5.08,5.08,5.08
1747,1,0,4.81,4.81,4.81
1748,1,1,1.96,1.96,1.96
1749,1,1,4.13,4.13,4.13
1750,1,2,4.21,4.21,4.21
1751,1,0,4.58,4.58,4.58
1752,1,2,3.42,3.42,3.42
1753,1,0,2.65,2.65,2.65
1754,1,2,4.42,4.42,4.42
1755,1,4,4.07,4.07,4.07
1756,1,1,5.68,5.68,5.68
1757,1,3,5.44,5.44,5.44
1758,1,3,5.44,5.44,5.44
1759,1,0,3.33,3.33,3.33
1760,1,1,5.12,5.12,5.12
1761,1,2,4.35,4.35,4.35
1762,1,4,4.65,4.65,4.65
1763,1,0,5.01,5.01,5.01
1764,1,4,4.65,4.65,4.65
1765,1,3,4.8,4.8,4.8
1766,1,3,4.93,4.93,4.93
1767,1,1,5.12,5.12,5.12
1768,1,4,5.91,5.91,5.91
1769,1,3,5.31,5.31,5.31
1770,1,4,4.19,4.19,4.19
1771,1,4,4.72,4.72,4.72
1772,1,1,5.37,5.37,5.37
1773,1,1,5.01,5.01,5.01
1774,1,2,1.85,1.85,1.85
1775,1,2,4.89,4.89,4.89
1776,1,0,4.69,4.69,4.69
1777,1,4,4.6,4.6,4.6
1778,1,2,2.36,2.36,2.36
1779,1,0,4.48,4.48,4.48
1780,1,0,4.78,4.78,4.78
1781,1,2,5.59,5.59,5.59
1782,1,3,2.9,2.9,2.9
1783,1,0,5.82,5.82,5.82
1784,1,3,5.54,5.54,5.54
1785,1,1,1.89,1.89,1.89
1786,1,1,4.88,4.88,4.88
1787,1,2,5.07,5.07,5.07
1788,1,1,3.58,3.58,3.58
1789,1,0,4.2,4.2,4.2
1790,1,4,4.81,4.81,4.81
1791,1,2,6.195,6.195,6.195
1792,1,4,2.82,2.82,2.82
1793,1,2,5.32,5.32,5.32
1794,1,2,4.88,4.88,4.88
1795,1,0,3.98,3.98,3.98
1796,1,1,5.69,5.69,5.69
1797,1,2,5.2,5.2,5.2
1798,1,3,5.08,5.08,5.08
1799,1,2,4.2,4.2,4.2
1800,1,4,6.0,6.0,6.0
1801,1,2,4.21,4.21,4.21
1802,1,4,2.82,2.82,2.82
1803,1,1,1.99,1.99,1.99
1804,1,0,4.94,4.94,4.94
1805,1,3,5.19,5.19,5.19
1806,1,4,5.28,5.28,5.28
1807,1,2,4.35,4.35,4.35
1808,1,0,4.81,4.81,4.81
1809,1,3,3.17,3.17,3.17
1810,1,4,5.04,5.04,5.04
1811,1,0,2.69,2.69,2.69
1812,1,3,4.75,4.75,4.75
1813,1,3,2.05,2.05,2.05
1814,1,3,5.02,5.02,5.02
1815,1,2,5.38,5.38,5.38
1816,1,0,4.7,4.7,4.7
1817,1,2,4.7,4.7,4.7
1818,1,4,5.23,5.23,5.23
1819,1,4,4.46,4.46,4.46
1820,1,1,4.92,4.92,4.92
1821,1,0,3.91,3.91,3.91
1822,1,3,3.6,3.6,3.6
1823,2,2,4.28,4.41,4.54
1824,1,3,4.83,4.83,4.83
1825,1,3,4.55,4.55,4.55
1826,1,2,5.05,5.05,5.05
1827,1,4,3.03,3.03,3.03
1828,1,4,4.38,4.38,4.38
1829,1,4,4.87,4.87,4.87
1830,1,3,4.45,4.45,4.45
1831,1,2,3.6,3.6,3.6
1832,1,0,3.25,3.25,3.25
1833,1,2,4.43,4.43,4.43
1834,1,1,4.48,4.48,4.48
1835,1,0,3.14,3.14,3.14
1836,1,2,4.94,4.94,4.94
1837,1,2,5.71,5.71,5.71
1838,1,3,3.34,3.34,3.34
1839,1,0,4.8,4.8,4.8
1840,1,0,1.74,1.74,1.74
1841,1,2,4.81,4.81,4.81
1842,1,2,4.83,4.83,4.83
1843,1,3,4.2,4.2,4.2
1844,1,3,2.68,2.68,2.68
1845,1,4,5.66,5.66,5.66
1846,1,0,5.81,5.81,5.81
1847,1,4,4.93,4.93,4.93
1848,1,4,4.43,4.43,4.43
1849,2,3,2.83,4.18,5.53
1850,1,2,4.23,4.23,4.23
1851,1,3,5.29,5.29,5.29
1852,1,2,4.78,4.78,4.78
1853,1,0,4.44,4.44,4.44
1854,1,3,4.79,4.79,4.79
1855,1,0,5.52,5.52,5.52
1856,1,4,2.11,2.11,2.11
1857,1,3,4.96,4.96,4.96
1858,1,2,5.2,5.2,5.2
1859,1,4,4.87,4.87,4.87
1860,1,3,4.63,4.63,4.63
1861,1,3,4.19,4.19,4.19
1862,1,0,1.95,1.95,1.95
1863,1,1,5.08,5.08,5.08
1864,1,3,5.64,5.64,5.64
1865,1,1,2.73,2.73,2.73
1866,1,3,4.89,4.89,4.89
1867,1,0,4.95,4.95,4.95
1868,1,2,4.78,4.78,4.78
1869,1,1,2.02,2.02,2.02
1870,1,1,5.16,5.16,5.16
1871,1,2,4.35,4.35,4.35
1872,1,2,3.37,3.37,3.37
1873,1,1,4.46,4.46,4.46
1874,1,3,4.25,4.25,4.25
1875,1,4,3.26,3.26,3.26
1876,1,0,6.23,6.23,6.23
1877,1,2,4.53,4.53,4.53
1878,1,0,2.03,2.03,2.03
1879,1,2,1.62,1.62,1.62
1880,1,4,5.39,5.39,5.39
1881,1,4,5.02,5.02,5.02
1882,1,2,4.17,4.17,4.17
1883,1,3,5.25,5.25,5.25
1884,1,1,4.06,4.06,4.06
1885,1,1,2.61,2.61,2.61
1886,1,2,5.2,5.2,5.2
1887,1,0,4.77,4.77,4.77
1888,1,4,5.56,5.56,5.56
1889,1,0,4.78,4.78,4.78
1890,1,0,4.220000000000001,4.220000000000001,4.220000000000001
1891,1,4,1.9,1.9,1.9
1892,1,1,5.44,5.44,5.44
1893,1,1,3.75,3.75,3.75
1894,1,1,2.2,2.2,2.2
1895,1,0,4.98,4.98,4.98
1896,1,2,1.66,1.66,1.66
1897,1,1,4.45,4.45,4.45
1898,1,0,2.71,2.71,2.71
1899,1,0,5.32,5.32,5.32
1900,1,0,5.98,5.98,5.98
1901,1,2,5.38,5.38,5.38
1902,1,0,5.21,5.21,5.21
1903,1,2,5.43,5.43,5.43
1904,1,0,4.26,4.26,4.26
1905,1,2,4.68,4.68,4.68
1906,1,0,5.52,5.52,5.52
1907,1,4,5.22,5.22,5.22
1908,1,1,5.49,5.49,5.49
1909,1,3,5.0,5.0,5.0
1910,1,4,1.91,1.91,1.91
1911,1,1,5.28,5.28,5.28
1912,1,4,5.23,5.23,5.23
1913,1,1,3.92,3.92,3.92
1914,1,0,3.05,3.05,3.05
1915,1,1,3.25,3.25,3.25
1916,1,0,5.07,5.07,5.07
1917,1,1,3.14,3.14,3.14
1918,1,1,4.87,4.87,4.87
1919,2,1,2.54,3.605,4.67
1920,1,4,5.04,5.04,5.04
1921,1,4,5.15,5.15,5.15
1922,1,2,4.11,4.11,4.11
1923,1,3,5.98,5.98,5.98
1924,1,3,6.15,6.15,6.15
1925,2,1,4.54,4.595000000000001,4.65
1926,1,3,1.95,1.95,1.95
1927,1,4,5.41,5.41,5.41
1928,1,1,4.99,4.99,4.99
1929,1,1,4.64,4.64,4.64
1930,2,2,3.9,4.195,4.49
1931,1,3,3.03,3.03,3.03
1932,1,1,4.72,4.72,4.72
1933,1,4,5.34,5.34,5.34
1934,1,1,4.98,4.98,4.98
1935,1,0,5.88,5.88,5.88
1936,1,1,4.84,4.84,4.84
1937,1,1,5.4,5.4,5.4
1938,1,2,5.24,5.24,5.24
1939,1,2,4.24,4.24,4.24
1940,1,3,4.75,4.75,4.75
1941,1,0,3.77,3.77,3.77
1942,1,4,2.42,2.42,2.42
1943,2,2,1.97,2.5,3.03
1944,1,0,4.74,4.74,4.74
1945,1,3,4.95,4.95,4.95
1946,1,0,4.27,4.27,4.27
1947,1,1,5.04,5.04,5.04
1948,1,0,4.73,4.73,4.73
1949,1,1,5.6,5.6,5.6
1950,1,1,4.44,4.44,4.44
1951,1,1,3.63,3.63,3.63
1952,1,2,5.04,5.04,5.04
1953,1,4,3.8,3.8,3.8
1954,1,1,4.93,4.93,4.93
1955,1,4,2.86,2.86,2.86
1956,1,2,5.79,5.79,5.79
1957,1,3,4.76,4.76,4.76
1958,1,1,4.85,4.85,4.85
1959,1,3,4.68,4.68,4.68
1960,1,1,5.77,5.77,5.77
1961,1,3,3.62,3.62,3.62
1962,1,0,4.96,4.96,4.96
1963,1,3,5.1,5.1,5.1
1964,1,0,4.28,4.28,4.28
1965,1,0,4.41,4.41,4.41
1966,1,1,4.88,4.88,4.88
1967,1,4,4.95,4.95,4.95
1968,1,3,5.27,5.27,5.27
1969,1,1,5.12,5.12,5.12
1970,1,1,3.28,3.28,3.28
1971,1,2,2.1,2.1,2.1
1972,1,4,2.74,2.74,2.74
1973,1,4,4.57,4.57,4.57
1974,1,3,4.22,4.22,4.22
1975,1,2,3.92,3.92,3.92
1976,1,1,2.75,2.75,2.75
1977,1,2,4.71,4.71,4.71
1978,1,1,5.22,5.22,5.22
1979,1,1,4.21,4.21,4.21
1980,1,4,5.4,5.4,5.4
1981,1,1,4.44,4.44,4.44
1982,1,0,5.800000000000001,5.800000000000001,5.800000000000001
1983,3,3,2.9,3.0,3.69
1984,1,2,5.02,5.02,5.02
1985,1,2,4.705,4.705,4.705
1986,1,0,3.1,3.1,3.1
1987,1,1,3.03,3.03,3.03
1988,1,3,4.45,4.45,4.45
1989,1,2,5.78,5.78,5.78
1990,1,4,4.87,4.87,4.87
1991,1,1,5.25,5.25,5.25
1992,1,3,5.6,5.6,5.6
1993,1,4,3.27,3.27,3.27
1994,1,0,2.42,2.42,2.42
1995,1,2,4.59,4.59,4.59
1996,1,1,4.22,4.22,4.22
1997,1,1,1.68,1.68,1.68
1998,1,0,5.03,5.03,5.03
1999,1,0,2.15,2.15,2.15
2000,1,0,3.52,3.52,3.52
2001,1,3,4.86,4.86,4.86
2002,1,0,1.88,1.88,1.88
2003,1,0,5.77,5.77,5.77
2004,1,1,3.34,3.34,3.34
2005,1,0,4.42,4.42,4.42
2006,1,3,4.55,4.55,4.55
2007,1,3,4.6,4.6,4.6
2008,1,2,4.96,4.96,4.96
2009,1,1,4.56,4.56,4.56
2010,1,1,5.44,5.44,5.44
2011,1,2,5.3,5.3,5.3
2012,1,4,4.98,4.98,4.98
2013,1,2,3.49,3.49,3.49
2014,1,0,5.01,5.01,5.01
2015,1,4,3.26,3.26,3.26
2016,1,0,5.6,5.6,5.6
2017,1,3,5.33,5.33,5.33
2018,1,0,5.08,5.08,5.08
2019,1,3,4.79,4.79,4.79
2020,1,4,1.84,1.84,1.84
2021,1,2,4.38,4.38,4.38
2022,1,0,4.87,4.87,4.87
2023,1,3,5.33,5.33,5.33
2024,1,1,1.91,1.91,1.91
2025,1,3,4.38,4.38,4.38
2026,1,4,4.85,4.85,4.85
2027,1,1,4.84,4.84,4.84
2028,1,2,4.87,4.87,4.87
2029,1,4,5.85,5.85,5.85
2030,1,4,4.99,4.99,4.99
2031,1,2,2.55,2.55,2.55
2032,1,4,5.24,5.24,5.24
2033,1,2,5.51,5.51,5.51
2034,1,2,2.64,2.64,2.64
2035,1,3,4.65,4.65,4.65
2036,1,2,5.22,5.22,5.22
2037,1,4,4.82,4.82,4.82
2038,1,0,4.75,4.75,4.75
2039,1,4,2.43,2.43,2.43
2040,1,0,5.61,5.61,5.61
2041,1,4,4.77,4.77,4.77
2042,1,2,4.61,4.61,4.61
2043,1,0,4.72,4.72,4.72
2044,1,2,3.26,3.26,3.26
2045,1,3,3.52,3.52,3.52
2046,1,2,4.48,4.48,4.48
2047,1,2,3.69,3.69,3.69
2048,1,0,5.44,5.44,5.44
2049,1,1,3.46,3.46,3.46
2050,1,4,4.89,4.89,4.89
2051,1,1,3.69,3.69,3.69
2052,1,2,3.48,3.48,3.48
2053,1,4,2.23,2.23,2.23
2054,1,0,5.13,5.13,5.13
2055,1,4,4.78,4.78,4.78
2056,1,1,4.63,4.63,4.63
2057,1,2,4.24,4.24,4.24
2058,1,1,4.63,4.63,4.63
2059,1,1,4.57,4.57,4.57
2060,1,1,4.85,4.85,4.85
2061,1,0,4.77,4.77,4.77
2062,1,1,5.2,5.2,5.2
2063,1,3,4.45,4.45,4.45
2064,1,4,3.5,3.5,3.5
2065,1,1,4.55,4.55,4.55
2066,1,4,2.74,2.74,2.74
2067,1,0,4.96,4.96,4.96
2068,1,0,5.28,5.28,5.28
2069,1,1,4.91,4.91,4.91
2070,1,3,4.56,4.56,4.56
2071,1,1,5.01,5.01,5.01
2072,1,1,4.56,4.56,4.56
2073,1,1,4.95,4.95,4.95
2074,1,1,5.66,5.66,5.66
2075,1,4,5.18,5.18,5.18
2076,1,3,4.98,4.98,4.98
2077,1,3,3.18,3.18,3.18
2078,1,0,6.255,6.255,6.255
2079,1,0,5.02,5.02,5.02
2080,1,0,4.94,4.94,4.94
2081,1,4,3.82,3.82,3.82
2082,1,0,5.39,5.39,5.39
2083,1,0,2.88,2.88,2.88
2084,1,0,3.04,3.04,3.04
2085,1,0,5.14,5.14,5.14
2086,2,0,3.1,3.44,3.78
2087,1,2,5.24,5.24,5.24
2088,1,4,5.98,5.98,5.98
2089,1,4,5.11,5.11,5.11
2090,1,3,5.03,5.03,5.03
2091,1,3,1.83,1.83,1.83
2092,1,0,4.51,4.51,4.51
2093,1,2,2.06,2.06,2.06
2094,1,2,2.14,2.14,2.14
2095,1,0,3.52,3.52,3.52
2096,1,3,5.01,5.01,5.01
2097,1,2,4.58,4.58,4.58
2098,1,1,4.83,4.83,4.83
2099,1,0,6.215,6.215,6.215
2100,1,3,4.75,4.75,4.75
2101,1,2,2.22,2.22,2.22
2102,1,2,4.28,4.28,4.28
2103,1,3,5.3,5.3,5.3
2104,1,3,4.83,4.83,4.83
2105,1,3,6.105,6.105,6.105
2106,1,4,3.4,3.4,3.4
2107,1,1,5.42,5.42,5.42
2108,1,1,2.6,2.6,2.6
2109,1,0,4.62,4.62,4.62
2110,1,1,3.38,3.38,3.38
2111,1,4,3.92,3.92,3.92
2112,1,3,4.93,4.93,4.93
2113,2,0,2.97,3.6100000000000003,4.25
2114,1,4,5.27,5.27,5.27
2115,1,1,5.25,5.25,5.25
2116,1,4,4.53,4.53,4.53
2117,1,1,5.1,5.1,5.1
2118,1,0,4.93,4.93,4.93
2119,1,1,4.62,4.62,4.62
2120,1,2,5.95,5.95,5.95
2121,1,4,5.1,5.1,5.1
2122,1,3,5.33,5.33,5.33
2123,1,3,4.47,4.47,4.47
2124,1,3,5.22,5.22,5.22
2125,1,0,3.66,3.66,3.66
2126,1,0,5.3,5.3,5.3
2127,1,1,5.36,5.36,5.36
2128,1,3,5.16,5.16,5.16
2129,1,3,4.26,4.26,4.26
2130,1,4,5.81,5.81,5.81
2131,1,0,2.19,2.19,2.19
2132,1,0,5.6,5.6,5.6
2133,1,3,4.18,4.18,4.18
2134,2,3,4.13,4.85,5.57
2135,1,0,1.67,1.67,1.67
2136,1,2,3.99,3.99,3.99
2137,1,1,4.46,4.46,4.46
2138,1,3,3.51,3.51,3.51
2139,1,1,5.37,5.37,5.37
2140,1,3,4.89,4.89,4.89
2141,1,4,2.7,2.7,2.7
2142,1,4,4.8,4.8,4.8
2143,1,3,5.32,5.32,5.32
2144,1,1,5.01,5.01,5.01
2145,1,1,5.35,5.35,5.35
2146,1,1,5.57,5.57,5.57
2147,1,3,1.87,1.87,1.87
2148,1,3,4.68,4.68,4.68
2149,1,2,5.99,5.99,5.99
2150,1,3,4.79,4.79,4.79
2151,1,0,4.05,4.05,4.05
2152,1,3,3.49,3.49,3.49
2153,1,4,4.9,4.9,4.9
2154,1,4,4.33,4.33,4.33
2155,1,2,4.51,4.51,4.51
2156,1,4,5.57,5.57,5.57
2157,1,4,2.6,2.6,2.6
2158,1,2,4.0,4.0,4.0
2159,1,2,3.46,3.46,3.46
2160,1,1,4.6,4.6,4.6
2161,1,3,1.76,1.76,1.76
2162,1,3,4.37,4.37,4.37
2163,1,0,5.08,5.08,5.08
2164,1,2,6.37,6.37,6.37
2165,1,1,3.09,3.09,3.09
2166,1,4,5.16,5.16,5.16
2167,1,3,4.76,4.76,4.76
2168,1,2,5.34,5.34,5.34
2169,1,3,5.18,5.18,5.18
2170,1,2,4.01,4.01,4.01
2171,1,4,5.6,5.6,5.6
2172,1,1,6.325,6.325,6.325
2173,1,3,4.91,4.91,4.91
2174,1,2,4.86,4.86,4.86
2175,1,0,4.3,4.3,4.3
2176,1,3,1.77,1.77,1.77
2177,1,3,4.26,4.26,4.26
2178,2,3,3.94,4.41,4.88
2179,1,4,4.94,4.94,4.94
2180,1,0,4.24,4.24,4.24
2181,2,1,3.87,4.35,4.83
2182,1,1,5.955,5.955,5.955
2183,1,0,1.91,1.91,1.91
2184,1,1,4.69,4.69,4.69
2185,1,0,5.1,5.1,5.1
2186,1,2,5.51,5.51,5.51
2187,1,4,3.18,3.18,3.18
2188,1,2,4.63,4.63,4.63
2189,1,2,5.42,5.42,5.42
2190,1,2,4.74,4.74,4.74
2191,1,3,4.81,4.81,4.81
2192,1,4,4.98,4.98,4.98
2193,1,0,5.3,5.3,5.3
2194,1,4,4.63,4.63,4.63
2195,1,2,4.27,4.27,4.27
2196,1,3,3.18,3.18,3.18
2197,1,1,5.17,5.17,5.17
2198,1,3,4.58,4.58,4.58
2199,1,1,5.26,5.26,5.26
2200,1,4,4.91,4.91,4.91
2201,1,4,3.19,3.19,3.19
2202,1,1,4.84,4.84,4.84
2203,1,1,5.28,5.28,5.28
2204,1,1,4.43,4.43,4.43
2205,1,1,5.12,5.12,5.12
2206,1,3,5.02,5.02,5.02
2207,1,2,5.04,5.04,5.04
2208,1,0,5.67,5.67,5.67
2209,1,4,2.74,2.74,2.74
2210,2,1,5.04,5.105,5.17
2211,1,1,5.16,5.16,5.16
2212,1,0,4.38,4.38,4.38
2213,1,0,1.9,1.9,1.9
2214,1,3,3.49,3.49,3.49
2215,1,0,4.07,4.07,4.07
2216,1,0,1.73,1.73,1.73
2217,1,0,5.46,5.46,5.46
2218,1,0,1.78,1.78,1.78
2219,1,2,4.05,4.05,4.05
2220,1,1,5.4,5.4,5.4
2221,1,4,5.28,5.28,5.28
2222,1,0,4.73,4.73,4.73
2223,1,3,4.83,4.83,4.83
2224,1,4,5.4,5.4,5.4
2225,1,3,5.61,5.61,5.61
2226,1,3,4.9,4.9,4.9
2227,1,3,2.81,2.81,2.81
2228,1,3,2.33,2.33,2.33
2229,1,0,4.78,4.78,4.78
2230,1,4,3.2,3.2,3.2
2231,1,0,1.7,1.7,1.7
2232,1,4,2.31,2.31,2.31
2233,1,2,5.15,5.15,5.15
2234,1,3,4.89,4.89,4.89
2235,1,2,3.6,3.6,3.6
2236,1,2,5.44,5.44,5.44
2237,1,4,4.51,4.51,4.51
2238,1,0,4.82,4.82,4.82
2239,1,0,2.4,2.4,2.4
2240,1,2,3.82,3.82,3.82
2241,1,2,5.52,5.52,5.52
2242,1,4,5.5,5.5,5.5
2243,1,1,5.79,5.79,5.79
2244,1,2,1.72,1.72,1.72
2245,1,2,6.215,6.215,6.215
2246,1,1,4.92,4.92,4.92
2247,1,1,2.6,2.6,2.6
2248,1,0,4.94,4.94,4.94
2249,1,4,4.79,4.79,4.79
2250,1,2,3.76,3.76,3.76
2251,1,2,5.89,5.89,5.89
2252,1,3,1.75,1.75,1.75
2253,1,1,5.79,5.79,5.79
2254,1,0,4.94,4.94,4.94
2255,1,0,5.35,5.35,5.35
2256,1,4,4.81,4.81,4.81
2257,1,4,5.2,5.2,5.2
2258,1,1,4.57,4.57,4.57
2259,1,3,1.85,1.85,1.85
2260,1,2,4.36,4.36,4.36
2261,1,2,5.53,5.53,5.53
2262,1,2,5.09,5.09,5.09
2263,1,3,5.265000000000001,5.265000000000001,5.265000000000001
2264,1,3,3.2,3.2,3.2
2265,1,3,5.0,5.0,5.0
2266,1,3,2.48,2.48,2.48
2267,1,0,2.52,2.52,2.52
2268,1,3,4.83,4.83,4.83
2269,1,3,5.975,5.975,5.975
2270,1,2,2.86,2.86,2.86
2271,1,2,5.67,5.67,5.67
2272,1,0,4.51,4.51,4.51
2273,1,3,5.859999999999999,5.859999999999999,5.859999999999999
2274,1,4,5.36,5.36,5.36
2275,1,2,4.69,4.69,4.69
2276,1,2,5.01,5.01,5.01
2277,1,1,4.61,4.61,4.61
2278,1,1,5.1,5.1,5.1
2279,1,0,5.22,5.22,5.22
2280,1,1,5.33,5.33,5.33
2281,1,4,5.14,5.14,5.14
2282,1,3,3.04,3.04,3.04
2283,1,2,4.36,4.36,4.36
2284,1,2,5.37,5.37,5.37
2285,1,1,1.84,1.84,1.84
2286,1,0,5.64,5.64,5.64
2287,1,0,3.87,3.87,3.87
2288,1,1,4.43,4.43,4.43
2289,1,3,4.69,4.69,4.69
2290,1,0,3.43,3.43,3.43
2291,1,3,3.5,3.5,3.5
2292,1,1,5.29,5.29,5.29
2293,1,2,5.11,5.11,5.11
2294,1,0,3.37,3.37,3.37
2295,1,4,4.3,4.3,4.3
2296,1,2,5.09,5.09,5.09
2297,1,0,5.17,5.17,5.17
2298,1,4,4.51,4.51,4.51
2299,1,2,5.63,5.63,5.63
2300,1,4,5.15,5.15,5.15
2301,1,4,3.21,3.21,3.21
2302,1,4,4.9,4.9,4.9
2303,1,3,4.19,4.19,4.19
2304,1,1,4.52,4.52,4.52
2305,1,4,3.49,3.49,3.49
2306,1,3,5.2,5.2,5.2
2307,1,2,3.95,3.95,3.95
2308,1,3,6.39,6.39,6.39
2309,1,1,5.28,5.28,5.28
2310,1,1,3.81,3.81,3.81
2311,1,4,5.765000000000001,5.765000000000001,5.765000000000001
2312,1,1,3.91,3.91,3.91
2313,1,0,4.65,4.65,4.65
2314,1,4,4.88,4.88,4.88
2315,1,2,3.33,3.33,3.33
2316,1,3,2.77,2.77,2.77
2317,1,3,5.14,5.14,5.14
2318,1,2,3.8,3.8,3.8
2319,1,2,5.67,5.67,5.67
2320,1,0,5.2,5.2,5.2
2321,1,2,5.05,5.05,5.05
2322,1,0,6.0600000000000005,6.0600000000000005,6.0600000000000005
2323,1,1,4.93,4.93,4.93
2324,1,4,5.18,5.18,5.18
2325,1,1,4.78,4.78,4.78
2326,1,0,5.23,5.23,5.23
2327,1,4,4.86,4.86,4.86
2328,1,1,4.9,4.9,4.9
2329,1,1,4.45,4.45,4.45
2330,1,2,4.31,4.31,4.31
2331,1,2,4.86,4.86,4.86
2332,1,2,2.36,2.36,2.36
2333,1,3,2.02,2.02,2.02
2334,1,0,2.85,2.85,2.85
2335,1,0,2.83,2.83,2.83
2336,1,4,4.75,4.75,4.75
2337,1,2,4.65,4.65,4.65
2338,1,2,4.68,4.68,4.68
2339,1,1,4.68,4.68,4.68
2340,1,3,2.59,2.59,2.59
2341,1,2,2.56,2.56,2.56
2342,1,1,3.67,3.67,3.67
2343,1,2,3.63,3.63,3.63
2344,1,4,3.73,3.73,3.73
2345,1,1,4.16,4.16,4.16
2346,1,4,4.92,4.92,4.92
2347,1,2,6.125,6.125,6.125
2348,1,2,5.48,5.48,5.48
2349,1,3,5.87,5.87,5.87
2350,1,4,4.1,4.1,4.1
2351,1,1,5.14,5.14,5.14
2352,1,1,2.49,2.49,2.49
2353,1,0,2.45,2.45,2.45
2354,1,0,5.1,5.1,5.1
2355,1,2,5.2,5.2,5.2
2356,1,2,4.53,4.53,4.53
2357,1,4,4.07,4.07,4.07
2358,1,2,6.345000000000001,6.345000000000001,6.345000000000001
2359,1,1,2.28,2.28,2.28
2360,1,2,5.23,5.23,5.23
2361,1,4,5.25,5.25,5.25
2362,1,3,4.5,4.5,4.5
2363,1,3,1.91,1.91,1.91
2364,1,1,3.57,3.57,3.57
2365,1,0,4.94,4.94,4.94
2366,1,4,1.79,1.79,1.79
2367,1,2,5.51,5.51,5.51
2368,1,2,4.7,4.7,4.7
2369,2,1,4.2,4.585,4.97
2370,1,3,4.38,4.38,4.38
2371,1,2,2.92,2.92,2.92
2372,1,0,4.43,4.43,4.43
2373,1,0,4.56,4.56,4.56
2374,1,2,5.73,5.73,5.73
2375,1,3,4.73,4.73,4.73
2376,1,3,4.61,4.61,4.61
2377,1,2,4.86,4.86,4.86
2378,1,0,2.69,2.69,2.69
2379,1,1,3.08,3.08,3.08
2380,1,3,4.4,4.4,4.4
2381,1,1,3.66,3.66,3.66
2382,1,2,4.46,4.46,4.46
2383,1,4,2.93,2.93,2.93
2384,1,2,2.35,2.35,2.35
2385,1,2,1.83,1.83,1.83
2386,1,3,4.99,4.99,4.99
2387,1,1,5.12,5.12,5.12
2388,1,2,4.83,4.83,4.83
2389,1,2,1.96,1.96,1.96
2390,1,4,4.59,4.59,4.59
2391,1,4,4.46,4.46,4.46
2392,1,4,4.49,4.49,4.49
2393,1,0,5.3,5.3,5.3
2394,1,0,4.91,4.91,4.91
2395,1,1,2.76,2.76,2.76
2396,1,0,4.38,4.38,4.38
2397,1,0,4.55,4.55,4.55
2398,1,2,5.21,5.21,5.21
2399,1,0,4.0,4.0,4.0
2400,1,2,1.75,1.75,1.75
2401,1,3,5.15,5.15,5.15
2402,1,1,5.41,5.41,5.41
2403,1,3,5.16,5.16,5.16
2404,1,2,5.22,5.22,5.22
2405,1,2,5.14,5.14,5.14
2406,1,0,3.02,3.02,3.02
2407,1,2,2.96,2.96,2.96
2408,1,4,5.88,5.88,5.88
2409,1,4,3.94,3.94,3.94
2410,1,3,4.63,4.63,4.63
2411,1,2,5.63,5.63,5.63
2412,1,1,5.28,5.28,5.28
2413,1,1,4.45,4.45,4.45
2414,1,2,5.21,5.21,5.21
2415,1,1,4.29,4.29,4.29
2416,1,1,5.04,5.04,5.04
2417,1,2,4.86,4.86,4.86
2418,1,3,4.67,4.67,4.67
2419,1,4,4.34,4.34,4.34
2420,1,3,4.63,4.63,4.63
2421,1,3,5.18,5.18,5.18
2422,1,0,3.64,3.64,3.64
2423,1,1,4.58,4.58,4.58
2424,1,3,2.53,2.53,2.53
2425,1,4,5.19,5.19,5.19
2426,1,3,4.9,4.9,4.9
2427,1,0,1.73,1.73,1.73
2428,1,1,3.93,3.93,3.93
2429,1,4,2.83,2.83,2.83
2430,1,1,4.86,4.86,4.86
2431,1,2,5.64,5.64,5.64
2432,1,0,4.6,4.6,4.6
2433,1,2,3.52,3.52,3.52
2434,1,4,4.26,4.26,4.26
2435,1,0,4.11,4.11,4.11
2436,1,3,5.59,5.59,5.59
2437,1,4,5.82,5.82,5.82
2438,1,0,4.77,4.77,4.77
2439,1,4,5.54,5.54,5.54
2440,1,4,1.86,1.86,1.86
2441,1,2,4.86,4.86,4.86
2442,1,2,3.53,3.53,3.53
2443,1,3,5.48,5.48,5.48
2444,1,2,5.24,5.24,5.24
2445,1,4,5.11,5.11,5.11
2446,1,0,4.63,4.63,4.63
2447,1,2,4.49,4.49,4.49
2448,1,1,5.02,5.02,5.02
2449,1,4,5.44,5.44,5.44
2450,1,3,4.21,4.21,4.21
2451,1,3,2.53,2.53,2.53
2452,1,3,3.44,3.44,3.44
2453,1,2,3.58,3.58,3.58
2454,1,3,5.49,5.49,5.49
2455,1,2,4.74,4.74,4.74
2456,1,2,4.99,4.99,4.99
2457,1,1,3.34,3.34,3.34
2458,1,3,4.84,4.84,4.84
2459,1,0,3.4,3.4,3.4
2460,1,0,5.05,5.05,5.05
2461,2,0,4.69,4.945,5.2
2462,1,4,4.05,4.05,4.05
2463,1,3,4.72,4.72,4.72
2464,1,1,3.81,3.81,3.81
2465,1,4,4.78,4.78,4.78
2466,1,2,5.46,5.46,5.46
2467,1,3,4.79,4.79,4.79
2468,1,0,5.17,5.17,5.17
2469,1,2,2.67,2.67,2.67
2470,1,3,4.55,4.55,4.55
2471,1,3,4.5,4.5,4.5
2472,1,3,4.64,4.64,4.64
2473,1,4,6.26,6.26,6.26
2474,1,4,4.13,4.13,4.13
2475,1,1,4.09,4.09,4.09
2476,1,2,5.07,5.07,5.07
2477,2,1,4.74,4.75,4.76
2478,1,1,2.94,2.94,2.94
2479,1,0,3.86,3.86,3.86
2480,1,4,3.79,3.79,3.79
2481,1,3,4.5,4.5,4.5
2482,1,3,4.72,4.72,4.72
2483,1,2,1.76,1.76,1.76
2484,1,0,4.45,4.45,4.45
2485,1,2,2.4,2.4,2.4
2486,1,3,5.34,5.34,5.34
2487,1,2,4.42,4.42,4.42
2488,1,1,4.94,4.94,4.94
2489,1,2,5.65,5.65,5.65
2490,1,3,4.66,4.66,4.66
2491,1,3,3.25,3.25,3.25
2492,1,4,4.89,4.89,4.89
2493,1,0,5.67,5.67,5.67
2494,1,1,3.85,3.85,3.85
2495,1,1,4.81,4.81,4.81
2496,1,2,4.85,4.85,4.85
2497,1,1,3.79,3.79,3.79
2498,1,4,2.5,2.5,2.5
2499,1,1,3.28,3.28,3.28
2500,1,3,5.12,5.12,5.12
2501,1,0,3.33,3.33,3.33
2502,1,2,5.11,5.11,5.11
2503,1,3,4.79,4.79,4.79
2504,1,0,5.175,5.175,5.175
2505,1,2,3.88,3.88,3.88
2506,1,1,4.9,4.9,4.9
2507,1,2,4.64,4.64,4.64
2508,1,2,4.57,4.57,4.57
2509,1,3,2.88,2.88,2.88
2510,1,4,5.3,5.3,5.3
2511,1,3,5.1,5.1,5.1
2512,1,3,5.3,5.3,5.3
2513,1,0,5.05,5.05,5.05
2514,1,2,5.19,5.19,5.19
2515,1,1,5.47,5.47,5.47
2516,1,1,4.25,4.25,4.25
2517,1,4,5.09,5.09,5.09
2518,1,3,5.17,5.17,5.17
2519,1,4,4.28,4.28,4.28
2520,1,2,5.63,5.63,5.63
2521,1,2,5.55,5.55,5.55
2522,1,3,3.75,3.75,3.75
2523,1,0,6.22,6.22,6.22
2524,1,1,4.28,4.28,4.28
2525,1,2,4.44,4.44,4.44
2526,1,1,4.9,4.9,4.9
2527,1,4,1.79,1.79,1.79
2528,1,3,4.15,4.15,4.15
2529,1,1,6.855,6.855,6.855
2530,1,2,4.94,4.94,4.94
2531,1,1,2.79,2.79,2.79
2532,1,4,4.7,4.7,4.7
2533,1,0,4.97,4.97,4.97
2534,1,1,5.925000000000001,5.925000000000001,5.925000000000001
2535,1,0,5.62,5.62,5.62
2536,1,0,2.2,2.2,2.2
2537,1,3,4.64,4.64,4.64
2538,1,0,5.42,5.42,5.42
2539,1,4,1.89,1.89,1.89
2540,1,3,4.68,4.68,4.68
2541,1,4,4.85,4.85,4.85
2542,1,3,1.78,1.78,1.78
2543,1,3,4.82,4.82,4.82
2544,1,1,5.02,5.02,5.02
2545,1,4,5.11,5.11,5.11
2546,1,0,2.28,2.28,2.28
2547,1,0,4.42,4.42,4.42
2548,1,2,3.28,3.28,3.28
2549,1,3,3.68,3.68,3.68
2550,1,4,5.04,5.04,5.04
2551,1,3,5.76,5.76,5.76
2552,1,1,5.15,5.15,5.15
2553,1,0,5.66,5.66,5.66
2554,1,3,2.01,2.01,2.01
2555,1,0,5.09,5.09,5.09
2556,1,1,2.18,2.18,2.18
2557,1,1,3.0,3.0,3.0
2558,1,2,5.01,5.01,5.01
2559,1,3,4.47,4.47,4.47
2560,1,1,4.23,4.23,4.23
2561,1,4,2.57,2.57,2.57
2562,1,0,4.87,4.87,4.87
2563,1,0,4.57,4.57,4.57
2564,1,0,5.42,5.42,5.42
2565,1,1,5.54,5.54,5.54
2566,1,1,4.4,4.4,4.4
2567,1,2,2.37,2.37,2.37
2568,1,3,5.24,5.24,5.24
2569,1,2,4.82,4.82,4.82
2570,1,1,4.7,4.7,4.7
2571,1,1,4.7,4.7,4.7
2572,1,1,2.91,2.91,2.91
2573,1,4,5.38,5.38,5.38
2574,1,3,5.76,5.76,5.76
2575,1,2,5.404999999999999,5.404999999999999,5.404999999999999
2576,1,1,4.43,4.43,4.43
2577,1,3,2.05,2.05,2.05
2578,1,1,5.58,5.58,5.58
2579,1,2,4.16,4.16,4.16
2580,1,2,4.73,4.73,4.73
2581,1,2,5.45,5.45,5.45
2582,1,0,4.78,4.78,4.78
2583,1,2,5.61,5.61,5.61
2584,1,1,2.61,2.61,2.61
2585,1,2,4.65,4.65,4.65
2586,1,0,5.46,5.46,5.46
2587,1,0,2.69,2.69,2.69
2588,1,4,4.47,4.47,4.47
2589,1,1,4.85,4.85,4.85
2590,1,3,3.21,3.21,3.21
2591,2,1,6.12,6.405,6.69
2592,1,1,4.53,4.53,4.53
2593,1,0,1.89,1.89,1.89
2594,1,3,5.09,5.09,5.09
2595,1,0,4.1,4.1,4.1
2596,1,0,4.87,4.87,4.87
2597,1,2,1.81,1.81,1.81
2598,1,2,1.81,1.81,1.81
2599,1,0,5.83,5.83,5.83
2600,1,1,3.94,3.94,3.94
2601,1,0,4.83,4.83,4.83
2602,1,3,3.73,3.73,3.73
2603,1,2,4.39,4.39,4.39
2604,1,0,5.25,5.25,5.25
2605,1,3,5.84,5.84,5.84
2606,1,2,3.35,3.35,3.35
2607,1,0,5.32,5.32,5.32
2608,1,0,4.3,4.3,4.3
2609,1,1,3.94,3.94,3.94
2610,1,1,5.23,5.23,5.23
2611,1,3,4.68,4.68,4.68
2612,1,0,5.4,5.4,5.4
2613,1,0,4.46,4.46,4.46
2614,1,1,5.17,5.17,5.17
2615,1,1,4.76,4.76,4.76
2616,1,2,5.01,5.01,5.01
2617,1,4,4.04,4.04,4.04
2618,1,3,3.69,3.69,3.69
2619,1,4,4.99,4.99,4.99
2620,1,0,5.89,5.89,5.89
2621,1,2,4.57,4.57,4.57
2622,1,3,2.05,2.05,2.05
2623,1,0,3.33,3.33,3.33
2624,1,2,5.45,5.45,5.45
2625,1,0,3.31,3.31,3.31
2626,1,2,4.91,4.91,4.91
2627,1,3,5.68,5.68,5.68
2628,1,1,2.92,2.92,2.92
2629,1,2,4.92,4.92,4.92
2630,1,1,5.01,5.01,5.01
2631,1,0,2.08,2.08,2.08
2632,1,0,5.12,5.12,5.12
2633,1,0,3.39,3.39,3.39
2634,1,3,5.29,5.29,5.29
2635,1,1,2.51,2.51,2.51
2636,1,4,1.89,1.89,1.89
2637,1,1,5.88,5.88,5.88
2638,1,1,5.05,5.05,5.05
2639,1,2,5.32,5.32,5.32
2640,1,3,4.12,4.12,4.12
2641,1,1,5.2,5.2,5.2
2642,1,4,4.81,4.81,4.81
2643,1,3,3.97,3.97,3.97
2644,1,0,3.56,3.56,3.56
2645,1,1,5.13,5.13,5.13
2646,1,3,1.7,1.7,1.7
2647,1,3,4.01,4.01,4.01
2648,1,1,4.97,4.97,4.97
2649,1,1,4.95,4.95,4.95
2650,1,0,3.27,3.27,3.27
2651,1,3,5.18,5.18,5.18
2652,1,3,5.25,5.25,5.25
2653,1,1,4.97,4.97,4.97
2654,1,4,1.8,1.8,1.8
2655,1,2,5.029999999999999,5.029999999999999,5.029999999999999
2656,1,0,4.56,4.56,4.56
2657,1,4,5.22,5.22,5.22
2658,1,0,4.84,4.84,4.84
2659,1,3,4.55,4.55,4.55
2660,1,0,5.47,5.47,5.47
2661,1,1,4.49,4.49,4.49
2662,1,1,5.21,5.21,5.21
2663,1,0,3.53,3.53,3.53
2664,1,0,5.83,5.83,5.83
2665,1,0,4.35,4.35,4.35
2666,1,3,5.11,5.11,5.11
2667,1,3,5.27,5.27,5.27
2668,1,0,4.93,4.93,4.93
2669,1,2,4.89,4.89,4.89
2670,1,3,4.6,4.6,4.6
2671,1,3,4.47,4.47,4.47
2672,1,4,4.41,4.41,4.41
2673,1,1,5.09,5.09,5.09
2674,1,3,4.63,4.63,4.63
2675,1,0,4.64,4.64,4.64
2676,1,2,4.63,4.63,4.63
2677,1,1,5.02,5.02,5.02
2678,1,1,3.1100000000000003,3.1100000000000003,3.1100000000000003
2679,1,2,5.41,5.41,5.41
2680,1,1,5.5,5.5,5.5
2681,1,4,1.8,1.8,1.8
2682,1,2,5.19,5.19,5.19
2683,1,3,2.64,2.64,2.64
2684,1,0,4.63,4.63,4.63
2685,1,2,4.57,4.57,4.57
2686,1,3,5.19,5.19,5.19
2687,1,3,3.67,3.67,3.67
2688,1,3,4.41,4.41,4.41
2689,1,0,3.89,3.89,3.89
2690,1,0,4.85,4.85,4.85
2691,1,4,4.19,4.19,4.19
2692,1,2,2.42,2.42,2.42
2693,1,4,5.22,5.22,5.22
2694,1,2,4.19,4.19,4.19
2695,1,2,4.39,4.39,4.39
2696,1,0,3.76,3.76,3.76
2697,1,0,4.98,4.98,4.98
2698,1,4,5.2,5.2,5.2
2699,1,4,4.79,4.79,4.79
2700,1,0,4.53,4.53,4.53
2701,1,3,5.28,5.28,5.28
2702,1,0,4.78,4.78,4.78
2703,1,3,4.5,4.5,4.5
2704,1,4,4.48,4.48,4.48
2705,1,1,3.63,3.63,3.63
2706,1,3,4.46,4.46,4.46
2707,1,1,2.94,2.94,2.94
2708,1,1,5.12,5.12,5.12
2709,1,0,4.4,4.4,4.4
2710,1,3,4.87,4.87,4.87
2711,1,4,4.4,4.4,4.4
2712,1,1,5.32,5.32,5.32
2713,1,0,4.43,4.43,4.43
2714,1,3,3.73,3.73,3.73
2715,1,2,5.22,5.22,5.22
2716,1,3,4.26,4.26,4.26
2717,1,0,2.97,2.97,2.97
2718,1,2,5.07,5.07,5.07
2719,1,4,5.22,5.22,5.22
2720,1,4,5.26,5.26,5.26
2721,1,0,4.36,4.36,4.36
2722,1,3,5.6,5.6,5.6
2723,1,0,5.48,5.48,5.48
2724,1,0,4.19,4.19,4.19
2725,1,3,4.4,4.4,4.4
2726,1,0,4.08,4.08,4.08
2727,1,4,4.69,4.69,4.69
2728,1,1,4.29,4.29,4.29
2729,1,2,5.35,5.35,5.35
2730,1,0,2.54,2.54,2.54
2731,1,2,5.8100000000000005,5.8100000000000005,5.8100000000000005
2732,1,0,5.59,5.59,5.59
2733,1,2,4.94,4.94,4.94
2734,1,1,5.17,5.17,5.17
2735,1,0,4.26,4.26,4.26
2736,1,1,5.09,5.09,5.09
2737,1,3,4.4,4.4,4.4
2738,1,4,4.38,4.38,4.38
2739,1,3,4.8,4.8,4.8
2740,1,1,5.21,5.21,5.21
2741,1,1,6.46,6.46,6.46
2742,1,0,5.7,5.7,5.7
2743,1,3,3.53,3.53,3.53
2744,1,0,4.08,4.08,4.08
2745,1,2,4.66,4.66,4.66
2746,1,3,5.555,5.555,5.555
2747,1,4,4.77,4.77,4.77
2748,1,0,5.28,5.28,5.28
2749,1,2,5.23,5.23,5.23
2750,1,1,4.89,4.89,4.89
2751,1,3,5.53,5.53,5.53
2752,1,1,1.74,1.74,1.74
2753,1,0,3.9,3.9,3.9
2754,1,2,5.6,5.6,5.6
2755,1,1,2.32,2.32,2.32
2756,1,4,4.51,4.51,4.51
2757,1,1,4.95,4.95,4.95
2758,1,4,4.12,4.12,4.12
2759,1,4,4.58,4.58,4.58
2760,1,4,5.2,5.2,5.2
2761,1,4,2.62,2.62,2.62
2762,1,2,3.97,3.97,3.97
2763,1,3,4.7,4.7,4.7
2764,1,4,5.2,5.2,5.2
2765,1,0,4.57,4.57,4.57
2766,1,2,2.51,2.51,2.51
2767,1,0,2.97,2.97,2.97
2768,1,3,1.79,1.79,1.79
2769,1,4,5.35,5.35,5.35
2770,1,4,3.23,3.23,3.23
2771,1,3,4.5,4.5,4.5
2772,1,4,1.73,1.73,1.73
2773,1,4,3.19,3.19,3.19
2774,1,1,5.29,5.29,5.29
2775,1,1,1.75,1.75,1.75
2776,1,4,4.57,4.57,4.57
2777,1,3,4.65,4.65,4.65
2778,1,4,2.76,2.76,2.76
2779,1,3,4.13,4.13,4.13
2780,1,2,5.0,5.0,5.0
2781,1,3,5.55,5.55,5.55
2782,1,0,3.96,3.96,3.96
2783,1,3,1.77,1.77,1.77
2784,1,1,5.83,5.83,5.83
2785,1,3,4.78,4.78,4.78
2786,1,4,5.04,5.04,5.04
2787,1,4,4.72,4.72,4.72
2788,1,0,5.04,5.04,5.04
2789,1,4,4.11,4.11,4.11
2790,1,0,5.41,5.41,5.41
2791,1,2,3.43,3.43,3.43
2792,1,2,4.95,4.95,4.95
2793,1,1,2.26,2.26,2.26
2794,1,0,4.67,4.67,4.67
2795,1,2,4.5,4.5,4.5
2796,1,0,4.93,4.93,4.93
2797,1,3,3.58,3.58,3.58
2798,1,4,6.140000000000001,6.140000000000001,6.140000000000001
2799,1,3,4.18,4.18,4.18
2800,1,2,3.62,3.62,3.62
2801,1,1,4.15,4.15,4.15
2802,1,0,4.88,4.88,4.88
2803,1,3,4.52,4.52,4.52
2804,1,2,4.63,4.63,4.63
2805,1,3,2.59,2.59,2.59
2806,1,4,5.58,5.58,5.58
2807,1,4,4.11,4.11,4.11
2808,1,1,5.915,5.915,5.915
2809,1,4,4.22,4.22,4.22
2810,1,0,1.76,1.76,1.76
2811,1,1,5.15,5.15,5.15
2812,1,0,4.56,4.56,4.56
2813,1,0,2.45,2.45,2.45
2814,1,3,6.115,6.115,6.115
2815,1,0,4.68,4.68,4.68
2816,1,3,5.13,5.13,5.13
2817,1,1,4.87,4.87,4.87
2818,1,4,3.64,3.64,3.64
2819,1,4,5.39,5.39,5.39
2820,1,0,2.39,2.39,2.39
2821,1,4,4.46,4.46,4.46
2822,1,2,5.76,5.76,5.76
2823,1,3,3.4,3.4,3.4
2824,1,0,4.5,4.5,4.5
2825,1,0,5.41,5.41,5.41
2826,1,2,3.62,3.62,3.62
2827,1,1,3.55,3.55,3.55
2828,1,1,4.6,4.6,4.6
2829,1,1,5.02,5.02,5.02
2830,1,3,2.89,2.89,2.89
2831,1,3,3.63,3.63,3.63
2832,1,3,6.02,6.02,6.02
2833,1,2,4.34,4.34,4.34
2834,1,4,5.4,5.4,5.4
2835,1,4,3.85,3.85,3.85
2836,1,2,5.37,5.37,5.37
2837,1,0,4.61,4.61,4.61
2838,1,2,2.73,2.73,2.73
2839,1,0,5.16,5.16,5.16
2840,1,4,5.06,5.06,5.06
2841,1,1,4.07,4.07,4.07
2842,1,4,4.09,4.09,4.09
2843,1,2,4.98,4.98,4.98
2844,1,0,4.26,4.26,4.26
2845,1,2,5.52,5.52,5.52
2846,1,3,4.87,4.87,4.87
2847,1,2,4.39,4.39,4.39
2848,1,2,4.17,4.17,4.17
2849,1,4,5.0,5.0,5.0
2850,1,3,4.62,4.62,4.62
2851,1,3,5.25,5.25,5.25
2852,1,2,4.77,4.77,4.77
2853,1,0,2.55,2.55,2.55
2854,1,3,4.74,4.74,4.74
2855,1,0,4.62,4.62,4.62
2856,1,1,5.77,5.77,5.77
2857,1,0,4.85,4.85,4.85
2858,1,2,5.6,5.6,5.6
2859,1,1,3.81,3.81,3.81
2860,1,4,4.74,4.74,4.74
2861,1,1,3.0,3.0,3.0
2862,1,2,6.22,6.22,6.22
2863,1,2,4.04,4.04,4.04
2864,1,1,1.74,1.74,1.74
2865,1,2,4.64,4.64,4.64
2866,1,1,2.5,2.5,2.5
2867,1,0,3.53,3.53,3.53
2868,1,2,2.67,2.67,2.67
2869,1,0,4.82,4.82,4.82
2870,1,0,5.19,5.19,5.19
2871,1,1,5.43,5.43,5.43
2872,1,4,2.76,2.76,2.76
2873,1,4,1.95,1.95,1.95
2874,1,2,4.79,4.79,4.79
2875,1,3,5.78,5.78,5.78
2876,1,1,4.93,4.93,4.93
2877,1,0,5.91,5.91,5.91
2878,1,4,4.39,4.39,4.39
2879,1,4,4.98,4.98,4.98
2880,1,2,4.89,4.89,4.89
2881,1,1,5.82,5.82,5.82
2882,1,2,5.74,5.74,5.74
2883,1,2,4.45,4.45,4.45
2884,1,2,5.29,5.29,5.29
2885,1,1,4.72,4.72,4.72
2886,1,3,1.78,1.78,1.78
2887,1,2,5.46,5.46,5.46
2888,1,4,4.43,4.43,4.43
2889,1,3,5.71,5.71,5.71
2890,1,3,5.05,5.05,5.05
2891,1,4,5.18,5.18,5.18
2892,1,3,5.13,5.13,5.13
2893,1,0,6.43,6.43,6.43
2894,1,1,5.43,5.43,5.43
2895,1,2,4.71,4.71,4.71
2896,1,3,4.15,4.15,4.15
2897,1,2,3.92,3.92,3.92
2898,1,3,5.56,5.56,5.56
2899,1,2,5.34,5.34,5.34
2900,1,0,3.98,3.98,3.98
2901,1,4,2.45,2.45,2.45
2902,1,4,4.94,4.94,4.94
2903,1,1,5.64,5.64,5.64
2904,1,2,4.79,4.79,4.79
2905,1,0,4.68,4.68,4.68
2906,1,4,5.27,5.27,5.27
2907,1,4,2.61,2.61,2.61
2908,1,4,5.03,5.03,5.03
2909,1,0,5.58,5.58,5.58
2910,1,2,4.45,4.45,4.45
2911,1,3,5.39,5.39,5.39
2912,1,0,4.92,4.92,4.92
2913,1,4,4.32,4.32,4.32
2914,1,3,1.88,1.88,1.88
2915,1,3,4.82,4.82,4.82
2916,1,1,4.41,4.41,4.41
2917,1,2,6.14,6.14,6.14
2918,1,0,5.14,5.14,5.14
2919,1,4,4.86,4.86,4.86
2920,1,1,5.39,5.39,5.39
2921,1,3,4.33,4.33,4.33
2922,1,3,3.14,3.14,3.14
2923,1,3,3.62,3.62,3.62
2924,1,0,4.84,4.84,4.84
2925,1,4,3.07,3.07,3.07
2926,1,3,4.875,4.875,4.875
2927,1,4,4.64,4.64,4.64
2928,1,3,4.89,4.89,4.89
2929,1,2,3.01,3.01,3.01
2930,1,1,4.35,4.35,4.35
