feature,gain
molfeat_desc2d_MolLogP,46876.961711360265
molfeat_pattern_fp_1066,8632.93174091226
molfeat_pattern_fp_1635,5315.018757905299
molfeat_pattern_fp_601,4803.55191359116
molfeat_desc2d_MolWt,4108.565329005549
molfeat_desc2d_SMR_VSA5,3638.06346337343
molfeat_desc2d_BCUT2D_CHGHI,2750.349114327962
molfeat_erg_fp_100,2447.198601729603
molfeat_estate_fp_10,1939.270699659898
molfeat_desc2d_MaxAbsEStateIndex,1659.0902629059158
molfeat_rdkit_count_fp_439,1573.6972136681957
molfeat_desc2d_PEOE_VSA6,1572.775073663745
molfeat_layered_fp_108,1459.8561895027756
molfeat_desc2d_VSA_EState2,1298.1356434137329
molfeat_desc2d_VSA_EState8,1260.1762705197702
molfeat_topological_count_fp_471,1257.6013854056248
molfeat_erg_fp_25,1141.8786307753442
molfeat_pharm2d_Desc_13,1050.8030916639661
molfeat_desc2d_SlogP_VSA8,1019.1879929042829
molfeat_desc2d_SMR_VSA3,1010.3147944781173
molfeat_desc2d_qed,909.181197654063
molfeat_pattern_fp_1679,803.1332054048777
molfeat_desc2d_BCUT2D_LOGPLOW,802.5461549005674
molfeat_layered_fp_2033,765.0933845211287
molfeat_pattern_fp_327,756.491333195893
molfeat_desc2d_TPSA,755.3385268074023
molfeat_desc2d_PEOE_VSA7,746.915062413027
molfeat_ecfp_count_fp_959,717.0609787306282
molfeat_secfp_fp_415,695.6682038013823
molfeat_desc2d_VSA_EState9,690.1094773939752
molfeat_erg_fp_101,688.3016734086792
molfeat_desc2d_FpDensityMorgan3,682.5476913868188
molfeat_desc2d_BCUT2D_CHGLO,679.0227480110043
molfeat_rdkit_count_fp_1858,665.1136672973632
molfeat_rdkit_count_fp_1898,660.2426987046143
molfeat_rdkit_count_fp_1355,653.4716604107816
molfeat_erg_fp_217,623.7436751700938
molfeat_pattern_fp_1792,619.9549573697616
rdkit_morgan_ecfp4_chiral_0694,614.980288240168
molfeat_rdkit_count_fp_773,600.0058276555501
molfeat_desc2d_SlogP_VSA5,591.0239057556289
molfeat_desc2d_AvgIpc,564.2290758120682
molfeat_rdkit_count_fp_1148,559.7784430194704
molfeat_ecfp_count_fp_1366,555.8150032579899
molfeat_desc2d_VSA_EState1,551.4514643636765
molfeat_pharm2d_Desc_826,529.39222522481
molfeat_desc2d_BCUT2D_MWHI,519.0828838079353
molfeat_desc2d_BCUT2D_MRLOW,517.8147337561852
molfeat_desc2d_BCUT2D_LOGPHI,499.4588183130312
rdkit_atompair_hashed_0900,491.6575605312246
molfeat_rdkit_count_fp_1027,479.1016628834419
molfeat_desc2d_BalabanJ,456.97883695534546
molfeat_rdkit_count_fp_631,455.9773473101435
molfeat_desc2d_EState_VSA7,447.8059984561347
molfeat_erg_fp_102,447.8055784719007
molfeat_erg_fp_99,427.8714338006859
molfeat_rdkit_count_fp_363,397.57637166501956
molfeat_desc2d_PEOE_VSA2,389.5143832867558
molfeat_desc2d_SPS,382.38357142235037
molfeat_rdkit_count_fp_323,378.6075967335317
molfeat_secfp_fp_1031,358.5156772272661
molfeat_desc2d_PEOE_VSA1,354.41018970371806
molfeat_desc2d_HallKierAlpha,349.42046513824897
molfeat_desc2d_EState_VSA4,346.5330349216645
molfeat_desc2d_FractionCSP3,343.75643030253707
molfeat_layered_fp_1601,337.53863155721336
molfeat_layered_fp_375,322.9856363385916
molfeat_rdkit_count_fp_600,315.5428017407656
molfeat_desc2d_SMR_VSA1,313.55729522511535
molfeat_rdkit_count_fp_409,301.0697633748699
molfeat_rdkit_count_fp_326,287.6279643362388
molfeat_desc2d_EState_VSA8,273.5516428742878
molfeat_rdkit_count_fp_1401,273.1370361347916
molfeat_layered_fp_655,266.365983981092
molfeat_pharm2d_Desc_1173,262.76409928786745
molfeat_erg_fp_98,258.9740770431061
molfeat_pharm2d_Desc_457,254.93105839609635
molfeat_topological_count_fp_920,252.64572079432546
molfeat_desc2d_FpDensityMorgan2,250.80471604100313
molfeat_pharm2d_Desc_702,250.4045072197914
molfeat_desc2d_EState_VSA3,249.9456320513942
molfeat_desc2d_VSA_EState7,248.21147982741823
molfeat_layered_fp_1555,247.34140612648625
molfeat_desc2d_BCUT2D_MRHI,245.65759453604696
molfeat_layered_fp_277,244.1445194972679
molfeat_desc2d_BCUT2D_MWLOW,239.35839836628875
molfeat_rdkit_count_fp_818,238.92493637042352
molfeat_desc2d_VSA_EState5,238.13229694766923
molfeat_desc2d_SlogP_VSA1,238.01547653216403
molfeat_desc2d_NOCount,225.12343153633992
molfeat_desc2d_EState_VSA6,214.41227716442663
molfeat_desc2d_SlogP_VSA2,211.2585767415032
molfeat_layered_fp_1726,209.63059797286988
molfeat_desc2d_PEOE_VSA8,208.59262936869928
molfeat_desc2d_PEOE_VSA10,206.86512682835163
molfeat_desc2d_PEOE_VSA9,205.47042842400552
molfeat_pharm2d_Desc_566,202.08929108856245
rdkit_morgan_ecfp4_chiral_0001,201.36144619178958
molfeat_erg_fp_85,200.83963661350427
molfeat_rdkit_fp_949,197.53738190272125
molfeat_pharm2d_Desc_29,196.7783732831478
molfeat_rdkit_fp_1315,196.0889307209756
molfeat_desc2d_VSA_EState3,194.86186128596893
molfeat_layered_fp_223,193.51289818286895
molfeat_topological_fp_49,190.21574748443672
molfeat_rdkit_count_fp_5,188.57800999721513
molfeat_rdkit_count_fp_1676,186.90740106761223
molfeat_rdkit_fp_861,185.0645855699433
molfeat_desc2d_BertzCT,184.20203785094782
molfeat_desc2d_FpDensityMorgan1,184.13364695496858
molfeat_desc2d_EState_VSA2,184.12601532340923
molfeat_desc2d_VSA_EState4,183.85597472465597
molfeat_layered_fp_1260,183.67317041158677
molfeat_desc2d_SMR_VSA6,180.7223598024022
molfeat_erg_fp_97,180.3109484953602
molfeat_avalon_fp_427,180.06745925359428
molfeat_rdkit_count_fp_1866,179.44546697234037
molfeat_rdkit_count_fp_1425,177.91631046198307
molfeat_desc2d_PEOE_VSA4,175.75715937046917
molfeat_avalon_fp_354,174.88960743660573
molfeat_desc2d_MinEStateIndex,173.41584442686582
molfeat_cats2d_AA_bins_4,172.33881127243802
molfeat_rdkit_fp_1813,171.70750134501722
molfeat_rdkit_count_fp_1451,171.14263304179767
molfeat_rdkit_count_fp_307,170.0711664135102
rdkit_morgan_ecfp4_chiral_1028,169.52535590552725
molfeat_rdkit_fp_1488,168.80013164471603
molfeat_desc2d_MinAbsEStateIndex,167.67426461302966
molfeat_topological_fp_1893,167.5147885987535
molfeat_rdkit_count_fp_1421,166.22683070815984
molfeat_rdkit_fp_536,165.76096566014456
molfeat_ecfp_count_fp_1088,162.93373768042073
molfeat_rdkit_count_fp_525,162.70162778618396
molfeat_layered_fp_1522,161.38043059350457
molfeat_desc2d_SlogP_VSA3,159.67207304264304
molfeat_rdkit_count_fp_1325,158.69405838442034
molfeat_desc2d_SMR_VSA7,156.58147211690084
molfeat_secfp_fp_419,154.71851650867612
molfeat_rdkit_count_fp_39,154.6760054638493
molfeat_rdkit_count_fp_603,154.55312492783415
molfeat_rdkit_count_fp_638,153.73108441323274
rdkit_atompair_hashed_1090,153.62030511796473
molfeat_rdkit_count_fp_1915,150.62149950168677
molfeat_rdkit_count_fp_1463,145.8115650946682
molfeat_desc2d_EState_VSA1,145.66585355795397
molfeat_desc2d_SMR_VSA10,145.50240234333032
molfeat_rdkit_count_fp_643,145.48368739353026
molfeat_rdkit_fp_297,144.97685538083314
molfeat_pharm2d_Desc_410,143.19850076287986
molfeat_rdkit_count_fp_488,142.31648844948504
molfeat_rdkit_count_fp_1571,142.17346112364902
molfeat_rdkit_count_fp_1745,142.06507529619847
molfeat_rdkit_count_fp_153,142.0290192630142
molfeat_layered_fp_468,141.0332160170423
molfeat_secfp_fp_1496,140.70465377569198
molfeat_rdkit_count_fp_981,139.861670388325
molfeat_erg_fp_156,139.8524282080296
molfeat_desc2d_EState_VSA5,137.2906112754572
molfeat_secfp_fp_105,136.97653140437325
molfeat_pattern_fp_476,136.64593323200825
molfeat_rdkit_fp_820,135.12684867233037
molfeat_rdkit_count_fp_1835,133.77919114538818
molfeat_rdkit_count_fp_915,132.48768974292034
molfeat_rdkit_count_fp_990,131.14167347120238
molfeat_pharm2d_Desc_159,130.9525753282942
rdkit_atompair_hashed_0321,130.84267704921075
molfeat_erg_fp_160,129.8958357465017
molfeat_topological_count_fp_95,129.82104374454357
molfeat_layered_fp_1409,129.71344528198242
molfeat_layered_fp_134,128.88177042007447
molfeat_layered_fp_872,128.84060749970376
molfeat_layered_fp_587,127.69964352420065
molfeat_rdkit_count_fp_1974,125.85934270734433
smarts_fg_alkene,125.75638701580465
molfeat_rdkit_count_fp_1060,125.06861158279352
molfeat_topological_fp_382,124.9608758142218
molfeat_erg_fp_22,124.61180949629633
molfeat_layered_fp_362,123.81463865814149
molfeat_rdkit_count_fp_1759,123.77000968778157
molfeat_layered_fp_907,123.03650409611873
molfeat_rdkit_count_fp_1201,122.7782529360964
molfeat_rdkit_count_fp_513,122.61154803626123
molfeat_rdkit_count_fp_1711,122.02328718341887
molfeat_rdkit_count_fp_1755,121.48733197681722
molfeat_rdkit_count_fp_1603,121.26063905209885
molfeat_secfp_fp_1400,117.68374998514773
molfeat_ecfp_fp_489,116.37035772093805
molfeat_layered_fp_489,115.71706904342281
molfeat_rdkit_count_fp_1424,115.63307115181814
molfeat_rdkit_count_fp_12,115.31834708703681
molfeat_rdkit_count_fp_982,114.78936230391264
molfeat_pattern_fp_721,114.00687264800072
molfeat_layered_fp_1137,113.80717646628618
molfeat_pattern_fp_1923,112.75773510932922
molfeat_rdkit_count_fp_1715,112.65349295440538
molfeat_desc2d_fr_para_hydroxylation,111.39624215142103
molfeat_cats2d_AR_bins_7,111.30462812972837
molfeat_rdkit_count_fp_1243,111.2251805783715
molfeat_pharm2d_Desc_1978,111.1490592956543
molfeat_rdkit_count_fp_435,110.8495564759185
molfeat_topological_fp_1717,110.6523634723504
molfeat_rdkit_count_fp_1470,109.93228232121328
rdkit_atompair_hashed_1680,109.43508084299974
molfeat_desc2d_EState_VSA9,109.19502020496584
molfeat_ecfp_count_fp_926,108.60720923077024
molfeat_avalon_fp_215,107.85629003769137
molfeat_scaffoldkeys_n_atom_in_chain,107.82149268303765
molfeat_rdkit_count_fp_670,107.11698752169032
molfeat_erg_fp_96,107.08155177627341
molfeat_layered_fp_768,106.99759819267202
molfeat_pattern_fp_981,106.64464163780212
molfeat_erg_fp_157,105.94101669397787
rdkit_atompair_hashed_1609,105.87119387760758
molfeat_erg_fp_152,104.57862053737918
molfeat_scaffoldkeys_n_bonds_atoms_with_at_least_one_nei_with_2_conn,103.74509163392068
molfeat_desc2d_NumRotatableBonds,103.59105178338068
molfeat_erg_fp_19,103.56030004305649
molfeat_secfp_fp_1468,103.22386538945139
molfeat_erg_fp_107,103.0695787421544
molfeat_rdkit_count_fp_863,103.03687960186508
rdkit_maccs_149,102.82835229525226
molfeat_topological_fp_409,102.1251252999762
molfeat_rdkit_count_fp_760,101.22503615649767
molfeat_pharm2d_Desc_950,100.68529971579555
rdkit_atompair_hashed_0512,100.47579506817274
molfeat_cats2d_AP_bins_3,99.69115609899163
molfeat_rdkit_fp_571,99.08433885378763
molfeat_scaffoldkeys_n_bonds_at_least_3_conn,98.939834302722
molfeat_rdkit_count_fp_836,98.48794041686924
molfeat_erg_fp_24,98.40942425376852
molfeat_desc2d_SlogP_VSA4,98.11157462020056
molfeat_avalon_fp_423,98.02635734677315
molfeat_desc2d_PEOE_VSA12,97.99714367811684
rdkit_atompair_hashed_0841,97.36650116099045
molfeat_rdkit_fp_284,96.75848818563391
molfeat_scaffoldkeys_n_atoms_not_in_conjugated_ring,96.15334812250221
molfeat_desc2d_PEOE_VSA3,95.36354766716832
molfeat_erg_fp_154,95.1801266779512
molfeat_layered_fp_1310,94.93574351251591
rdkit_maccs_116,94.01460309373797
molfeat_layered_fp_77,93.6866927372408
molfeat_topological_fp_1965,93.60832719892497
rdkit_atompair_hashed_0600,92.89756239876151
molfeat_rdkit_fp_1999,92.77935637827905
molfeat_erg_fp_20,92.5893896227295
molfeat_rdkit_fp_1490,92.54747537160293
molfeat_avalon_fp_399,92.53969034692273
molfeat_rdkit_count_fp_787,92.45409637833946
molfeat_rdkit_fp_649,91.14399681238574
molfeat_rdkit_fp_982,91.08029285866068
molfeat_pattern_fp_2022,91.06335528304335
molfeat_erg_fp_23,90.8300035201828
molfeat_rdkit_count_fp_1774,90.78955205149832
molfeat_rdkit_count_fp_1857,89.90382105782628
molfeat_ecfp_count_fp_1568,89.8660159101477
molfeat_cats2d_LR_bins_8,89.86003341511241
rdkit_atompair_hashed_1492,89.84462205693126
molfeat_rdkit_count_fp_1268,89.45430139729869
molfeat_layered_fp_230,89.02511786458781
rdkit_atompair_hashed_0489,88.12590442640939
molfeat_ecfp_count_fp_942,87.84837920973078
rdkit_atompair_hashed_1396,87.65126533248694
molfeat_erg_fp_159,86.92003283292289
rdkit_maccs_074,86.85726321935654
molfeat_pharm2d_Desc_838,86.78658234663308
molfeat_rdkit_fp_3,86.68707882475573
rdkit_atompair_hashed_1912,86.59297607541085
molfeat_erg_fp_26,86.36178798927577
rdkit_atompair_hashed_1188,86.02182415791322
rdkit_atompair_hashed_0625,85.72104615709395
molfeat_rdkit_count_fp_767,85.6986774526944
molfeat_erg_fp_92,85.66130533384566
molfeat_layered_fp_1277,85.54219905028586
molfeat_cats2d_AA_bins_3,85.41580990589281
molfeat_rdkit_fp_309,85.39065024132142
molfeat_layered_fp_1274,85.2848271621624
molfeat_erg_fp_151,85.26096256810123
molfeat_cats2d_DR_bins_1,85.0504760744283
molfeat_rdkit_count_fp_497,84.86804004888981
molfeat_rdkit_count_fp_2037,84.67509706891724
molfeat_topological_count_fp_1101,84.46116199811222
molfeat_rdkit_count_fp_1839,84.40063086923911
molfeat_rdkit_count_fp_1344,84.07708459823625
molfeat_layered_fp_695,83.61106110811234
molfeat_rdkit_count_fp_889,82.84057935271994
molfeat_layered_fp_349,82.55852785573806
molfeat_rdkit_count_fp_1508,82.19352805535308
molfeat_rdkit_count_fp_1250,81.3769098731107
molfeat_rdkit_count_fp_812,81.28578154284041
molfeat_rdkit_count_fp_608,81.25564016029239
molfeat_erg_fp_65,81.2271375621087
molfeat_layered_fp_1754,80.90894290667492
molfeat_rdkit_fp_1842,80.82962662479841
molfeat_rdkit_fp_1453,80.82412579674273
molfeat_pharm2d_Desc_807,80.37133970432915
molfeat_ecfp_count_fp_1917,79.7964812322869
molfeat_rdkit_fp_1929,79.17221672884189
molfeat_erg_fp_95,78.96002910810057
molfeat_rdkit_count_fp_1256,78.84462356752483
molfeat_layered_fp_660,78.4908516519121
molfeat_cats2d_RR_bins_8,78.32935275814961
molfeat_rdkit_count_fp_1488,78.20213027447463
rdkit_atompair_hashed_0340,78.10838801391655
rdkit_atompair_hashed_0877,78.04245121851564
molfeat_rdkit_count_fp_645,77.77423563836491
molfeat_rdkit_count_fp_619,77.35287523057778
molfeat_topological_count_fp_497,76.7117995625129
molfeat_layered_fp_465,76.38198065431789
rdkit_atompair_hashed_0273,75.87994112968445
molfeat_layered_fp_409,75.65854782755487
molfeat_rdkit_count_fp_1757,75.38735907268419
molfeat_pattern_fp_1813,75.02353868559003
molfeat_rdkit_count_fp_1300,74.16788626222406
molfeat_rdkit_fp_459,73.7277535840869
molfeat_rdkit_count_fp_1267,73.70772386154859
molfeat_layered_fp_1862,73.60078760227188
molfeat_layered_fp_650,73.16857364159077
molfeat_desc2d_Alerts,73.03121667110827
molfeat_erg_fp_21,72.61267159382696
rdkit_atompair_hashed_1624,72.55312071237131
molfeat_rdkit_count_fp_810,72.51056429027813
molfeat_rdkit_count_fp_1400,72.48077575718052
molfeat_rdkit_count_fp_855,72.24617559583858
molfeat_rdkit_fp_1837,71.88732616312919
rdkit_atompair_hashed_0481,71.68551609832794
molfeat_rdkit_fp_768,71.30236380996648
molfeat_rdkit_count_fp_1194,71.21345857005217
molfeat_rdkit_fp_252,70.92264096555883
molfeat_rdkit_count_fp_1598,70.90504781384952
molfeat_rdkit_count_fp_2047,70.70722725511295
molfeat_cats2d_AR_bins_6,70.6559504737379
molfeat_desc2d_NumHeterocycles,70.5602928945329
molfeat_rdkit_fp_1098,70.52080520160962
molfeat_cats2d_AR_bins_5,70.06893803776475
molfeat_rdkit_count_fp_633,70.0361223149608
molfeat_rdkit_count_fp_2041,69.8530683530029
molfeat_erg_fp_153,69.83476860407973
molfeat_erg_fp_150,69.82134318464087
molfeat_rdkit_count_fp_1134,69.58110885785428
molfeat_pattern_fp_266,69.34793651464861
molfeat_layered_fp_1542,69.33974265373544
molfeat_erg_fp_142,69.12118285621982
molfeat_rdkit_count_fp_609,69.09321267823398
molfeat_rdkit_count_fp_1659,69.08109389712918
molfeat_rdkit_fp_782,69.0653050951194
molfeat_rdkit_fp_1550,69.0409879480023
molfeat_erg_fp_18,68.85268631690997
molfeat_rdkit_count_fp_1479,68.6401198053849
molfeat_rdkit_count_fp_456,68.4853262770921
molfeat_rdkit_count_fp_206,68.44605920844478
molfeat_rdkit_fp_769,68.35129227787256
molfeat_rdkit_count_fp_1966,68.20041955477208
molfeat_rdkit_count_fp_671,67.92191157523193
molfeat_rdkit_fp_1715,67.42310056186398
molfeat_rdkit_fp_1741,67.36486788737821
molfeat_rdkit_count_fp_1890,67.17166030492517
molfeat_rdkit_fp_1412,66.75633313916623
molfeat_rdkit_count_fp_1732,66.50175589756108
molfeat_erg_fp_288,66.39933280211116
molfeat_layered_fp_1906,66.14139371328056
molfeat_avalon_fp_190,65.60872147951741
molfeat_rdkit_count_fp_1010,65.58886227928451
molfeat_erg_fp_91,65.4676636402146
molfeat_rdkit_fp_1125,65.08534938275697
molfeat_rdkit_fp_1755,65.02771133061033
molfeat_rdkit_fp_1582,64.84152728037444
molfeat_rdkit_count_fp_909,64.50317971651675
molfeat_rdkit_count_fp_1131,63.85564002054743
molfeat_rdkit_count_fp_618,63.84841794704844
molfeat_rdkit_count_fp_1592,63.61251751456875
molfeat_rdkit_fp_657,63.5461932646751
molfeat_rdkit_count_fp_116,63.4200099813228
molfeat_rdkit_count_fp_977,63.225975420890606
molfeat_layered_fp_1336,63.154526799719314
molfeat_rdkit_count_fp_1752,62.92225762013695
molfeat_layered_fp_888,62.913172245025635
molfeat_layered_fp_259,62.90835727453232
molfeat_rdkit_fp_1508,62.83238287803833
molfeat_rdkit_count_fp_1620,62.613899117015535
molfeat_ecfp_count_fp_1077,62.51551814740524
molfeat_rdkit_count_fp_579,62.460305313766
rdkit_atompair_hashed_0876,62.4458211774705
molfeat_topological_count_fp_94,62.368815194349736
molfeat_rdkit_count_fp_1234,62.245107008214106
molfeat_rdkit_count_fp_549,62.21427181934705
molfeat_erg_fp_17,62.206560726932366
molfeat_cats2d_AR_bins_4,62.136771926278016
molfeat_secfp_fp_186,62.11404097932391
molfeat_rdkit_fp_201,61.932966528879476
molfeat_desc2d_NumHeteroatoms,61.63903977291193
molfeat_pattern_fp_302,61.46847991943359
molfeat_rdkit_count_fp_1125,61.252001205703706
molfeat_erg_fp_158,61.17032983909594
molfeat_rdkit_count_fp_830,61.06929091560305
molfeat_rdkit_fp_638,60.94924696804956
molfeat_avalon_fp_383,60.53697835968342
molfeat_rdkit_count_fp_1216,60.30964190732921
molfeat_rdkit_count_fp_390,60.297464073754966
molfeat_layered_fp_1920,60.26640290473588
rdkit_atompair_hashed_0892,60.24712440669536
molfeat_rdkit_fp_1256,60.143940356723036
molfeat_topological_fp_1892,60.1293826397392
molfeat_rdkit_count_fp_1600,60.124006052617915
rdkit_atompair_hashed_1042,60.10581890590547
molfeat_rdkit_count_fp_948,59.96824296322884
molfeat_rdkit_count_fp_562,59.885408570012075
molfeat_rdkit_count_fp_1881,59.79368097470724
molfeat_avalon_fp_432,59.62899317207048
molfeat_layered_fp_564,59.522624406649264
molfeat_layered_fp_67,59.438427511719055
molfeat_rdkit_count_fp_900,59.32455103294924
molfeat_rdkit_count_fp_187,59.32434568991884
molfeat_rdkit_count_fp_1519,59.305774642998585
molfeat_pharm2d_Desc_6,59.270894168911035
molfeat_rdkit_count_fp_321,59.20614015999017
molfeat_rdkit_fp_1167,58.88880162537098
molfeat_ecfp_count_fp_652,58.88630074320245
molfeat_layered_fp_1175,58.86750939409249
molfeat_desc2d_SlogP_VSA10,58.842467433263664
molfeat_avalon_fp_303,58.57313711838797
molfeat_desc2d_EState_VSA10,58.57310525061912
molfeat_cats2d_DR_bins_5,58.376421198382744
molfeat_erg_fp_306,58.33704402468866
molfeat_layered_fp_565,58.310584906162696
molfeat_pharm2d_Desc_901,57.96490035188617
molfeat_avalon_fp_222,57.95209356113337
molfeat_rdkit_count_fp_1546,57.91466786529054
molfeat_rdkit_count_fp_71,57.90551629435504
molfeat_rdkit_fp_570,57.87704835478216
molfeat_pattern_fp_7,57.8240984436823
molfeat_rdkit_fp_129,57.80787019219715
molfeat_rdkit_count_fp_1097,57.79392162258155
molfeat_rdkit_count_fp_1662,57.756816750694995
molfeat_rdkit_fp_673,57.731932452786715
rdkit_atompair_hashed_0846,57.62973165512085
molfeat_rdkit_count_fp_180,57.542020227765896
molfeat_rdkit_count_fp_1889,57.43458287265385
molfeat_rdkit_count_fp_1999,57.21707646981813
molfeat_layered_fp_1467,57.11933898925781
molfeat_pattern_fp_902,56.915533390641215
molfeat_cats2d_AR_bins_8,56.87017580009124
molfeat_rdkit_count_fp_801,56.83046316099353
molfeat_rdkit_count_fp_972,56.783871789561815
molfeat_rdkit_fp_257,56.64421837377595
molfeat_rdkit_fp_354,56.5848015164258
molfeat_avalon_fp_233,56.56789517633151
molfeat_erg_fp_94,56.30284715553862
molfeat_rdkit_count_fp_201,56.14055870724842
rdkit_atompair_hashed_0460,55.999857132002944
molfeat_pattern_fp_1978,55.94282384393737
molfeat_rdkit_count_fp_1500,55.92834391404176
molfeat_rdkit_fp_30,55.90113474437967
molfeat_rdkit_count_fp_92,55.773563376616224
molfeat_rdkit_count_fp_1185,55.77221418248955
molfeat_layered_fp_1375,55.678955481853336
molfeat_secfp_fp_585,55.36953028855496
molfeat_rdkit_fp_340,55.31233003608649
molfeat_pattern_fp_1284,55.24008939843625
molfeat_rdkit_count_fp_1443,55.05771373304888
rdkit_atompair_hashed_1120,55.00240307669155
molfeat_rdkit_fp_1622,54.99623707071878
molfeat_cats2d_AR_bins_2,54.86702682551113
molfeat_pharm2d_Desc_80,54.84125467443373
rdkit_atompair_hashed_0480,54.81068059555255
molfeat_rdkit_fp_1035,54.647463303740366
molfeat_avalon_fp_452,54.60263536544517
molfeat_rdkit_fp_812,54.58673082224559
molfeat_rdkit_count_fp_1233,54.55280433290754
rdkit_atompair_hashed_0072,54.436783736932554
molfeat_layered_fp_1954,54.08030102197081
molfeat_rdkit_count_fp_1408,53.99035159163759
molfeat_scaffoldkeys_n_atom_exocyclic,53.9754757896997
molfeat_rdkit_count_fp_1223,53.84443088077533
molfeat_layered_fp_1668,53.749099749920425
molfeat_layered_fp_1864,53.64874221028295
molfeat_erg_fp_139,53.64108744917903
molfeat_rdkit_fp_1087,53.64036695534596
molfeat_rdkit_fp_371,53.603042733110485
molfeat_rdkit_count_fp_253,53.58261702667223
molfeat_erg_fp_93,53.576735678949625
molfeat_pharm2d_Desc_82,53.32725399911287
molfeat_rdkit_count_fp_1550,53.22754638387123
molfeat_erg_fp_137,53.17809527625504
molfeat_secfp_fp_1674,53.159666299819946
rdkit_atompair_hashed_1217,53.10956102265045
molfeat_rdkit_fp_522,52.48349233046174
molfeat_rdkit_count_fp_2015,52.32696097132284
molfeat_rdkit_count_fp_699,52.27681540816557
molfeat_layered_fp_1716,52.26622678411659
molfeat_scaffoldkeys_n_simple_rings_no_heteroatoms,52.18804214366246
molfeat_rdkit_count_fp_758,52.09957673390163
molfeat_erg_fp_138,52.07585974437825
molfeat_rdkit_count_fp_109,52.020438747410665
rdkit_atompair_hashed_1192,51.91721521355212
molfeat_rdkit_count_fp_301,51.818790565431115
molfeat_secfp_fp_1722,51.629586042277516
molfeat_rdkit_count_fp_1105,51.21544272997998
molfeat_rdkit_count_fp_622,51.13507783093955
molfeat_rdkit_count_fp_1584,51.114757555909456
molfeat_rdkit_count_fp_1680,51.06191495120292
molfeat_cats2d_LR_bins_4,51.014629876206165
molfeat_scaffoldkeys_n_atom_in_rings,50.963493079209
molfeat_rdkit_fp_1830,50.933132824476345
molfeat_rdkit_count_fp_472,50.90139198079705
molfeat_pattern_fp_2046,50.88725810474716
molfeat_rdkit_count_fp_1926,50.86587707537692
molfeat_erg_fp_78,50.81406008019112
molfeat_pharm2d_Desc_41,50.797536052949724
molfeat_rdkit_count_fp_1553,50.78362931713345
molfeat_rdkit_fp_1916,50.60479733463144
rdkit_morgan_ecfp4_chiral_1810,50.38904877499444
molfeat_rdkit_count_fp_449,50.35194726738846
molfeat_rdkit_fp_1967,50.30733142292593
molfeat_layered_fp_1519,50.303377637948145
molfeat_rdkit_fp_1629,50.25469196243212
molfeat_topological_fp_1325,50.200274768751115
molfeat_rdkit_count_fp_1720,50.17012542847078
molfeat_rdkit_count_fp_469,50.13182210931554
molfeat_avalon_fp_388,50.06507261942606
molfeat_rdkit_count_fp_246,50.0444865622354
molfeat_rdkit_fp_1542,49.97944108992815
molfeat_rdkit_fp_889,49.97438477548421
molfeat_avalon_fp_58,49.964442053699166
molfeat_rdkit_count_fp_1050,49.94030876467004
molfeat_rdkit_count_fp_1099,49.86340032735025
molfeat_rdkit_count_fp_1986,49.86289224915672
molfeat_rdkit_fp_1584,49.74505351968109
rdkit_atompair_hashed_0844,49.66055995388888
molfeat_layered_fp_406,49.648864299291745
molfeat_cats2d_AR_bins_1,49.540671260587985
molfeat_rdkit_fp_600,49.427604023792085
molfeat_layered_fp_397,49.39111037696712
molfeat_rdkit_count_fp_1088,49.3070620348386
molfeat_rdkit_fp_12,49.21366443646839
molfeat_rdkit_fp_504,49.199142616172324
molfeat_rdkit_count_fp_1044,49.18868558225222
molfeat_rdkit_count_fp_155,49.17991302835289
rdkit_maccs_019,49.16951456069946
molfeat_rdkit_count_fp_933,49.15494094314054
molfeat_rdkit_fp_1503,49.046296757692474
molfeat_layered_fp_1414,48.97903581474675
molfeat_rdkit_fp_408,48.86909548204858
molfeat_rdkit_count_fp_1049,48.85487177770701
molfeat_layered_fp_1309,48.65104671219306
molfeat_rdkit_count_fp_901,48.47574718410033
molfeat_rdkit_fp_72,48.42963726355229
molfeat_rdkit_fp_637,48.3352223309339
molfeat_rdkit_fp_84,48.22183546051383
molfeat_rdkit_fp_353,48.171551134606126
molfeat_layered_fp_895,48.149743908154775
molfeat_avalon_fp_14,48.13559478893876
rdkit_atompair_hashed_1061,47.97913335759658
molfeat_rdkit_count_fp_1469,47.92772993713152
molfeat_rdkit_count_fp_540,47.88694663621136
molfeat_rdkit_fp_1216,47.859538713778605
molfeat_avalon_fp_99,47.80546374652768
molfeat_rdkit_fp_1326,47.57022143892827
molfeat_secfp_fp_514,47.50446621179581
rdkit_morgan_ecfp4_chiral_0307,47.50291604481754
molfeat_pharm2d_Desc_548,47.40580108226277
molfeat_rdkit_count_fp_1242,47.349462139816026
molfeat_rdkit_fp_109,47.31448603986064
molfeat_rdkit_count_fp_401,47.198666480369866
molfeat_avalon_fp_481,46.97379088569433
molfeat_desc2d_SMR_VSA9,46.96500990614295
molfeat_rdkit_count_fp_407,46.91613636300317
molfeat_rdkit_fp_299,46.867858601530315
molfeat_rdkit_count_fp_1108,46.82232942056144
rdkit_atompair_hashed_1121,46.80229208040983
molfeat_rdkit_fp_941,46.70043554492295
molfeat_avalon_fp_311,46.65473826033995
molfeat_erg_fp_155,46.65282666716958
molfeat_layered_fp_583,46.59749067873345
molfeat_rdkit_count_fp_1133,46.58729552775621
molfeat_rdkit_fp_541,46.58658904770855
molfeat_avalon_fp_208,46.54304473521188
molfeat_pattern_fp_968,46.402460573613645
molfeat_layered_fp_106,46.2733560910332
molfeat_scaffoldkeys_n_carbon_atleast_2_heteroatoms,46.26931479983614
molfeat_rdkit_fp_499,46.10797906612279
molfeat_layered_fp_1439,46.03283224105835
molfeat_estate_fp_12,46.02913248069817
molfeat_ecfp_count_fp_1039,45.964188226492844
rdkit_atompair_hashed_0864,45.86742677748553
molfeat_rdkit_fp_1470,45.82838078404893
molfeat_layered_fp_824,45.80079419752583
molfeat_rdkit_count_fp_1789,45.58289953339845
rdkit_maccs_108,45.374236217211
molfeat_rdkit_count_fp_585,45.322590550099264
molfeat_cats2d_LR_bins_7,45.25093325604685
molfeat_rdkit_fp_1080,45.1006955306686
molfeat_rdkit_count_fp_1507,44.99044447799097
molfeat_rdkit_fp_1494,44.99004180451739
molfeat_rdkit_fp_1379,44.97285004814039
molfeat_pharm2d_Desc_83,44.8978640326648
molfeat_rdkit_count_fp_649,44.789572212152414
molfeat_rdkit_count_fp_1565,44.73044669032097
molfeat_rdkit_count_fp_338,44.702120292419565
molfeat_rdkit_count_fp_615,44.4471912174311
molfeat_avalon_fp_18,44.43532419502735
molfeat_rdkit_count_fp_1762,44.429475564719176
molfeat_erg_fp_106,44.38497806787491
molfeat_rdkit_fp_2035,44.334457813971675
molfeat_rdkit_count_fp_36,44.284688770212234
molfeat_rdkit_count_fp_744,44.27528437405126
molfeat_secfp_fp_658,44.2435531911673
molfeat_rdkit_count_fp_2042,44.18177669723518
molfeat_rdkit_count_fp_182,44.177892399963454
molfeat_layered_fp_339,44.17147765868576
molfeat_rdkit_fp_1951,44.074354243616106
molfeat_rdkit_fp_314,44.041488512884825
molfeat_rdkit_count_fp_1800,43.99425031013671
molfeat_rdkit_fp_1716,43.960594486503396
molfeat_erg_fp_302,43.952345852929284
rdkit_atompair_hashed_1340,43.90688345850212
molfeat_rdkit_fp_301,43.870089988783
molfeat_layered_fp_52,43.85020995355444
molfeat_layered_fp_40,43.816448576538825
molfeat_layered_fp_1385,43.77693681367673
molfeat_avalon_fp_206,43.74594636617694
molfeat_rdkit_fp_553,43.72828100079205
molfeat_rdkit_count_fp_1302,43.68005152796977
rdkit_atompair_hashed_1009,43.584171606227756
rdkit_atompair_hashed_0769,43.54372955579311
molfeat_topological_fp_377,43.48014585321071
rdkit_atompair_hashed_0385,43.458657913375646
rdkit_atompair_hashed_0364,43.420178931189
rdkit_atompair_hashed_1088,43.37960776649415
molfeat_rdkit_fp_50,43.33806675202213
molfeat_rdkit_count_fp_1129,43.32384310198249
molfeat_rdkit_fp_1226,43.17341619107756
molfeat_erg_fp_143,43.13182425578125
molfeat_rdkit_fp_1384,43.04991120935883
molfeat_rdkit_count_fp_1954,43.049069371289804
molfeat_layered_fp_2019,42.9971182015026
molfeat_rdkit_count_fp_732,42.92415126715787
molfeat_scaffoldkeys_n_nitrogen,42.860896949860035
molfeat_rdkit_fp_877,42.56493977424689
molfeat_rdkit_fp_596,42.53146490850486
molfeat_rdkit_count_fp_1639,42.51876063575037
molfeat_rdkit_fp_1669,42.47720081764273
molfeat_rdkit_fp_307,42.45734511790797
molfeat_rdkit_count_fp_1187,42.36182141987374
rdkit_atompair_hashed_0676,42.30878760523628
molfeat_scaffoldkeys_n_carbon_het_carbon_het_bonds,42.290247921511764
molfeat_rdkit_count_fp_73,42.28968218034716
molfeat_avalon_fp_504,42.27410231936956
molfeat_pharm2d_Desc_47,42.231582975780476
molfeat_layered_fp_1339,42.21759845657507
molfeat_ecfp_count_fp_2009,41.902622469415654
molfeat_rdkit_count_fp_1816,41.74851845629164
molfeat_rdkit_count_fp_1894,41.71222507613129
molfeat_rdkit_count_fp_761,41.71040882446105
rdkit_maccs_100,41.642911666317374
molfeat_layered_fp_1158,41.63538865478476
molfeat_pharm2d_Desc_1859,41.565694364905355
molfeat_avalon_fp_456,41.55883133083116
molfeat_rdkit_count_fp_2039,41.54791460084671
molfeat_rdkit_count_fp_553,41.49518741095089
molfeat_rdkit_fp_1039,41.44528956313152
molfeat_rdkit_count_fp_702,41.360212912084535
rdkit_atompair_hashed_1644,41.33677676487714
rdkit_atompair_hashed_1060,41.32471420471556
molfeat_layered_fp_1743,41.16290483932244
molfeat_avalon_fp_172,41.11452186597744
molfeat_layered_fp_275,41.110337330773476
molfeat_pharm2d_Desc_608,41.089472976326945
molfeat_avalon_fp_235,41.07491648235591
molfeat_pharm2d_Desc_1122,41.06710131857544
molfeat_rdkit_fp_1985,41.00765238273889
molfeat_rdkit_count_fp_560,40.9918608417327
molfeat_topological_fp_1324,40.928748205304146
rdkit_atompair_hashed_0550,40.90582933831611
molfeat_rdkit_fp_945,40.891332187806256
molfeat_rdkit_fp_888,40.86640324742766
molfeat_rdkit_count_fp_1336,40.860709336487346
molfeat_rdkit_fp_797,40.82991105114343
molfeat_rdkit_fp_718,40.829330887633844
molfeat_rdkit_count_fp_856,40.8183958735317
molfeat_rdkit_fp_1796,40.81231382359401
molfeat_pharm2d_Desc_832,40.79639261066914
molfeat_avalon_fp_301,40.73033170904964
molfeat_rdkit_count_fp_1814,40.70168617912568
molfeat_layered_fp_217,40.627299369871615
molfeat_rdkit_count_fp_1910,40.57560891791945
molfeat_rdkit_fp_403,40.41522944564931
molfeat_rdkit_fp_936,40.28843432079884
molfeat_layered_fp_1400,40.23370965048671
molfeat_rdkit_count_fp_1850,40.22707256910799
molfeat_rdkit_count_fp_325,40.08211781196296
molfeat_pharm2d_Desc_101,40.03210740343202
molfeat_rdkit_fp_1517,39.83823020155542
molfeat_rdkit_count_fp_1736,39.836062945780576
molfeat_rdkit_fp_1466,39.77716903671389
molfeat_rdkit_count_fp_1689,39.64274602943624
molfeat_rdkit_fp_662,39.60728403385728
molfeat_pharm2d_Desc_829,39.57378450223477
molfeat_rdkit_fp_1661,39.54728907169774
molfeat_rdkit_fp_1947,39.54675800645491
molfeat_cats2d_AA_bins_2,39.54143718876294
rdkit_atompair_hashed_0461,39.423714414506684
molfeat_rdkit_fp_1282,39.39398564528674
molfeat_topological_count_fp_1602,39.34010009765625
molfeat_rdkit_count_fp_1196,39.3117039643228
molfeat_rdkit_fp_1911,39.29150278198067
molfeat_erg_fp_86,39.27967935513588
molfeat_erg_fp_81,39.24200796338264
rdkit_atompair_hashed_1144,39.23004049194278
molfeat_rdkit_count_fp_404,39.21275533217704
molfeat_rdkit_fp_278,39.17102600708604
molfeat_rdkit_fp_915,39.15213611267973
molfeat_rdkit_count_fp_667,39.100777939707044
molfeat_layered_fp_1272,39.0449273692444
molfeat_rdkit_fp_363,39.03431178168394
molfeat_rdkit_fp_55,38.999067786172965
molfeat_rdkit_fp_1010,38.98331888711546
molfeat_estate_fp_8,38.97769066634355
molfeat_pharm2d_Desc_1017,38.97231487631798
molfeat_layered_fp_136,38.88099813592853
molfeat_rdkit_fp_650,38.71664885021746
molfeat_rdkit_count_fp_467,38.70794143867679
rdkit_atompair_hashed_0584,38.68291378617287
molfeat_estate_fp_15,38.66367057214957
molfeat_rdkit_count_fp_918,38.64696229442488
molfeat_rdkit_count_fp_1700,38.60695860433625
molfeat_ecfp_fp_392,38.562088298797605
molfeat_rdkit_count_fp_897,38.526202528504655
molfeat_rdkit_fp_221,38.476920914510266
molfeat_rdkit_count_fp_1456,38.401003391170526
molfeat_layered_fp_1083,38.34788670279086
molfeat_erg_fp_140,38.310003381845306
molfeat_avalon_fp_155,38.292269243055486
rdkit_atompair_hashed_1625,38.28025971165626
molfeat_rdkit_count_fp_197,38.27608433665591
molfeat_erg_fp_293,38.261757105542344
molfeat_rdkit_fp_1526,38.18541278331541
molfeat_scaffoldkeys_n_exocyclic_single_bonds_carbon,38.12909547832969
molfeat_rdkit_count_fp_1059,38.122797538433225
rdkit_atompair_hashed_0585,38.11877200603485
molfeat_layered_fp_94,38.10326567525044
molfeat_rdkit_count_fp_730,38.06381189706735
molfeat_cats2d_LR_bins_3,37.97924066087289
molfeat_avalon_fp_393,37.88579461670015
molfeat_rdkit_fp_1765,37.748293397389354
molfeat_rdkit_fp_1982,37.72831726318691
molfeat_pattern_fp_139,37.71848555196193
molfeat_avalon_fp_0,37.63820458971895
molfeat_rdkit_count_fp_834,37.60170504699927
molfeat_rdkit_fp_1306,37.553479984740264
molfeat_ecfp_count_fp_80,37.477939506439725
rdkit_atompair_hashed_1548,37.42243512370624
molfeat_avalon_fp_321,37.34260370893171
molfeat_rdkit_fp_1012,37.33103612519335
molfeat_rdkit_fp_1921,37.270591166353555
molfeat_rdkit_count_fp_973,37.2548034487816
rdkit_atompair_hashed_0700,37.21904844474047
molfeat_rdkit_count_fp_997,37.20464786986122
molfeat_rdkit_count_fp_464,37.18304109881865
molfeat_rdkit_count_fp_208,37.140345246030485
molfeat_avalon_fp_69,37.005122583243065
molfeat_topological_count_fp_1021,36.95627424418926
molfeat_erg_fp_64,36.7381580860907
molfeat_cats2d_AA_bins_8,36.718977467971854
molfeat_ecfp_count_fp_896,36.619696855265644
molfeat_layered_fp_2029,36.58349940832704
molfeat_rdkit_count_fp_1039,36.56713355861721
molfeat_rdkit_count_fp_420,36.55762200737954
molfeat_rdkit_count_fp_1806,36.524212633358545
molfeat_rdkit_fp_245,36.52189232525416
molfeat_rdkit_fp_49,36.4977831184864
molfeat_topological_fp_1056,36.428243364882654
molfeat_layered_fp_1148,36.355394383706155
molfeat_rdkit_count_fp_14,36.263561418571044
molfeat_erg_fp_75,36.24721230710274
molfeat_rdkit_count_fp_576,36.17139609680744
molfeat_rdkit_fp_1264,36.15025499521289
rdkit_atompair_hashed_0604,36.13414378229063
molfeat_topological_fp_48,35.99165130839683
molfeat_layered_fp_1748,35.9758640709566
molfeat_topological_fp_50,35.96113667786121
molfeat_rdkit_count_fp_458,35.9383657138329
molfeat_rdkit_fp_1320,35.90068799072178
molfeat_rdkit_fp_691,35.85268805716187
molfeat_rdkit_count_fp_74,35.6229496802669
molfeat_layered_fp_78,35.61330083000939
molfeat_layered_fp_961,35.5902169152745
molfeat_rdkit_fp_1654,35.474191287352006
rdkit_atompair_hashed_0232,35.40765038266545
molfeat_avalon_fp_461,35.3980998147279
molfeat_rdkit_fp_841,35.39710309492657
molfeat_rdkit_fp_1364,35.298252032441084
molfeat_rdkit_count_fp_1025,35.28598730479134
molfeat_pattern_fp_938,35.25524511085823
molfeat_pharm2d_Desc_1980,35.24281064568786
molfeat_ecfp_count_fp_843,35.23901203292771
rdkit_atompair_hashed_0064,35.2157071071415
molfeat_rdkit_count_fp_719,35.18090015755733
rdkit_atompair_hashed_0677,35.16170196747407
molfeat_rdkit_fp_1343,35.15044771004468
molfeat_layered_fp_558,35.036098854371815
molfeat_rdkit_count_fp_140,35.03438815523987
rdkit_atompair_hashed_0941,35.02026346420753
molfeat_rdkit_fp_1736,34.996738397725856
molfeat_rdkit_count_fp_837,34.922378795471744
molfeat_rdkit_count_fp_51,34.89157621478662
molfeat_rdkit_fp_957,34.84882784353103
molfeat_rdkit_count_fp_529,34.84502638074336
rdkit_atompair_hashed_0102,34.82265930175781
molfeat_rdkit_fp_986,34.80461647043703
molfeat_layered_fp_1078,34.778272764757276
molfeat_rdkit_fp_479,34.77060528490692
molfeat_layered_fp_1251,34.73693618718535
molfeat_rdkit_fp_1111,34.734530394885226
molfeat_rdkit_fp_940,34.669140641746345
rdkit_atompair_hashed_1400,34.64836865866673
molfeat_layered_fp_1337,34.634572012763236
molfeat_layered_fp_151,34.623286097013626
molfeat_rdkit_fp_1348,34.606226567924026
molfeat_avalon_fp_118,34.60404368452728
molfeat_rdkit_fp_1974,34.60207498677774
molfeat_layered_fp_1610,34.59145765677094
molfeat_rdkit_fp_279,34.46203318948392
molfeat_rdkit_count_fp_423,34.43094137343578
molfeat_rdkit_count_fp_1543,34.42481416342198
rdkit_atompair_hashed_1732,34.39597324919887
molfeat_layered_fp_290,34.38592294864357
molfeat_rdkit_fp_344,34.34671287954552
molfeat_rdkit_fp_1465,34.25582316946238
molfeat_secfp_fp_1780,34.24882868118584
molfeat_secfp_fp_691,34.22063307762146
molfeat_rdkit_count_fp_160,34.152691985294226
molfeat_rdkit_count_fp_106,34.15140528026386
rdkit_atompair_hashed_1268,34.11115107559599
molfeat_layered_fp_1551,33.99962792452425
molfeat_topological_fp_408,33.997428835747996
molfeat_rdkit_count_fp_1528,33.98251685070572
molfeat_avalon_fp_226,33.96340690059587
molfeat_layered_fp_2039,33.905412838206395
molfeat_rdkit_count_fp_677,33.86102028231835
molfeat_rdkit_count_fp_298,33.83268467177986
molfeat_rdkit_count_fp_805,33.81559117048746
molfeat_rdkit_count_fp_259,33.80813304046169
molfeat_rdkit_fp_634,33.7991466623731
molfeat_rdkit_count_fp_258,33.77808837958146
molfeat_erg_fp_80,33.66773505245801
molfeat_rdkit_count_fp_386,33.647201072733154
molfeat_pharm2d_Desc_81,33.60807757641887
molfeat_layered_fp_1371,33.555565549479795
molfeat_layered_fp_1201,33.51446341262199
rdkit_atompair_hashed_1498,33.49516611627769
molfeat_rdkit_count_fp_256,33.48716860460699
molfeat_ecfp_count_fp_785,33.480746792285935
molfeat_rdkit_count_fp_211,33.44897684401949
molfeat_rdkit_count_fp_957,33.42997968031559
molfeat_avalon_fp_437,33.37215425146278
molfeat_rdkit_count_fp_763,33.3719085115823
molfeat_rdkit_count_fp_536,33.339514230957136
molfeat_avalon_fp_199,33.2990664774552
rdkit_atompair_hashed_0528,33.27336986067239
molfeat_erg_fp_215,33.25164678336587
molfeat_layered_fp_1680,33.22166994686704
molfeat_erg_fp_141,33.158105100225654
molfeat_secfp_fp_1315,33.08504038453102
molfeat_rdkit_fp_1739,33.07295937776799
molfeat_cats2d_AA_bins_6,32.99348217449151
molfeat_layered_fp_509,32.91732588011655
molfeat_rdkit_count_fp_91,32.900086069200185
molfeat_secfp_fp_455,32.890754900034516
molfeat_rdkit_count_fp_473,32.782146999880204
molfeat_rdkit_fp_1897,32.71535252630711
molfeat_rdkit_fp_743,32.61857283082791
molfeat_pattern_fp_1643,32.61378031474305
rdkit_atompair_hashed_1296,32.5369979056879
molfeat_rdkit_fp_1633,32.50387980672531
molfeat_pharm2d_Desc_1175,32.472583224624394
molfeat_rdkit_fp_302,32.470970637188294
molfeat_rdkit_fp_698,32.466639652184675
molfeat_rdkit_count_fp_1775,32.462704265816136
molfeat_rdkit_fp_1890,32.4473446589458
molfeat_desc2d_PEOE_VSA11,32.394844249580636
molfeat_rdkit_fp_164,32.287622677325274
molfeat_rdkit_count_fp_382,32.28309738530661
molfeat_rdkit_count_fp_254,32.209216258116065
molfeat_rdkit_fp_1316,32.18871175646782
molfeat_layered_fp_237,32.138080787658694
molfeat_rdkit_count_fp_283,32.12809163951606
molfeat_ecfp_count_fp_392,32.10341317653656
molfeat_rdkit_count_fp_1517,32.058403852331686
molfeat_layered_fp_652,32.02932907267823
molfeat_layered_fp_148,31.924406098900363
molfeat_rdkit_count_fp_1009,31.882226887345315
molfeat_rdkit_count_fp_707,31.83997121148277
molfeat_rdkit_fp_424,31.830560975533444
molfeat_rdkit_fp_69,31.800542684877293
molfeat_layered_fp_1147,31.800489191606175
molfeat_rdkit_fp_688,31.79438210836961
molfeat_rdkit_count_fp_63,31.761267685977508
molfeat_rdkit_fp_376,31.73739827632671
molfeat_rdkit_count_fp_1512,31.72708842679858
molfeat_topological_fp_536,31.70210855868645
molfeat_layered_fp_1529,31.6860003804235
molfeat_rdkit_count_fp_88,31.665946282527877
molfeat_layered_fp_1952,31.64548807342071
molfeat_erg_fp_8,31.615891796466894
molfeat_rdkit_fp_572,31.53436396565521
rdkit_maccs_130,31.52625837097876
molfeat_avalon_fp_411,31.50374675001949
molfeat_layered_fp_1558,31.480997127614682
molfeat_topological_count_fp_421,31.37724189386936
molfeat_avalon_fp_160,31.375762291188586
molfeat_avalon_fp_318,31.3313795523718
molfeat_rdkit_fp_1307,31.293869563855697
molfeat_rdkit_fp_533,31.23495538388379
molfeat_rdkit_count_fp_1280,31.230881814984606
molfeat_rdkit_count_fp_1577,31.225947969796835
molfeat_rdkit_count_fp_389,31.156782911816844
molfeat_avalon_fp_465,31.155318209715187
molfeat_pharm2d_Desc_504,31.140044348390074
molfeat_rdkit_count_fp_441,31.111406434187664
molfeat_rdkit_fp_1529,31.014976840151938
molfeat_rdkit_count_fp_573,30.981073141936214
molfeat_rdkit_count_fp_1018,30.973818021285116
rdkit_maccs_102,30.958595202997095
molfeat_rdkit_fp_1199,30.950254508526996
molfeat_topological_fp_520,30.91463017305359
molfeat_layered_fp_1537,30.91230744497734
molfeat_rdkit_fp_1325,30.912063804990613
molfeat_rdkit_count_fp_929,30.893972640793073
molfeat_rdkit_fp_126,30.87957696405356
molfeat_rdkit_count_fp_991,30.8658043767442
molfeat_ecfp_count_fp_1750,30.840190868929493
molfeat_rdkit_count_fp_234,30.83754808156518
molfeat_pharm2d_Desc_1224,30.777220153808592
molfeat_rdkit_fp_1918,30.71334396430757
molfeat_pattern_fp_1775,30.6824088190333
molfeat_rdkit_count_fp_123,30.665616326854796
molfeat_rdkit_fp_548,30.66129763290519
molfeat_topological_fp_1964,30.572686969174537
molfeat_rdkit_count_fp_1279,30.54836930660531
molfeat_rdkit_fp_622,30.53355049507227
molfeat_rdkit_count_fp_1704,30.510733264731243
molfeat_rdkit_fp_15,30.462405595899327
molfeat_layered_fp_878,30.44642830907833
molfeat_rdkit_count_fp_568,30.433515692193758
molfeat_rdkit_fp_1901,30.3975478498789
rdkit_atompair_hashed_0396,30.363007271662354
molfeat_rdkit_fp_1483,30.350050797418227
molfeat_rdkit_fp_1978,30.333461637888103
molfeat_rdkit_fp_747,30.32800125948852
molfeat_avalon_fp_331,30.28169764922932
molfeat_rdkit_fp_535,30.26169402403757
molfeat_layered_fp_1087,30.236752268567216
molfeat_rdkit_count_fp_2000,30.161124776111684
molfeat_rdkit_fp_579,30.1444057769957
molfeat_rdkit_fp_1129,30.123123123438564
molfeat_rdkit_fp_54,30.02893709158525
molfeat_rdkit_count_fp_1886,30.010563378903317
molfeat_rdkit_count_fp_112,30.001262080750895
molfeat_rdkit_fp_1721,29.967039590806234
molfeat_rdkit_count_fp_383,29.964928163817966
molfeat_erg_fp_15,29.938141047171666
molfeat_rdkit_count_fp_460,29.92988955792971
molfeat_rdkit_fp_1522,29.91884598864708
molfeat_rdkit_fp_1770,29.8973074416921
rdkit_atompair_hashed_2008,29.892357928561978
molfeat_cats2d_LR_bins_5,29.852138410211772
molfeat_rdkit_count_fp_1958,29.789517189067556
molfeat_secfp_fp_1608,29.78613361737225
molfeat_rdkit_fp_1891,29.763932001730428
molfeat_rdkit_fp_1351,29.739558820953242
molfeat_rdkit_fp_1848,29.722825084323993
molfeat_rdkit_fp_1645,29.65989656021702
molfeat_avalon_fp_333,29.65110350474715
molfeat_rdkit_count_fp_349,29.623824726976455
molfeat_layered_fp_896,29.623820114135743
molfeat_rdkit_fp_695,29.604783753491937
molfeat_rdkit_fp_716,29.589935670746492
molfeat_rdkit_fp_1719,29.585359003581107
molfeat_erg_fp_144,29.566151022771372
molfeat_rdkit_count_fp_114,29.510248630936257
molfeat_rdkit_fp_1422,29.508117492217572
molfeat_rdkit_count_fp_1024,29.49193155345274
molfeat_rdkit_count_fp_101,29.46999304055935
molfeat_ecfp_count_fp_1380,29.407019227929414
molfeat_rdkit_fp_1049,29.38664732174948
molfeat_rdkit_count_fp_105,29.38080396762816
molfeat_rdkit_count_fp_1351,29.348699228753684
rdkit_atompair_hashed_0225,29.341436765081017
molfeat_layered_fp_1577,29.331923884153365
molfeat_rdkit_count_fp_15,29.32767481164774
molfeat_layered_fp_1084,29.325188064202667
molfeat_erg_fp_82,29.299553052801638
rdkit_atompair_hashed_1149,29.293924176925792
molfeat_layered_fp_641,29.252681377268164
molfeat_rdkit_fp_1772,29.212159043265274
molfeat_layered_fp_936,29.159582605340983
rdkit_atompair_hashed_0628,29.14533582648728
molfeat_topological_count_fp_436,29.074021151836497
molfeat_rdkit_count_fp_35,29.06910441528307
rdkit_atompair_hashed_0724,28.936151123279707
