dataset,model,n,mae,rmse,rae,pearson,spearman,bias,calibration_intercept,calibration_slope,similarity_bin
lockbox_all_790,Frozen Nesso-1,121.0,1.0187686570247934,1.431299895726931,1.0758680714240372,0.15619860205725028,0.10294678068189292,0.8090735859504131,2.011411208403432,0.45771362342267785,<=0.3
lockbox_all_790,Affine calibration,121.0,0.9331902983471074,1.210130009901244,0.985493261528452,0.15619858093606462,0.10294678068189292,0.1414716652892562,2.7147009983331767,0.36998458261606076,<=0.3
lockbox_all_790,Fine-tuned Nesso-1,121.0,0.6780900834710742,0.9376543394577423,0.7160953228442664,0.6109951055681712,0.5275412796189355,0.09016523223140493,-0.6310507964376827,1.120674393792905,<=0.3
lockbox_all_790,Frozen Nesso-1,385.0,0.7347717880519481,1.0699765110514858,0.9502841064254207,0.37065734541943435,0.3375606653076205,0.5137909625974026,-1.736079956609039,1.2435734033113897,"(0.3,0.4]"
lockbox_all_790,Affine calibration,385.0,0.7762129924675325,0.9562461212941858,1.003880227762176,0.37065734096641356,0.3375606653076205,-0.1971897072727273,0.17470494112363863,1.0052203060566525,"(0.3,0.4]"
lockbox_all_790,Fine-tuned Nesso-1,385.0,0.584932021038961,0.7896108236646164,0.7564955704223716,0.6240944213203886,0.5596647646488702,-0.06158990987012989,0.11182644071324108,0.9886925299518327,"(0.3,0.4]"
lockbox_all_790,Frozen Nesso-1,198.0,0.7774613545454545,1.1027482065427587,0.9575639269942054,0.3711621023415387,0.36998870280805923,0.5831968333333333,-1.1074952176915833,1.1052639357867888,"(0.4,0.5]"
lockbox_all_790,Affine calibration,198.0,0.753251361111111,0.9462173278499519,0.9277455749308444,0.37116206601274,0.36998870280805923,-0.13664170656565658,0.590773733767078,0.8934202382959576,"(0.4,0.5]"
lockbox_all_790,Fine-tuned Nesso-1,198.0,0.5521777691919193,0.7465366142547908,0.6800923415356729,0.6724347470728181,0.6149572588356061,-0.013708891414141404,-0.24271873911601818,1.0584931434414426,"(0.4,0.5]"
lockbox_all_790,Frozen Nesso-1,67.0,0.8531585328358209,1.2046479089960485,0.973480655057242,0.32422252902735915,0.23300874025819432,0.6442638940298507,-3.042116131223721,1.4843259778554494,"(0.5,0.6]"
lockbox_all_790,Affine calibration,67.0,0.8603919955223881,1.0165972541680226,0.9817342629430424,0.3242225222697974,0.23300874025819432,-0.08266254776119399,-0.7614077685058428,1.1998282348591476,"(0.5,0.6]"
lockbox_all_790,Fine-tuned Nesso-1,67.0,0.6378039597014926,0.8370230604881566,0.7277543300475833,0.6515881329168625,0.5603623742340166,0.06255555373134335,-1.7808628859443765,1.393277574030266,"(0.5,0.6]"
lockbox_all_790,Frozen Nesso-1,19.0,1.403336815789474,1.7433602547055587,1.1036175289735102,0.6524401554047421,0.6456140350877193,1.2170433105263154,-15.990487750686771,4.09259168900706,>0.6
lockbox_all_790,Affine calibration,19.0,1.165680947368421,1.3004951307085237,0.9167192880794703,0.6524402177758105,0.6456140350877193,0.4488914526315788,-9.702105922770247,3.3081728651107607,>0.6
lockbox_all_790,Fine-tuned Nesso-1,19.0,0.642487247368421,0.8312030677061523,0.5052672889072848,0.8256913836890452,0.7596491228070175,0.26796143684210516,-0.6838017091183987,1.108632304462122,>0.6
lockbox_common_714,Frozen Nesso-1,116.0,1.0991121086206896,1.5052176760768776,1.115041389710467,0.20719855898852263,0.16759222450086564,0.9196255206896551,1.0859266357099913,0.615376368125444,<=0.3
lockbox_common_714,Affine calibration,116.0,0.9404027310344828,1.2347149575342766,0.9540318588757193,0.20719854729234405,0.16759222450086564,0.2551595448275862,2.0314694918483815,0.49742846330759294,<=0.3
lockbox_common_714,Fine-tuned Nesso-1,116.0,0.6951769344827585,0.9635102891784739,0.7052520384777479,0.6289969101284621,0.5598671360502044,0.1881046913793103,-0.9339750872084132,1.1663848269218258,<=0.3
lockbox_common_714,2D LightGBM,116.0,0.6104568010624988,0.8842875308102662,0.6193040677798984,0.6850590406594049,0.6563089900272789,0.08510394581858134,-0.2508200692174624,1.037836439869034,<=0.3
lockbox_common_714,Frozen Nesso-1,351.0,0.7471630769230768,1.082759053366219,0.9518471919593002,0.380419867575915,0.350860766599325,0.5327849247863249,-1.9987203811137546,1.2927571288624353,"(0.3,0.4]"
lockbox_common_714,Affine calibration,351.0,0.7747938487179488,0.955936017880117,0.9870473689446583,0.38041984346357793,0.350860766599325,-0.1807592578347579,-0.012363029071953288,1.0449770192567271,"(0.3,0.4]"
lockbox_common_714,Fine-tuned Nesso-1,351.0,0.5768704162393161,0.7807014119439522,0.7349031326374239,0.6404184286699798,0.5857864438752178,-0.0442081307692308,0.0051507506040797,1.0088158673132959,"(0.3,0.4]"
lockbox_common_714,2D LightGBM,351.0,0.45635236221501274,0.6375006802947533,0.5813693528689642,0.7786007313437513,0.7323699008329817,-0.008288121062086786,-0.155234752168603,1.0366128476001406,"(0.3,0.4]"
lockbox_common_714,Frozen Nesso-1,170.0,0.8334550147058822,1.166471959978387,0.9633244890393011,0.38111447448539804,0.38772536654942596,0.6416625676470589,-1.3770210981485411,1.1478863622233815,"(0.4,0.5]"
lockbox_common_714,Affine calibration,170.0,0.7732841088235293,0.9765517483159725,0.8937777154985547,0.38111444177976456,0.38772536654942596,-0.08015378647058824,0.3867383236068593,0.9278733288987978,"(0.4,0.5]"
lockbox_common_714,Fine-tuned Nesso-1,170.0,0.5602917435294118,0.7682172891639837,0.6475967485046322,0.6856573524663564,0.6452689255051528,0.030058448235294116,-0.3654646966012365,1.0769129988456914,"(0.4,0.5]"
lockbox_common_714,2D LightGBM,170.0,0.41947921915492015,0.562944124418517,0.4848427297514304,0.8477165838803484,0.7789535140743535,-0.04617476324893562,-0.24756171466856672,1.0685560264801557,"(0.4,0.5]"
lockbox_common_714,Frozen Nesso-1,58.0,0.9213737137931034,1.2761718332061305,1.0037569782700217,0.3139955776227615,0.2121696869306237,0.7267850999999999,-2.816084784638008,1.421774387494562,"(0.5,0.6]"
lockbox_common_714,Affine calibration,58.0,0.8800110034482759,1.0449488868069665,0.9586958825091487,0.3139955946392356,0.2121696869306237,0.0004964551724138505,-0.6314890070771283,1.1492658521744186,"(0.5,0.6]"
lockbox_common_714,Fine-tuned Nesso-1,58.0,0.6681870379310347,0.8762335433175168,0.7279319911914248,0.6383489420585807,0.5333312835024248,0.1303990448275863,-1.6941376471414118,1.3588853466685424,"(0.5,0.6]"
lockbox_common_714,2D LightGBM,58.0,0.5281836205377753,0.6845271847714695,0.5754103758182183,0.7827954594002166,0.7288891637138173,-0.017138720444318415,-0.02578814571263746,1.0101972006339677,"(0.5,0.6]"
lockbox_common_714,Frozen Nesso-1,19.0,1.403336815789474,1.7433602547055587,1.1036175289735102,0.6524401554047421,0.6456140350877193,1.2170433105263154,-15.990487750686771,4.09259168900706,>0.6
lockbox_common_714,Affine calibration,19.0,1.165680947368421,1.3004951307085237,0.9167192880794703,0.6524402177758105,0.6456140350877193,0.4488914526315788,-9.702105922770247,3.3081728651107607,>0.6
lockbox_common_714,Fine-tuned Nesso-1,19.0,0.642487247368421,0.8312030677061523,0.5052672889072848,0.8256913836890452,0.7596491228070175,0.26796143684210516,-0.6838017091183987,1.108632304462122,>0.6
lockbox_common_714,2D LightGBM,19.0,0.4240384209414406,0.6359254955408198,0.3334739237536164,0.9113908982932475,0.8684210526315789,0.23767385258195112,-0.784271845361717,1.1439296827472816,>0.6
