task_id,method,budget,fold,path,origin
fold0__draw0__n100__head_only__seed42,head_only,100,0,/home/dan/projects/nesso-finetune/PXR/artifacts/cloud/50146714/remote_results/tasks/fold0__draw0__n100__head_only__seed42,"preserved neural fit; 3 historical local fits, 17 remote continuation fits across matrix"
fold0__draw0__n100__head_plus_lora__seed42,head_plus_lora,100,0,/home/dan/projects/nesso-finetune/PXR/artifacts/cloud/50146714/remote_results/tasks/fold0__draw0__n100__head_plus_lora__seed42,"preserved neural fit; 3 historical local fits, 17 remote continuation fits across matrix"
fold0__draw0__n500__head_only__seed42,head_only,500,0,/home/dan/projects/nesso-finetune/PXR/artifacts/cloud/50146714/remote_results/tasks/fold0__draw0__n500__head_only__seed42,"preserved neural fit; 3 historical local fits, 17 remote continuation fits across matrix"
fold0__draw0__n500__head_plus_lora__seed42,head_plus_lora,500,0,/home/dan/projects/nesso-finetune/PXR/artifacts/cloud/50146714/remote_results/tasks/fold0__draw0__n500__head_plus_lora__seed42,"preserved neural fit; 3 historical local fits, 17 remote continuation fits across matrix"
fold1__draw0__n100__head_only__seed42,head_only,100,1,/home/dan/projects/nesso-finetune/PXR/artifacts/cloud/50146714/remote_results/tasks/fold1__draw0__n100__head_only__seed42,"preserved neural fit; 3 historical local fits, 17 remote continuation fits across matrix"
fold1__draw0__n100__head_plus_lora__seed42,head_plus_lora,100,1,/home/dan/projects/nesso-finetune/PXR/artifacts/cloud/50146714/remote_results/tasks/fold1__draw0__n100__head_plus_lora__seed42,"preserved neural fit; 3 historical local fits, 17 remote continuation fits across matrix"
fold1__draw0__n500__head_only__seed42,head_only,500,1,/home/dan/projects/nesso-finetune/PXR/artifacts/cloud/50146714/remote_results/tasks/fold1__draw0__n500__head_only__seed42,"preserved neural fit; 3 historical local fits, 17 remote continuation fits across matrix"
fold1__draw0__n500__head_plus_lora__seed42,head_plus_lora,500,1,/home/dan/projects/nesso-finetune/PXR/artifacts/cloud/50146714/remote_results/tasks/fold1__draw0__n500__head_plus_lora__seed42,"preserved neural fit; 3 historical local fits, 17 remote continuation fits across matrix"
fold2__draw0__n100__head_only__seed42,head_only,100,2,/home/dan/projects/nesso-finetune/PXR/artifacts/cloud/50146714/remote_results/tasks/fold2__draw0__n100__head_only__seed42,"preserved neural fit; 3 historical local fits, 17 remote continuation fits across matrix"
fold2__draw0__n100__head_plus_lora__seed42,head_plus_lora,100,2,/home/dan/projects/nesso-finetune/PXR/artifacts/cloud/50146714/remote_results/tasks/fold2__draw0__n100__head_plus_lora__seed42,"preserved neural fit; 3 historical local fits, 17 remote continuation fits across matrix"
fold2__draw0__n500__head_only__seed42,head_only,500,2,/home/dan/projects/nesso-finetune/PXR/artifacts/cloud/50146714/remote_results/tasks/fold2__draw0__n500__head_only__seed42,"preserved neural fit; 3 historical local fits, 17 remote continuation fits across matrix"
fold2__draw0__n500__head_plus_lora__seed42,head_plus_lora,500,2,/home/dan/projects/nesso-finetune/PXR/artifacts/cloud/50146714/remote_results/tasks/fold2__draw0__n500__head_plus_lora__seed42,"preserved neural fit; 3 historical local fits, 17 remote continuation fits across matrix"
fold3__draw0__n100__head_only__seed42,head_only,100,3,/home/dan/projects/nesso-finetune/PXR/artifacts/cloud/50146714/remote_results/tasks/fold3__draw0__n100__head_only__seed42,"preserved neural fit; 3 historical local fits, 17 remote continuation fits across matrix"
fold3__draw0__n100__head_plus_lora__seed42,head_plus_lora,100,3,/home/dan/projects/nesso-finetune/PXR/artifacts/cloud/50146714/remote_results/tasks/fold3__draw0__n100__head_plus_lora__seed42,"preserved neural fit; 3 historical local fits, 17 remote continuation fits across matrix"
fold3__draw0__n500__head_only__seed42,head_only,500,3,/home/dan/projects/nesso-finetune/PXR/artifacts/cloud/50146714/remote_results/tasks/fold3__draw0__n500__head_only__seed42,"preserved neural fit; 3 historical local fits, 17 remote continuation fits across matrix"
fold3__draw0__n500__head_plus_lora__seed42,head_plus_lora,500,3,/home/dan/projects/nesso-finetune/PXR/artifacts/cloud/50146714/remote_results/tasks/fold3__draw0__n500__head_plus_lora__seed42,"preserved neural fit; 3 historical local fits, 17 remote continuation fits across matrix"
fold4__draw0__n100__head_only__seed42,head_only,100,4,/home/dan/projects/nesso-finetune/PXR/artifacts/cloud/50146714/remote_results/tasks/fold4__draw0__n100__head_only__seed42,"preserved neural fit; 3 historical local fits, 17 remote continuation fits across matrix"
fold4__draw0__n100__head_plus_lora__seed42,head_plus_lora,100,4,/home/dan/projects/nesso-finetune/PXR/artifacts/cloud/50146714/remote_results/tasks/fold4__draw0__n100__head_plus_lora__seed42,"preserved neural fit; 3 historical local fits, 17 remote continuation fits across matrix"
fold4__draw0__n500__head_only__seed42,head_only,500,4,/home/dan/projects/nesso-finetune/PXR/artifacts/cloud/50146714/remote_results/tasks/fold4__draw0__n500__head_only__seed42,"preserved neural fit; 3 historical local fits, 17 remote continuation fits across matrix"
fold4__draw0__n500__head_plus_lora__seed42,head_plus_lora,500,4,/home/dan/projects/nesso-finetune/PXR/artifacts/cloud/50146714/remote_results/tasks/fold4__draw0__n500__head_plus_lora__seed42,"preserved neural fit; 3 historical local fits, 17 remote continuation fits across matrix"
strict_chemical__fold0__draw00__n100__descriptor_lightgbm_rdkit_mordred,descriptor_lightgbm_rdkit_mordred,100,0,/home/dan/projects/nesso-finetune/PXR/artifacts/experiments/affinity_comparison_20260906/controls_v1/cells/strict_chemical__fold0__draw00__n100__descriptor_lightgbm_rdkit_mordred,reused historical fit
strict_chemical__fold0__draw00__n100__native_continuous,native_continuous,100,0,/home/dan/projects/nesso-finetune/PXR/artifacts/experiments/affinity_comparison_20260906/controls_v1/cells/strict_chemical__fold0__draw00__n100__native_continuous,fresh native capture
strict_chemical__fold0__draw00__n100__repr_ridge_stable,repr_ridge_stable,100,0,/home/dan/projects/nesso-finetune/PXR/artifacts/experiments/affinity_comparison_20260906/controls_v1/cells/strict_chemical__fold0__draw00__n100__repr_ridge_stable,fresh fitted ridge
strict_chemical__fold0__draw00__n500__descriptor_lightgbm_rdkit_mordred,descriptor_lightgbm_rdkit_mordred,500,0,/home/dan/projects/nesso-finetune/PXR/artifacts/experiments/affinity_comparison_20260906/controls_v1/cells/strict_chemical__fold0__draw00__n500__descriptor_lightgbm_rdkit_mordred,reused historical fit
strict_chemical__fold0__draw00__n500__native_continuous,native_continuous,500,0,/home/dan/projects/nesso-finetune/PXR/artifacts/experiments/affinity_comparison_20260906/controls_v1/cells/strict_chemical__fold0__draw00__n500__native_continuous,fresh native capture
strict_chemical__fold0__draw00__n500__repr_ridge_stable,repr_ridge_stable,500,0,/home/dan/projects/nesso-finetune/PXR/artifacts/experiments/affinity_comparison_20260906/controls_v1/cells/strict_chemical__fold0__draw00__n500__repr_ridge_stable,fresh fitted ridge
strict_chemical__fold1__draw00__n100__descriptor_lightgbm_rdkit_mordred,descriptor_lightgbm_rdkit_mordred,100,1,/home/dan/projects/nesso-finetune/PXR/artifacts/experiments/affinity_comparison_20260906/controls_v1/cells/strict_chemical__fold1__draw00__n100__descriptor_lightgbm_rdkit_mordred,reused historical fit
strict_chemical__fold1__draw00__n100__native_continuous,native_continuous,100,1,/home/dan/projects/nesso-finetune/PXR/artifacts/experiments/affinity_comparison_20260906/controls_v1/cells/strict_chemical__fold1__draw00__n100__native_continuous,fresh native capture
strict_chemical__fold1__draw00__n100__repr_ridge_stable,repr_ridge_stable,100,1,/home/dan/projects/nesso-finetune/PXR/artifacts/experiments/affinity_comparison_20260906/controls_v1/cells/strict_chemical__fold1__draw00__n100__repr_ridge_stable,fresh fitted ridge
strict_chemical__fold1__draw00__n500__descriptor_lightgbm_rdkit_mordred,descriptor_lightgbm_rdkit_mordred,500,1,/home/dan/projects/nesso-finetune/PXR/artifacts/experiments/affinity_comparison_20260906/controls_v1/cells/strict_chemical__fold1__draw00__n500__descriptor_lightgbm_rdkit_mordred,reused historical fit
strict_chemical__fold1__draw00__n500__native_continuous,native_continuous,500,1,/home/dan/projects/nesso-finetune/PXR/artifacts/experiments/affinity_comparison_20260906/controls_v1/cells/strict_chemical__fold1__draw00__n500__native_continuous,fresh native capture
strict_chemical__fold1__draw00__n500__repr_ridge_stable,repr_ridge_stable,500,1,/home/dan/projects/nesso-finetune/PXR/artifacts/experiments/affinity_comparison_20260906/controls_v1/cells/strict_chemical__fold1__draw00__n500__repr_ridge_stable,fresh fitted ridge
strict_chemical__fold2__draw00__n100__descriptor_lightgbm_rdkit_mordred,descriptor_lightgbm_rdkit_mordred,100,2,/home/dan/projects/nesso-finetune/PXR/artifacts/experiments/affinity_comparison_20260906/controls_v1/cells/strict_chemical__fold2__draw00__n100__descriptor_lightgbm_rdkit_mordred,reused historical fit
strict_chemical__fold2__draw00__n100__native_continuous,native_continuous,100,2,/home/dan/projects/nesso-finetune/PXR/artifacts/experiments/affinity_comparison_20260906/controls_v1/cells/strict_chemical__fold2__draw00__n100__native_continuous,fresh native capture
strict_chemical__fold2__draw00__n100__repr_ridge_stable,repr_ridge_stable,100,2,/home/dan/projects/nesso-finetune/PXR/artifacts/experiments/affinity_comparison_20260906/controls_v1/cells/strict_chemical__fold2__draw00__n100__repr_ridge_stable,fresh fitted ridge
strict_chemical__fold2__draw00__n500__descriptor_lightgbm_rdkit_mordred,descriptor_lightgbm_rdkit_mordred,500,2,/home/dan/projects/nesso-finetune/PXR/artifacts/experiments/affinity_comparison_20260906/controls_v1/cells/strict_chemical__fold2__draw00__n500__descriptor_lightgbm_rdkit_mordred,reused historical fit
strict_chemical__fold2__draw00__n500__native_continuous,native_continuous,500,2,/home/dan/projects/nesso-finetune/PXR/artifacts/experiments/affinity_comparison_20260906/controls_v1/cells/strict_chemical__fold2__draw00__n500__native_continuous,fresh native capture
strict_chemical__fold2__draw00__n500__repr_ridge_stable,repr_ridge_stable,500,2,/home/dan/projects/nesso-finetune/PXR/artifacts/experiments/affinity_comparison_20260906/controls_v1/cells/strict_chemical__fold2__draw00__n500__repr_ridge_stable,fresh fitted ridge
strict_chemical__fold3__draw00__n100__descriptor_lightgbm_rdkit_mordred,descriptor_lightgbm_rdkit_mordred,100,3,/home/dan/projects/nesso-finetune/PXR/artifacts/experiments/affinity_comparison_20260906/controls_v1/cells/strict_chemical__fold3__draw00__n100__descriptor_lightgbm_rdkit_mordred,reused historical fit
strict_chemical__fold3__draw00__n100__native_continuous,native_continuous,100,3,/home/dan/projects/nesso-finetune/PXR/artifacts/experiments/affinity_comparison_20260906/controls_v1/cells/strict_chemical__fold3__draw00__n100__native_continuous,fresh native capture
strict_chemical__fold3__draw00__n100__repr_ridge_stable,repr_ridge_stable,100,3,/home/dan/projects/nesso-finetune/PXR/artifacts/experiments/affinity_comparison_20260906/controls_v1/cells/strict_chemical__fold3__draw00__n100__repr_ridge_stable,fresh fitted ridge
strict_chemical__fold3__draw00__n500__descriptor_lightgbm_rdkit_mordred,descriptor_lightgbm_rdkit_mordred,500,3,/home/dan/projects/nesso-finetune/PXR/artifacts/experiments/affinity_comparison_20260906/controls_v1/cells/strict_chemical__fold3__draw00__n500__descriptor_lightgbm_rdkit_mordred,reused historical fit
strict_chemical__fold3__draw00__n500__native_continuous,native_continuous,500,3,/home/dan/projects/nesso-finetune/PXR/artifacts/experiments/affinity_comparison_20260906/controls_v1/cells/strict_chemical__fold3__draw00__n500__native_continuous,fresh native capture
strict_chemical__fold3__draw00__n500__repr_ridge_stable,repr_ridge_stable,500,3,/home/dan/projects/nesso-finetune/PXR/artifacts/experiments/affinity_comparison_20260906/controls_v1/cells/strict_chemical__fold3__draw00__n500__repr_ridge_stable,fresh fitted ridge
strict_chemical__fold4__draw00__n100__descriptor_lightgbm_rdkit_mordred,descriptor_lightgbm_rdkit_mordred,100,4,/home/dan/projects/nesso-finetune/PXR/artifacts/experiments/affinity_comparison_20260906/controls_v1/cells/strict_chemical__fold4__draw00__n100__descriptor_lightgbm_rdkit_mordred,reused historical fit
strict_chemical__fold4__draw00__n100__native_continuous,native_continuous,100,4,/home/dan/projects/nesso-finetune/PXR/artifacts/experiments/affinity_comparison_20260906/controls_v1/cells/strict_chemical__fold4__draw00__n100__native_continuous,fresh native capture
strict_chemical__fold4__draw00__n100__repr_ridge_stable,repr_ridge_stable,100,4,/home/dan/projects/nesso-finetune/PXR/artifacts/experiments/affinity_comparison_20260906/controls_v1/cells/strict_chemical__fold4__draw00__n100__repr_ridge_stable,fresh fitted ridge
strict_chemical__fold4__draw00__n500__descriptor_lightgbm_rdkit_mordred,descriptor_lightgbm_rdkit_mordred,500,4,/home/dan/projects/nesso-finetune/PXR/artifacts/experiments/affinity_comparison_20260906/controls_v1/cells/strict_chemical__fold4__draw00__n500__descriptor_lightgbm_rdkit_mordred,reused historical fit
strict_chemical__fold4__draw00__n500__native_continuous,native_continuous,500,4,/home/dan/projects/nesso-finetune/PXR/artifacts/experiments/affinity_comparison_20260906/controls_v1/cells/strict_chemical__fold4__draw00__n500__native_continuous,fresh native capture
strict_chemical__fold4__draw00__n500__repr_ridge_stable,repr_ridge_stable,500,4,/home/dan/projects/nesso-finetune/PXR/artifacts/experiments/affinity_comparison_20260906/controls_v1/cells/strict_chemical__fold4__draw00__n500__repr_ridge_stable,fresh fitted ridge
