budget,method,subset,fold,n,mae,weighted_mae,spearman,bias,weight_sum,coverage_80,coverage_90
100,descriptor_lightgbm_rdkit_mordred,full,0,669,0.6763217676516847,0.5708976014492818,0.5307655855443648,0.17294287574488362,4496.998999397697,0.6920777279521674,0.7428998505231689
100,descriptor_lightgbm_rdkit_mordred,full,1,669,0.7704121731959641,0.6588434122011724,0.5053472777445991,0.06903286035126459,4503.669508077221,0.8251121076233184,0.874439461883408
100,descriptor_lightgbm_rdkit_mordred,full,2,669,0.7568507861129212,0.5827613419290127,0.5831019378206571,0.2931822178392683,4365.681885100077,0.7144992526158446,0.8325859491778774
100,descriptor_lightgbm_rdkit_mordred,full,3,668,0.71674599965534,0.645348061073577,0.5432107573073562,0.05851102719638396,4443.668686479243,0.7200598802395209,0.8502994011976048
100,descriptor_lightgbm_rdkit_mordred,full,4,669,0.8046301041487611,0.5925839572340841,0.44329962582886373,0.4345996234799371,4385.667432154742,0.8490284005979073,0.9237668161434978
100,descriptor_lightgbm_rdkit_mordred,lt215,0,39,1.181323889540974,0.9088316388909164,-0.07846909581615161,1.14935594910883,106.17284230237523,0.3333333333333333,0.41025641025641024
100,descriptor_lightgbm_rdkit_mordred,lt215,1,36,1.4907751507320088,1.2218466570560433,0.031925850697713455,1.4812126824504446,94.3993671778704,0.3888888888888889,0.5
100,descriptor_lightgbm_rdkit_mordred,lt215,2,70,1.1814419713428006,1.016196022781452,0.03133339784592053,1.155668999855721,164.74475022204064,0.3142857142857143,0.5571428571428572
100,descriptor_lightgbm_rdkit_mordred,lt215,3,43,0.6391843221885595,0.5615660717402527,0.14803066866646808,0.4867237391492536,106.06580514623882,0.7209302325581395,0.9534883720930233
100,descriptor_lightgbm_rdkit_mordred,lt215,4,49,1.7207885410375818,1.5525980693962387,0.2891731991083743,1.7207885410375818,113.82116709697485,0.40816326530612246,0.7959183673469388
100,descriptor_lightgbm_rdkit_mordred,gt215,0,630,0.6450597315347286,0.5627261512523942,0.4618564322066983,0.1124982569175917,4390.826157095322,0.7142857142857143,0.7634920634920634
100,descriptor_lightgbm_rdkit_mordred,gt215,1,633,0.7294436626251939,0.6467899093911704,0.46702598553789504,-0.011280684033522894,4409.270140899351,0.8499210110584519,0.8957345971563981
100,descriptor_lightgbm_rdkit_mordred,gt215,2,599,0.7072324506102642,0.5657636849915262,0.4721894094427854,0.19239077419794665,4200.937134878037,0.7612687813021702,0.8647746243739566
100,descriptor_lightgbm_rdkit_mordred,gt215,3,625,0.7220822430650545,0.6473967511907925,0.46993019829822635,0.029049992614026524,4337.602881333003,0.72,0.8432
100,descriptor_lightgbm_rdkit_mordred,gt215,4,620,0.7322240341365801,0.5670048703718875,0.3412221302165357,0.3329492090278007,4271.846265057767,0.8838709677419355,0.9338709677419355
100,head_only,full,0,669,0.7480928138624572,0.5709397830307663,0.4621469103242243,0.4680610456737524,4496.998999397697,0.6651718983557549,0.8699551569506726
100,head_only,full,1,669,0.7933969903049355,0.5927143279896672,0.3875451177300334,0.35656743003077424,4503.669508077221,0.7742899850523169,0.9476831091180867
100,head_only,full,2,669,0.8337077064970326,0.5933095227965418,0.46062522018117114,0.48730670410065013,4365.681885100077,0.828101644245142,0.8729446935724963
100,head_only,full,3,668,0.7796359945057394,0.6002490909069239,0.4786697510642874,0.44381557361808366,4443.668686479243,0.7859281437125748,0.812874251497006
100,head_only,full,4,669,0.798480545280582,0.5901407785809261,0.4360200001856103,0.45294464520452987,4385.667432154742,0.8340807174887892,0.953662182361734
100,head_only,lt215,0,39,1.3661082925551977,1.1071374370461062,-0.06864432836636898,1.2978870218228071,106.17284230237523,0.2564102564102564,0.5641025641025641
100,head_only,lt215,1,36,1.441144982179006,1.1934973359515029,0.013259526701066475,1.2165339541435243,94.3993671778704,0.3611111111111111,0.9444444444444444
100,head_only,lt215,2,70,1.327400340080261,1.1601967910260707,0.1008837184052838,1.3020309814725604,164.74475022204064,0.6285714285714286,0.7857142857142857
100,head_only,lt215,3,43,1.145043215197186,1.0739842397877513,0.26721046211324695,1.1105936125821845,106.06580514623882,0.5348837209302325,0.5813953488372093
100,head_only,lt215,4,49,1.4540684262100532,1.2879130439831636,0.037614517087534494,1.4342378602709087,113.82116709697485,0.5102040816326531,0.9795918367346939
100,head_only,gt215,0,630,0.7098347128005256,0.557974198212365,0.3807857072910347,0.4166908661978585,4390.826157095322,0.6904761904761905,0.8888888888888888
100,head_only,gt215,1,633,0.7565582419519078,0.5798519870691703,0.3138163478167764,0.3076593812660681,4409.270140899351,0.7977883096366508,0.9478672985781991
100,head_only,gt215,2,599,0.7760140765290429,0.5710783637931971,0.3415919307146332,0.3920968553259695,4200.937134878037,0.8514190317195326,0.8831385642737897
100,head_only,gt215,3,625,0.754495977722168,0.5886650198504523,0.4005113669327059,0.3979412445373535,4337.602881333003,0.8032,0.8288
100,head_only,gt215,4,620,0.7466679546909949,0.5715489921054573,0.33607202462315144,0.375390826594445,4271.846265057767,0.8596774193548387,0.9516129032258065
100,head_plus_lora,full,0,669,0.71918641761814,0.5674216619925861,0.504800050107227,0.4061146575346121,4496.998999397697,0.7144992526158446,0.8639760837070254
100,head_plus_lora,full,1,669,0.7668035977859754,0.5817993108537675,0.451942238652059,0.31938524221054493,4503.669508077221,0.7593423019431988,0.9626307922272048
100,head_plus_lora,full,2,669,0.7833308482490847,0.5793646173481563,0.5316753512805468,0.4018896715024483,4365.681885100077,0.8340807174887892,0.8804185351270553
100,head_plus_lora,full,3,668,0.7628758784825216,0.5933793709045044,0.5282690669785458,0.4248908226504297,4443.668686479243,0.812874251497006,0.8248502994011976
100,head_plus_lora,full,4,669,0.7853497373184638,0.593839966497587,0.44894519074393685,0.41357554354475223,4385.667432154742,0.8236173393124065,0.9551569506726457
100,head_plus_lora,lt215,0,39,1.1582623865665533,0.9404537778659561,-0.04080186479593908,1.0099761691460243,106.17284230237523,0.38461538461538464,0.5897435897435898
100,head_plus_lora,lt215,1,36,1.2816217335065205,1.0527826736404027,0.03179711742877107,0.9400298481517368,94.3993671778704,0.4444444444444444,0.9722222222222222
100,head_plus_lora,lt215,2,70,1.1130069762638637,0.9896914607915502,0.1022836659286876,0.995049680164882,164.74475022204064,0.7285714285714285,0.8285714285714286
100,head_plus_lora,lt215,3,43,1.0823093234661012,1.0100339988642464,0.32710246224207823,1.05153128136036,106.06580514623882,0.5813953488372093,0.6511627906976745
100,head_plus_lora,lt215,4,49,1.3204489667075021,1.2127328616188051,0.01668920907411639,1.1420101833343506,113.82116709697485,0.5102040816326531,0.9795918367346939
100,head_plus_lora,gt215,0,630,0.6920055243022858,0.5584015189499507,0.43078601324731886,0.36873275443485803,4390.826157095322,0.734920634920635,0.8809523809523809
100,head_plus_lora,gt215,1,633,0.7375248412521056,0.5717158888864993,0.38658775729809475,0.28408791864990846,4409.270140899351,0.7772511848341233,0.9620853080568721
100,head_plus_lora,gt215,2,599,0.7448044226046197,0.563273161760487,0.4234710598484095,0.33257214127478496,4200.937134878037,0.8464106844741235,0.8864774624373957
100,head_plus_lora,gt215,3,625,0.7408988574676514,0.5831910687958349,0.45531080513155964,0.38177795909118656,4337.602881333003,0.8288,0.8368
100,head_plus_lora,gt215,4,620,0.7430596369312655,0.5773498806518198,0.35452388206970525,0.3560057091097678,4271.846265057767,0.8483870967741935,0.9532258064516129
100,mw,full,0,669,0.7387725530990421,0.580515296865883,0.36564422759686155,0.3847383332843996,4496.998999397697,0.5560538116591929,0.8460388639760837
100,mw,full,1,669,0.8172423018763522,0.6732730154253759,0.29508305641735394,0.20483675817950237,4503.669508077221,0.8565022421524664,0.8878923766816144
100,mw,full,2,669,0.8366467925179677,0.6243716561294109,0.3420412994298935,0.43223899697305795,4365.681885100077,0.8146487294469357,0.898355754857997
100,mw,full,3,668,0.7833033074094011,0.6357125190921356,0.3784753964606075,0.31939762452592785,4443.668686479243,0.7245508982035929,0.7979041916167665
100,mw,full,4,669,0.856033741623244,0.6155019418564192,0.35104582385961797,0.5022465213015859,4385.667432154742,0.820627802690583,0.9147982062780269
100,mw,lt215,0,39,1.2793578247959123,1.0154791078804362,0.020150878668984202,1.2548063205725508,106.17284230237523,0.1282051282051282,0.5384615384615384
100,mw,lt215,1,36,1.0536541539696813,0.8599688929041345,0.288619988968845,1.0109442187400242,94.3993671778704,0.6666666666666666,0.8611111111111112
100,mw,lt215,2,70,0.9682835381504508,0.8364678976491587,0.19534798253036748,0.9253205843155967,164.74475022204064,0.7428571428571429,1.0
100,mw,lt215,3,43,0.8621068466146443,0.7247395573883676,0.11392309435672737,0.8274967918985511,106.06580514623882,0.6744186046511628,0.7441860465116279
100,mw,lt215,4,49,1.975551537086266,1.7816737779142902,0.2213997663282709,1.975551537086266,113.82116709697485,0.2857142857142857,0.7346938775510204
100,mw,gt215,0,630,0.7053077505654263,0.5699976078338401,0.2632271496924461,0.3308769816903711,4390.826157095322,0.5825396825396826,0.8650793650793651
100,mw,gt215,1,633,0.8037970780606177,0.6692759882246071,0.19526584429673163,0.15899178411918835,4409.270140899351,0.8672985781990521,0.8894154818325435
100,mw,gt215,2,599,0.8212635334290297,0.6160540495548916,0.1541897513578126,0.3746167747460501,4200.937134878037,0.8230383973288815,0.8864774624373957
100,mw,gt215,3,625,0.7778816239120803,0.6335355737250733,0.2726994052972559,0.2844404018106913,4337.602881333003,0.728,0.8016
100,mw,gt215,4,620,0.7675557223043922,0.5844298874846466,0.21737527170869111,0.38580789908634505,4271.846265057767,0.8629032258064516,0.9290322580645162
100,native,full,0,669,0.7706785167250175,0.59485017805795,0.36579239776164973,0.39726036872459786,4496.998999397697,0.6846038863976084,0.8789237668161435
100,native,full,1,669,0.8112998877449816,0.6329905989491499,0.39009890978081785,0.2829804990179941,4503.669508077221,0.7668161434977578,0.9446935724962631
100,native,full,2,669,0.881345122456258,0.6276050044572259,0.4160595298980711,0.45733116956585473,4365.681885100077,0.8460388639760837,0.874439461883408
100,native,full,3,668,0.8249086208547678,0.6396061040386817,0.38650165630565103,0.4069824722590178,4443.668686479243,0.7544910179640718,0.8263473053892215
100,native,full,4,669,0.8347000800673429,0.6139463506536452,0.3668138324320513,0.452122732239035,4385.667432154742,0.8325859491778774,0.9342301943198804
100,native,lt215,0,39,1.8342536987775027,1.52374579387109,-0.171813311560071,1.8342536987775027,106.17284230237523,0.1282051282051282,0.4358974358974359
100,native,lt215,1,36,1.6684771932762223,1.3905691864988199,0.00566426383346529,1.6684771932762223,94.3993671778704,0.25,0.8333333333333334
100,native,lt215,2,70,1.7977010072942168,1.594857896330799,0.06747747062806148,1.7977010072942168,164.74475022204064,0.4857142857142857,0.6
100,native,lt215,3,43,1.5502380521247585,1.4026937618920645,0.3160001620920931,1.5502380521247585,106.06580514623882,0.27906976744186046,0.4186046511627907
100,native,lt215,4,49,1.833665176055364,1.6243203611313282,-0.05649833163622888,1.829263187259277,113.82116709697485,0.32653061224489793,0.8367346938775511
100,native,gt215,0,630,0.7048381483122447,0.5723889181026391,0.29305711417207314,0.30830363876894185,4390.826157095322,0.719047619047619,0.9063492063492063
100,native,gt215,1,633,0.7625504675251955,0.6167713751395589,0.329392286377013,0.20418447849145982,4409.270140899351,0.7962085308056872,0.9510268562401264
100,native,gt215,2,599,0.7742584581179324,0.5896730309577259,0.31514870717709914,0.3006936259248108,4200.937134878037,0.8881469115191987,0.9065108514190318
100,native,gt215,3,625,0.7750059559833926,0.6209466026869804,0.3115293704665425,0.32832648836425476,4337.602881333003,0.7872,0.8544
100,native,gt215,4,620,0.7557496128037733,0.58702544996073,0.2844766969170777,0.3432842124067901,4271.846265057767,0.8725806451612903,0.9419354838709677
100,native_continuous,full,0,669,0.8549556173087948,0.6256927904124258,0.36579239776164973,0.6584732224160781,4496.998999397697,0.7683109118086696,0.85949177877429
100,native_continuous,full,1,669,0.8761619139166775,0.5892485393151774,0.39009890978081785,0.6538977656820522,4503.669508077221,0.7892376681614349,0.9446935724962631
100,native_continuous,full,2,669,0.9877301069296708,0.6407163955209086,0.4160595298980711,0.7864688360673251,4365.681885100077,0.8460388639760837,0.8714499252615845
100,native_continuous,full,3,668,0.9311966386669411,0.6576197209968854,0.38650165630565103,0.7316728619901007,4443.668686479243,0.7679640718562875,0.8488023952095808
100,native_continuous,full,4,669,0.9206016473812907,0.6235658460253097,0.3668138324320513,0.7328563710713066,4385.667432154742,0.8310911808669657,0.9417040358744395
100,native_continuous,lt215,0,39,1.9500124721038037,1.6343738260603702,-0.171813311560071,1.9500124721038037,106.17284230237523,0.2564102564102564,0.4358974358974359
100,native_continuous,lt215,1,36,2.0461524279912306,1.7681243751412332,0.00566426383346529,2.0461524279912306,94.3993671778704,0.16666666666666666,0.8333333333333334
100,native_continuous,lt215,2,70,2.1477693413325727,1.9442975428730616,0.06747747062806148,2.1477693413325727,164.74475022204064,0.45714285714285713,0.5857142857142857
100,native_continuous,lt215,3,43,2.0405349562888926,1.876623833312092,0.3160001620920931,2.0405349562888926,106.06580514623882,0.16279069767441862,0.4418604651162791
100,native_continuous,lt215,4,49,2.0947972663567986,1.8759794906583394,-0.05649833163622888,2.0947972663567986,113.82116709697485,0.32653061224489793,0.9183673469387755
100,native_continuous,gt215,0,630,0.7871663834405322,0.6013022705649963,0.29305711417207314,0.5785207926735045,4390.826157095322,0.8,0.8857142857142857
100,native_continuous,gt215,1,633,0.8096221690403997,0.5640096382437714,0.329392286377013,0.574717405740298,4409.270140899351,0.8246445497630331,0.9510268562401264
100,native_continuous,gt215,2,599,0.8521662564986138,0.5895949091431014,0.31514870717709914,0.6273853045672129,4200.937134878037,0.8914858096828047,0.9048414023372288
100,native_continuous,gt215,3,625,0.8548741624145508,0.627811862558366,0.3115293704665425,0.6416231499023437,4337.602881333003,0.8096,0.8768
100,native_continuous,gt215,4,620,0.8278023162041941,0.5901959226068743,0.2844766969170777,0.6252191067664854,4271.846265057767,0.8709677419354839,0.9435483870967742
100,native_mw,full,0,669,0.7166687095456664,0.5744994194795516,0.44179666034890647,0.34973107326158254,4496.998999397697,0.6188340807174888,0.820627802690583
100,native_mw,full,1,669,0.7820104855941528,0.6289812913349487,0.41170612670616524,0.228306385293238,4503.669508077221,0.7608370702541106,0.9387144992526159
100,native_mw,full,2,669,0.7976281219850921,0.6071932291962983,0.4501340359718753,0.36723417809146985,4365.681885100077,0.8236173393124065,0.8759342301943199
100,native_mw,full,3,668,0.7543498661755718,0.6047338304956674,0.45995742196001416,0.3348875362224552,4443.668686479243,0.7320359281437125,0.8023952095808383
100,native_mw,full,4,669,0.8322074051760704,0.6124970479116416,0.3721500655153212,0.4511846763143047,4385.667432154742,0.8325859491778774,0.9417040358744395
100,native_mw,lt215,0,39,1.0841224421901465,0.8532307499490167,-0.06732813917940321,0.9984120975932853,106.17284230237523,0.2564102564102564,0.5897435897435898
100,native_mw,lt215,1,36,1.0703693959664236,0.8644475455860988,0.14405252794653772,1.032463546143405,94.3993671778704,0.5,0.9722222222222222
100,native_mw,lt215,2,70,0.8633934804862413,0.7562503702850935,0.18176568656993633,0.7798067332324367,164.74475022204064,0.7857142857142857,0.9571428571428572
100,native_mw,lt215,3,43,0.8363824249145893,0.7286591072387227,0.2535402830170068,0.7961486161744955,106.06580514623882,0.6511627906976745,0.7906976744186046
100,native_mw,lt215,4,49,1.8113557815438686,1.6043600768568864,-0.0534360914391433,1.8060852914066363,113.82116709697485,0.32653061224489793,0.9183673469387755
100,native_mw,gt215,0,630,0.693921573715294,0.5677595266812807,0.3526264849097049,0.30957462889819143,4390.826157095322,0.6412698412698413,0.834920634920635
100,native_mw,gt215,1,633,0.7656109267104217,0.6239401247285139,0.33005087942787986,0.18257232875199625,4409.270140899351,0.7756714060031595,0.9368088467614534
100,native_mw,gt215,2,599,0.7899426877695986,0.6013477759821554,0.3000385848672369,0.3190203569564654,4200.937134878037,0.8280467445742905,0.8664440734557596
100,native_mw,gt215,3,625,0.7487060261343272,0.6017035313614869,0.3708365945678812,0.30315277392175494,4337.602881333003,0.7376,0.8032
100,native_mw,gt215,4,620,0.7548230980115187,0.5860693628897506,0.2867880695130717,0.3441038212505559,4271.846265057767,0.8725806451612903,0.9435483870967742
100,native_mw_interaction,full,0,669,0.7041518233706564,0.564007191216057,0.4371816322458071,0.33628474413427667,4496.998999397697,0.5650224215246636,0.8251121076233184
100,native_mw_interaction,full,1,669,0.7500452454714182,0.6090139524072083,0.40430648217634246,0.209827921660664,4503.669508077221,0.8086696562032885,0.9267563527653214
100,native_mw_interaction,full,2,669,0.7641500053245912,0.5824004111978475,0.43539997556565274,0.3280236945213034,4365.681885100077,0.8370702541106129,0.8759342301943199
100,native_mw_interaction,full,3,668,0.743853957653905,0.5932183666616143,0.4573492094368426,0.33718977956138485,4443.668686479243,0.7365269461077845,0.7784431137724551
100,native_mw_interaction,full,4,669,0.7593938282340661,0.585346338840127,0.38380565382338055,0.36195933793936136,4385.667432154742,0.8490284005979073,0.9417040358744395
100,native_mw_interaction,lt215,0,39,0.9960533266961438,0.7962396631137768,-0.07623772752194076,0.8554228290241763,106.17284230237523,0.23076923076923078,0.6153846153846154
100,native_mw_interaction,lt215,1,36,0.8340574641764386,0.7027925979106994,0.12178167241950374,0.5919479908397781,94.3993671778704,0.7222222222222222,0.9722222222222222
100,native_mw_interaction,lt215,2,70,0.7293841213353875,0.7141278924311968,0.15425671773505234,0.4343072373646991,164.74475022204064,0.8714285714285714,0.9285714285714286
100,native_mw_interaction,lt215,3,43,0.7636212291699934,0.6902929693274124,0.26003550623400484,0.6585172719321225,106.06580514623882,0.7209302325581395,0.7906976744186046
100,native_mw_interaction,lt215,4,49,0.976693474448944,0.9717513291801405,0.036848957038263096,0.6748942804503065,113.82116709697485,0.7346938775510204,0.9795918367346939
100,native_mw_interaction,gt215,0,630,0.68608173030765,0.5583916690491311,0.3472046195653761,0.30414762459347333,4390.826157095322,0.5857142857142857,0.8380952380952381
100,native_mw_interaction,gt215,1,633,0.7452672993839289,0.6070062176784575,0.32516472932452534,0.18809597459834473,4409.270140899351,0.8135860979462876,0.9241706161137441
100,native_mw_interaction,gt215,2,599,0.7682127964418605,0.5772345612228521,0.28704706953994025,0.315603247110556,4200.937134878037,0.8330550918196995,0.8697829716193656
100,native_mw_interaction,gt215,3,625,0.7424939693735981,0.5908446371680018,0.36805043738456317,0.31508244808627806,4337.602881333003,0.7376,0.7776
100,native_mw_interaction,gt215,4,620,0.7422201465170837,0.5750507747576024,0.28323424194006136,0.33722738280543185,4271.846265057767,0.8580645161290322,0.9387096774193548
100,repr_ridge_stable,full,0,669,0.7465626458764129,0.5772258850419009,0.4806350175011031,0.35661973041376827,4496.998999397697,0.8714499252615845,0.8863976083707026
100,repr_ridge_stable,full,1,669,0.8013642350862628,0.7082380638064008,0.4263915131134515,0.031188155176694564,4503.669508077221,0.7354260089686099,0.9073243647234679
100,repr_ridge_stable,full,2,669,0.8253122589272499,0.6194564489059294,0.4829620706660865,0.31400709366191343,4365.681885100077,0.8385650224215246,0.8729446935724963
100,repr_ridge_stable,full,3,668,0.7336520536180996,0.6121662777229675,0.5191202844390196,0.2241640293372615,4443.668686479243,0.8218562874251497,0.8697604790419161
100,repr_ridge_stable,full,4,669,0.7243116244390216,0.574692173420879,0.4929377824239169,0.28130665129776783,4385.667432154742,0.7518684603886397,0.9491778774289985
100,repr_ridge_stable,lt215,0,39,1.8297167944049464,1.7046280406384362,0.0769464447764608,1.4040100192773513,106.17284230237523,0.48717948717948717,0.5641025641025641
100,repr_ridge_stable,lt215,1,36,1.0972927098265872,0.9255805211034714,0.10504634745699265,0.8860540394764658,94.3993671778704,0.4722222222222222,0.8333333333333334
100,repr_ridge_stable,lt215,2,70,1.7474843574456227,1.5603085612824321,0.020859218098716097,1.3114749426230383,164.74475022204064,0.6428571428571429,0.7285714285714285
100,repr_ridge_stable,lt215,3,43,0.9453117758831173,0.8260550832137421,0.1704618465205196,0.4131225701490797,106.06580514623882,0.5813953488372093,0.7209302325581395
100,repr_ridge_stable,lt215,4,49,1.1245459122479904,1.0166979526704716,-0.11263940191613112,1.0005890230572938,113.82116709697485,0.46938775510204084,0.8979591836734694
100,repr_ridge_stable,gt215,0,630,0.679510246205599,0.549964616434379,0.4076725673781403,0.2917812839603084,4390.826157095322,0.8952380952380953,0.9063492063492063
100,repr_ridge_stable,gt215,1,633,0.7845341796507941,0.7035849149236828,0.3624196396854431,-0.017429809807178683,4409.270140899351,0.7503949447077409,0.9115323854660348
100,repr_ridge_stable,gt215,2,599,0.7175459035077406,0.5825598133998982,0.45323393125767425,0.19744156874158159,4200.937134878037,0.8614357262103506,0.8898163606010017
100,repr_ridge_stable,gt215,3,625,0.7190898647262663,0.6069361335657472,0.44365284831261886,0.2111636817294084,4337.602881333003,0.8384,0.88
100,repr_ridge_stable,gt215,4,620,0.6926802049186354,0.5629151546481505,0.4200336934478859,0.2244601412716117,4271.846265057767,0.7741935483870968,0.9532258064516129
500,descriptor_lightgbm_rdkit_mordred,full,0,669,0.561888359114716,0.5028947104224021,0.6351997258875559,0.061345606455312715,4496.998999397697,0.8385650224215246,0.9267563527653214
500,descriptor_lightgbm_rdkit_mordred,full,1,669,0.597619078121371,0.48687990592479313,0.6369135395382672,0.18052177488379653,4503.669508077221,0.7757847533632287,0.8430493273542601
500,descriptor_lightgbm_rdkit_mordred,full,2,669,0.6082422261199333,0.4798752959071766,0.7069053938306059,0.23877685331511933,4365.681885100077,0.7668161434977578,0.8639760837070254
500,descriptor_lightgbm_rdkit_mordred,full,3,668,0.6201510876717021,0.5342879018175881,0.6273098650423571,0.15052242954583464,4443.668686479243,0.75,0.8517964071856288
500,descriptor_lightgbm_rdkit_mordred,full,4,669,0.6103076605325771,0.4987737263268395,0.6654666204731364,0.21728655310412195,4385.667432154742,0.7623318385650224,0.9073243647234679
500,descriptor_lightgbm_rdkit_mordred,lt215,0,39,0.6143762428604511,0.6269834068321725,0.1711132541023177,0.34329241097962576,106.17284230237523,0.7948717948717948,0.9230769230769231
500,descriptor_lightgbm_rdkit_mordred,lt215,1,36,0.4859765645912528,0.41447311491937533,0.49266222024253786,0.3279636799869718,94.3993671778704,0.7777777777777778,1.0
500,descriptor_lightgbm_rdkit_mordred,lt215,2,70,0.7272020289976003,0.6546282854462278,0.14526205489718316,0.6319580766404223,164.74475022204064,0.6142857142857143,0.8142857142857143
500,descriptor_lightgbm_rdkit_mordred,lt215,3,43,0.7324900371793739,0.6584074254523018,0.18956988691471163,0.598069562252609,106.06580514623882,0.627906976744186,0.813953488372093
500,descriptor_lightgbm_rdkit_mordred,lt215,4,49,0.7265871785520347,0.6181004471697158,0.33756094439206663,0.6711845759409562,113.82116709697485,0.5714285714285714,0.9591836734693877
500,descriptor_lightgbm_rdkit_mordred,gt215,0,630,0.5586391091685515,0.4998941704046353,0.5766361392020566,0.04389175665142668,4390.826157095322,0.8412698412698413,0.926984126984127
500,descriptor_lightgbm_rdkit_mordred,gt215,1,633,0.6039684153837473,0.4884300843062195,0.5868636399975959,0.17213645326655438,4409.270140899351,0.7756714060031595,0.8341232227488151
500,descriptor_lightgbm_rdkit_mordred,gt215,2,599,0.5943404127619422,0.47302214940966253,0.6284530641896755,0.19282913105673669,4200.937134878037,0.7846410684474123,0.8697829716193656
500,descriptor_lightgbm_rdkit_mordred,gt215,3,625,0.6124221679455741,0.5312528528357326,0.5652644424291868,0.11973118681560858,4337.602881333003,0.7584,0.8544
500,descriptor_lightgbm_rdkit_mordred,gt215,4,620,0.6011178276568458,0.49559432665057157,0.5992827039483716,0.18141396742830768,4271.846265057767,0.7774193548387097,0.9032258064516129
500,head_only,full,0,669,0.7386620319121265,0.5657438849231775,0.46383216709111297,0.42712682119577633,4496.998999397697,0.8266068759342302,0.9282511210762332
500,head_only,full,1,669,0.7851257389742963,0.5644591391379813,0.450842969845265,0.42528181706628665,4503.669508077221,0.7115097159940209,0.8579970104633782
500,head_only,full,2,669,0.8533607954045225,0.5875627655441444,0.5046984699047697,0.544422143086546,4365.681885100077,0.7204783258594918,0.8415545590433483
500,head_only,full,3,668,0.7830738561881515,0.5899578563498898,0.4946689739139924,0.459198837879889,4443.668686479243,0.7320359281437125,0.9206586826347305
500,head_only,full,4,669,0.8058659239627854,0.5790698929101975,0.4415881466921132,0.4932518473512567,4385.667432154742,0.8176382660687593,0.9043348281016442
500,head_only,lt215,0,39,1.4734603192256044,1.2409259730893116,0.027437482282132733,1.3463634916452263,106.17284230237523,0.38461538461538464,0.7435897435897436
500,head_only,lt215,1,36,1.568143399026659,1.3147278228277823,0.038362514144833104,1.4469469870461358,94.3993671778704,0.25,0.5555555555555556
500,head_only,lt215,2,70,1.5446031569072178,1.363714800402344,0.12751772003804046,1.5092275849751065,164.74475022204064,0.22857142857142856,0.5857142857142857
500,head_only,lt215,3,43,1.312142353279646,1.2169551454777197,0.21781655532351726,1.2986565299366795,106.06580514623882,0.37209302325581395,0.8604651162790697
500,head_only,lt215,4,49,1.6104573415250194,1.429301648479276,0.0339398288510318,1.5981861820999457,113.82116709697485,0.3877551020408163,0.7142857142857143
500,head_only,gt215,0,630,0.6931745188879589,0.5494175721047092,0.38525414077363274,0.370221693977477,4390.826157095322,0.8539682539682539,0.9396825396825397
500,head_only,gt215,1,633,0.7405939289239248,0.5483964152198578,0.3884915501484758,0.3671776367830725,4409.270140899351,0.7377567140600316,0.8751974723538705
500,head_only,gt215,2,599,0.7725812206045415,0.5571250396245074,0.3854494794124543,0.43167359395098814,4200.937134878037,0.7779632721202003,0.8714524207011686
500,head_only,gt215,3,625,0.7466739435882569,0.57462612264461,0.4206832658560098,0.40144414866638184,4337.602881333003,0.7568,0.9248
500,head_only,gt215,4,620,0.7422772474135123,0.5564159010019767,0.34530054646232533,0.40592639186305385,4271.846265057767,0.8516129032258064,0.9193548387096774
500,head_plus_lora,full,0,669,0.7085494885351983,0.5540958757996427,0.5156653853117988,0.3796487077219782,4496.998999397697,0.8056801195814649,0.9387144992526159
500,head_plus_lora,full,1,669,0.7409489753770273,0.542774698103155,0.5244963044443907,0.38137604676874437,4503.669508077221,0.6860986547085202,0.866965620328849
500,head_plus_lora,full,2,669,0.8071566714299635,0.5677238094230915,0.5607239337372613,0.48645250058138495,4365.681885100077,0.7309417040358744,0.852017937219731
500,head_plus_lora,full,3,668,0.7510099764926705,0.573898677704325,0.5410745766401143,0.3991750942875525,4443.668686479243,0.7544910179640718,0.9011976047904192
500,head_plus_lora,full,4,669,0.7750029209661554,0.5671130908946506,0.49553638305220227,0.4567597886585869,4385.667432154742,0.820627802690583,0.9088191330343797
500,head_plus_lora,lt215,0,39,1.2951616319020587,1.0770037435340012,-0.03401842821696161,1.143937528805855,106.17284230237523,0.358974358974359,0.7948717948717948
500,head_plus_lora,lt215,1,36,1.3690064186520046,1.13313033240793,0.0494335752738789,1.2585115517510308,94.3993671778704,0.2777777777777778,0.5277777777777778
500,head_plus_lora,lt215,2,70,1.3701648344312396,1.2212580681297376,0.10352611935570842,1.2461916234152657,164.74475022204064,0.37142857142857144,0.6714285714285714
500,head_plus_lora,lt215,3,43,1.1820283055859941,1.1431927631743286,0.18322571540043445,0.8196489697833392,106.06580514623882,0.46511627906976744,0.7674418604651163
500,head_plus_lora,lt215,4,49,1.4394457768420785,1.2826387832392432,0.028019497803333022,1.416751171228837,113.82116709697485,0.42857142857142855,0.7346938775510204
500,head_plus_lora,gt215,0,630,0.6722354034696306,0.5414516460822087,0.4445371676055429,0.33233559022630965,4390.826157095322,0.8333333333333334,0.9476190476190476
500,head_plus_lora,gt215,1,633,0.7052300686504882,0.5301355999060792,0.47020380976614334,0.3314915630730693,4409.270140899351,0.7093206951026856,0.8862559241706162
500,head_plus_lora,gt215,2,599,0.7413627291760579,0.5420946855501634,0.45287189647813186,0.3976682959096459,4200.937134878037,0.7729549248747913,0.8731218697829716
500,head_plus_lora,gt215,3,625,0.7213559154510498,0.5599779391783929,0.47475300499843714,0.37024649165344237,4337.602881333003,0.7744,0.9104
500,head_plus_lora,gt215,4,620,0.7224905017114456,0.5480482734042132,0.4087906981949829,0.3808895019715832,4271.846265057767,0.8516129032258064,0.9225806451612903
500,mw,full,0,669,0.76584449599319,0.600837703443227,0.36569546172129097,0.3416732640325714,4496.998999397697,0.8505231689088192,0.9312406576980568
500,mw,full,1,669,0.8196333893832567,0.6317496235380671,0.29512121035772904,0.32967293060591635,4503.669508077221,0.7324364723467862,0.866965620328849
500,mw,full,2,669,0.8739234574409024,0.6224028006853222,0.34204305706307003,0.48088648147473323,4365.681885100077,0.6935724962630793,0.828101644245142
500,mw,full,3,668,0.8132703311887167,0.6308886573292971,0.3784745940143502,0.37270584792734507,4443.668686479243,0.718562874251497,0.8982035928143712
500,mw,full,4,669,0.8267350919767542,0.6161833222021006,0.35105523503403807,0.46170592355118484,4385.667432154742,0.7982062780269058,0.9013452914798207
500,mw,lt215,0,39,1.8020065810728028,1.50712457454431,0.020150878668984202,1.8020065810728028,106.17284230237523,0.3333333333333333,0.6410256410256411
500,mw,lt215,1,36,1.3075871842869602,1.0701605341630818,0.288619988968845,1.291427291750171,94.3993671778704,0.3888888888888889,0.6666666666666666
500,mw,lt215,2,70,1.491793126804409,1.3003196356013396,0.19540923934520923,1.4818744460009488,164.74475022204064,0.14285714285714285,0.5571428571428572
500,mw,lt215,3,43,1.4232861573794198,1.2340773243858538,0.11459867807985955,1.4213931963604924,106.06580514623882,0.32558139534883723,0.7674418604651163
500,mw,lt215,4,49,1.5885180084745154,1.4002365846936227,0.22132612374961433,1.5885180084745154,113.82116709697485,0.32653061224489793,0.8367346938775511
500,mw,gt215,0,630,0.701701128821595,0.5789231366616118,0.26328718954032115,0.2512716777396047,4390.826157095322,0.8825396825396825,0.9492063492063492
500,mw,gt215,1,633,0.7918824626588754,0.6223635548227503,0.1953102547922347,0.27497600011429996,4409.270140899351,0.7519747235387045,0.8783570300157978
500,mw,gt215,2,599,0.801718320787404,0.595817485063169,0.15419341612248383,0.3639095907955428,4200.937134878037,0.7579298831385642,0.8597662771285476
500,mw,gt215,3,625,0.7713012423467964,0.6161391070876717,0.27269582830360584,0.30055615835514454,4337.602881333003,0.7456,0.9072
500,mw,gt215,4,620,0.7665296679309634,0.5952926225219779,0.2173851291694608,0.37265142006530877,4271.846265057767,0.8354838709677419,0.9064516129032258
500,native,full,0,669,0.759225058945295,0.6077142080655964,0.36579239776164973,0.3266768778638103,4496.998999397697,0.8475336322869955,0.9342301943198804
500,native,full,1,669,0.8181072404072534,0.6056585684281978,0.39009890978081785,0.3837110733802604,4503.669508077221,0.7204783258594918,0.8430493273542601
500,native,full,2,669,0.8941931655597871,0.6254354092348688,0.4160595298980711,0.4901815377022825,4365.681885100077,0.7279521674140508,0.8295964125560538
500,native,full,3,668,0.8260524684758804,0.6326553730038043,0.38650165630565103,0.39444065165202213,4443.668686479243,0.7275449101796407,0.9011976047904192
500,native,full,4,669,0.8310774256572259,0.6174515047481356,0.3668138324320513,0.4284101015694027,4385.667432154742,0.7997010463378177,0.8893871449925261
500,native,lt215,0,39,1.6411980558626122,1.335698846303981,-0.171813311560071,1.6279771094150581,106.17284230237523,0.4358974358974359,0.6666666666666666
500,native,lt215,1,36,1.8340174912455407,1.5549582282434342,0.00566426383346529,1.8340174912455407,94.3993671778704,0.1111111111111111,0.3888888888888889
500,native,lt215,2,70,1.9108982900459413,1.7056418255437868,0.06747747062806148,1.9108982900459413,164.74475022204064,0.11428571428571428,0.44285714285714284
500,native,lt215,3,43,1.7381857708644588,1.57082717097937,0.3160001620920931,1.7381857708644588,106.06580514623882,0.11627906976744186,0.627906976744186
500,native,lt215,4,49,1.8111613138274856,1.6037327397407506,-0.05649833163622888,1.8058115218570672,113.82116709697485,0.2857142857142857,0.5102040816326531
500,native,gt215,0,630,0.7046267305646993,0.5901110975281099,0.29305711417207314,0.24612019686301873,4390.826157095322,0.873015873015873,0.9507936507936507
500,native,gt215,1,633,0.7603303541036541,0.5853347315379391,0.329392286377013,0.3012291917955051,4409.270140899351,0.7551342812006319,0.8688783570300158
500,native,gt215,2,599,0.7753795450021398,0.5830738288233055,0.31514870717709914,0.3241545382631236,4200.937134878037,0.7996661101836394,0.8747913188647746
500,native,gt215,3,625,0.7632976972715464,0.6097146036802666,0.3115293704665425,0.3019909874502065,4337.602881333003,0.7696,0.92
500,native,gt215,4,620,0.7536191828824795,0.5911725437820187,0.2844766969170777,0.3195509570627969,4271.846265057767,0.8403225806451613,0.9193548387096774
500,native_continuous,full,0,669,0.8549556173087948,0.6256927904124258,0.36579239776164973,0.6584732224160781,4496.998999397697,0.8340807174887892,0.9342301943198804
500,native_continuous,full,1,669,0.8761619139166775,0.5892485393151774,0.39009890978081785,0.6538977656820522,4503.669508077221,0.7144992526158446,0.8460388639760837
500,native_continuous,full,2,669,0.9877301069296708,0.6407163955209086,0.4160595298980711,0.7864688360673251,4365.681885100077,0.7100149476831091,0.8460388639760837
500,native_continuous,full,3,668,0.9311966386669411,0.6576197209968854,0.38650165630565103,0.7316728619901007,4443.668686479243,0.7290419161676647,0.9041916167664671
500,native_continuous,full,4,669,0.9206016473812907,0.6235658460253097,0.3668138324320513,0.7328563710713066,4385.667432154742,0.7952167414050823,0.890881913303438
500,native_continuous,lt215,0,39,1.9500124721038037,1.6343738260603702,-0.171813311560071,1.9500124721038037,106.17284230237523,0.38461538461538464,0.6666666666666666
500,native_continuous,lt215,1,36,2.0461524279912306,1.7681243751412332,0.00566426383346529,2.0461524279912306,94.3993671778704,0.08333333333333333,0.3888888888888889
500,native_continuous,lt215,2,70,2.1477693413325727,1.9442975428730616,0.06747747062806148,2.1477693413325727,164.74475022204064,0.07142857142857142,0.45714285714285713
500,native_continuous,lt215,3,43,2.0405349562888926,1.876623833312092,0.3160001620920931,2.0405349562888926,106.06580514623882,0.06976744186046512,0.6511627906976745
500,native_continuous,lt215,4,49,2.0947972663567986,1.8759794906583394,-0.05649833163622888,2.0947972663567986,113.82116709697485,0.24489795918367346,0.5102040816326531
500,native_continuous,gt215,0,630,0.7871663834405322,0.6013022705649963,0.29305711417207314,0.5785207926735045,4390.826157095322,0.861904761904762,0.9507936507936507
500,native_continuous,gt215,1,633,0.8096221690403997,0.5640096382437714,0.329392286377013,0.574717405740298,4409.270140899351,0.7503949447077409,0.8720379146919431
500,native_continuous,gt215,2,599,0.8521662564986138,0.5895949091431014,0.31514870717709914,0.6273853045672129,4200.937134878037,0.7846410684474123,0.8914858096828047
500,native_continuous,gt215,3,625,0.8548741624145508,0.627811862558366,0.3115293704665425,0.6416231499023437,4337.602881333003,0.7744,0.9216
500,native_continuous,gt215,4,620,0.8278023162041941,0.5901959226068743,0.2844766969170777,0.6252191067664854,4271.846265057767,0.8387096774193549,0.9209677419354839
500,native_mw,full,0,669,0.7402791336066952,0.5941249123692235,0.41248882719004654,0.3166538941922802,4496.998999397697,0.8266068759342302,0.9267563527653214
500,native_mw,full,1,669,0.7849900326403588,0.5957065376224149,0.4154343344578934,0.33466411866886675,4503.669508077221,0.7040358744394619,0.8535127055306427
500,native_mw,full,2,669,0.8362652871726395,0.5978770912729356,0.458710986257252,0.45106460351528205,4365.681885100077,0.7369207772795217,0.8475336322869955
500,native_mw,full,3,668,0.7842829107632516,0.6100898375302527,0.4614044965054695,0.35653010821521897,4443.668686479243,0.7425149700598802,0.8997005988023952
500,native_mw,full,4,669,0.7947800370924087,0.6041854537605705,0.41321535390726566,0.4038356606131121,4385.667432154742,0.8026905829596412,0.9177877428998505
500,native_mw,lt215,0,39,1.466560194139356,1.1715011899921282,-0.1688771972199166,1.4427170072475586,106.17284230237523,0.4358974358974359,0.717948717948718
500,native_mw,lt215,1,36,1.2693092400699242,1.026475766987149,0.14366632813971056,1.2557594900161524,94.3993671778704,0.3055555555555556,0.5555555555555556
500,native_mw,lt215,2,70,1.3558605825331511,1.168406246368809,0.15383673347803123,1.3437994893224303,164.74475022204064,0.3142857142857143,0.6857142857142857
500,native_mw,lt215,3,43,1.3310113643688,1.1737829695546882,0.27846381396595293,1.3234017919219403,106.06580514623882,0.37209302325581395,0.813953488372093
500,native_mw,lt215,4,49,1.415666674834109,1.2497375271966427,0.05113941129132912,1.3948603545305511,113.82116709697485,0.40816326530612246,0.8979591836734694
500,native_mw,gt215,0,630,0.6953188774784828,0.5801636034310118,0.3274476579416188,0.24694522528885818,4390.826157095322,0.8507936507936508,0.9396825396825397
500,native_mw,gt215,1,633,0.7574458123126109,0.5864840719189559,0.3343971677491283,0.2822795477865567,4409.270140899351,0.7266982622432859,0.8704581358609794
500,native_mw,gt215,2,599,0.7755446349602257,0.5755031113411007,0.31488360212878524,0.3467383230369843,4200.937134878037,0.7863105175292153,0.8664440734557596
500,native_mw,gt215,3,625,0.74666799315519,0.5963060570553553,0.3737871189766004,0.2900093363761965,4337.602881333003,0.768,0.9056
500,native_mw,gt215,4,620,0.7457099641095969,0.5869850476922653,0.30087669476439727,0.325512741255121,4271.846265057767,0.8338709677419355,0.9193548387096774
500,native_mw_interaction,full,0,669,0.7068884796164405,0.5894561921358884,0.40909258332155635,0.23119251955938158,4496.998999397697,0.8355754857997011,0.9118086696562033
500,native_mw_interaction,full,1,669,0.7515772506977597,0.577517232738756,0.4076510800628151,0.3161650515046169,4503.669508077221,0.6935724962630793,0.8176382660687593
500,native_mw_interaction,full,2,669,0.7796178446965243,0.5719108099158835,0.43595692195086583,0.3817808398569588,4365.681885100077,0.757847533632287,0.874439461883408
500,native_mw_interaction,full,3,668,0.7385650161885728,0.5840187839944548,0.45638553979629776,0.33546304988456266,4443.668686479243,0.7724550898203593,0.8982035928143712
500,native_mw_interaction,full,4,669,0.7659153852631962,0.5910365396003996,0.402931287115918,0.37897545968570784,4385.667432154742,0.8116591928251121,0.9177877428998505
500,native_mw_interaction,lt215,0,39,0.9917296268323232,0.9414503479788117,-0.13080895611998336,0.28093141655629955,106.17284230237523,0.6923076923076923,0.8205128205128205
500,native_mw_interaction,lt215,1,36,0.8728834119731853,0.713276588390289,0.13658599834787893,0.7102340071673314,94.3993671778704,0.5277777777777778,0.7222222222222222
500,native_mw_interaction,lt215,2,70,0.9660260690582058,0.8805393836046327,0.13212004752123033,0.7863642175949661,164.74475022204064,0.6285714285714286,0.9
500,native_mw_interaction,lt215,3,43,0.7978999032587442,0.7494852350876902,0.27967222758772,0.6363566633707761,106.06580514623882,0.7441860465116279,0.9534883720930233
500,native_mw_interaction,lt215,4,49,1.10850381675444,0.9937740862121572,0.060275094545967745,1.0486538734977602,113.82116709697485,0.5714285714285714,0.9387755102040817
500,native_mw_interaction,gt215,0,630,0.6892554562173621,0.5809447597396691,0.317236796956263,0.2281134449833819,4390.826157095322,0.8444444444444444,0.9174603174603174
500,native_mw_interaction,gt215,1,633,0.744678322094418,0.5746107205831261,0.32664353567494875,0.29375354691716393,4409.270140899351,0.7030015797788309,0.8230647709320695
500,native_mw_interaction,gt215,2,599,0.7578339119664446,0.5598075730305703,0.31072852159374437,0.33450064546353564,4200.937134878037,0.7729549248747913,0.8714524207011686
500,native_mw_interaction,gt215,3,625,0.7344827759581449,0.5799726938289806,0.3684187153260454,0.3147615692767111,4337.602881333003,0.7744,0.8944
500,native_mw_interaction,gt215,4,620,0.7388398479356625,0.5803058028779482,0.28763823388904913,0.3260492624650779,4271.846265057767,0.8306451612903226,0.9161290322580645
500,repr_ridge_stable,full,0,669,0.6181399998515759,0.5282609120261255,0.6028777336059088,0.15608472577862142,4496.998999397697,0.8355754857997011,0.9387144992526159
500,repr_ridge_stable,full,1,669,0.6636605230701392,0.5174558444384025,0.6116230162636123,0.25031001205551345,4503.669508077221,0.7563527653213752,0.8355754857997011
500,repr_ridge_stable,full,2,669,0.6947379353179873,0.5350005727307675,0.6402582942597682,0.26102344097679053,4365.681885100077,0.7458893871449925,0.8490284005979073
500,repr_ridge_stable,full,3,668,0.6784795437326543,0.5537973062407804,0.5981693558407312,0.2401188572385798,4443.668686479243,0.7709580838323353,0.8832335329341318
500,repr_ridge_stable,full,4,669,0.678014303050829,0.5381870475633378,0.5841641627780836,0.27521882240767476,4385.667432154742,0.8071748878923767,0.8893871449925261
500,repr_ridge_stable,lt215,0,39,0.9765681719010397,0.9609184801578246,-0.07178293335067197,0.4569586871186522,106.17284230237523,0.5128205128205128,0.8205128205128205
500,repr_ridge_stable,lt215,1,36,1.105800657922239,0.8875202560972079,0.08457775769515218,0.979439284561519,94.3993671778704,0.4722222222222222,0.6388888888888888
500,repr_ridge_stable,lt215,2,70,0.9607619853848863,0.9992632985980867,0.16834368968930274,0.11840853033674067,164.74475022204064,0.5428571428571428,0.7428571428571429
500,repr_ridge_stable,lt215,3,43,0.8951029794300249,0.8690752294156414,0.19523432576674485,0.3413986520749346,106.06580514623882,0.6046511627906976,0.7441860465116279
500,repr_ridge_stable,lt215,4,49,0.9613189714979007,0.8613525485114594,-0.011789624758779467,0.8721319758979157,113.82116709697485,0.5714285714285714,0.7551020408163265
500,repr_ridge_stable,gt215,0,630,0.5959515892008947,0.5177989893471906,0.5426521282318119,0.13745919483852426,4390.826157095322,0.8555555555555555,0.946031746031746
500,repr_ridge_stable,gt215,1,633,0.6385151125572235,0.5095330261126201,0.577874429320832,0.20884294442484017,4409.270140899351,0.7725118483412322,0.8467614533965245
500,repr_ridge_stable,gt215,2,599,0.6636499828894683,0.5167939573126494,0.5494111728618797,0.277689624190152,4200.937134878037,0.7696160267111853,0.8614357262103506
500,repr_ridge_stable,gt215,3,625,0.6635758513566752,0.54608793134381,0.535961609895286,0.23315080735383864,4337.602881333003,0.7824,0.8928
500,repr_ridge_stable,gt215,4,620,0.6556240953832378,0.5295764674532185,0.5172934144618344,0.2280434280189299,4271.846265057767,0.8258064516129032,0.9
